STARTFONT 2.1
COMMENT "$ucs-fonts: 10x20.bdf,v 1.91 2009-04-06 19:10:19+01 mgk25 Rel $"
COMMENT "Send bug reports to Markus Kuhn <http://www.cl.cam.ac.uk/~mgk25/>"
FONT -Misc-Fixed-Medium-R-Normal--20-200-75-75-C-100-ISO10646-1
SIZE 20 75 75
FONTBOUNDINGBOX 10 20 0 -4
STARTPROPERTIES 22
FONTNAME_REGISTRY ""
FOUNDRY "Misc"
FAMILY_NAME "Fixed"
WEIGHT_NAME "Medium"
SLANT "R"
SETWIDTH_NAME "Normal"
ADD_STYLE_NAME ""
PIXEL_SIZE 20
POINT_SIZE 200
RESOLUTION_X 75
RESOLUTION_Y 75
SPACING "C"
AVERAGE_WIDTH 100
CHARSET_REGISTRY "ISO10646"
CHARSET_ENCODING "1"
DEFAULT_CHAR 0
FONT_DESCENT 4
FONT_ASCENT 16
X_HEIGHT 8
CAP_HEIGHT 13
COPYRIGHT "Public domain font.  Share and enjoy."
_GBDFED_INFO "Edited with gbdfed 1.3."
ENDPROPERTIES
CHARS 986
STARTCHAR char0
ENCODING 0
SWIDTH 480 0
DWIDTH 10 0
BBX 10 20 0 -4
BITMAP
0000
0000
0000
7380
4080
4080
0000
0000
4080
4080
4080
0000
0000
4080
4080
7380
0000
0000
0000
0000
ENDCHAR
STARTCHAR space
ENCODING 32
SWIDTH 480 0
DWIDTH 10 0
BBX 10 20 0 -4
BITMAP
0000
0000
0000
0000
0000
0000
0000
0000
0000
0000
0000
0000
0000
0000
0000
0000
0000
0000
0000
0000
ENDCHAR
STARTCHAR exclam
ENCODING 33
SWIDTH 480 0
DWIDTH 10 0
BBX 10 20 0 -4
BITMAP
0000
0000
0000
0C00
0C00
0C00
0C00
0C00
0C00
0C00
0C00
0C00
0C00
0000
0C00
0C00
0000
0000
0000
0000
ENDCHAR
STARTCHAR quotedbl
ENCODING 34
SWIDTH 480 0
DWIDTH 10 0
BBX 10 20 0 -4
BITMAP
0000
0000
0000
3300
3300
3300
1200
0000
0000
0000
0000
0000
0000
0000
0000
0000
0000
0000
0000
0000
ENDCHAR
STARTCHAR numbersign
ENCODING 35
SWIDTH 480 0
DWIDTH 10 0
BBX 10 20 0 -4
BITMAP
0000
0000
0000
0000
0D80
0D80
0D80
3FC0
1B00
1B00
1B00
7F80
3600
3600
3600
0000
0000
0000
0000
0000
ENDCHAR
STARTCHAR dollar
ENCODING 36
SWIDTH 480 0
DWIDTH 10 0
BBX 10 20 0 -4
BITMAP
0000
0000
0000
0C00
3F00
6D80
6C00
6C00
6C00
3F00
0D80
0D80
0D80
6D80
3F00
0C00
0000
0000
0000
0000
ENDCHAR
STARTCHAR percent
ENCODING 37
SWIDTH 480 0
DWIDTH 10 0
BBX 10 20 0 -4
BITMAP
0000
0000
0000
0000
3980
6D80
6F00
3B00
0600
0600
0C00
0C00
1B80
1EC0
36C0
3380
0000
0000
0000
0000
ENDCHAR
STARTCHAR ampersand
ENCODING 38
SWIDTH 480 0
DWIDTH 10 0
BBX 10 20 0 -4
BITMAP
0000
0000
0000
1C00
3600
3600
3600
3C00
1800
3800
6C00
66C0
6380
6300
7780
3CC0
0000
0000
0000
0000
ENDCHAR
STARTCHAR quotesingle
ENCODING 39
SWIDTH 480 0
DWIDTH 10 0
BBX 10 20 0 -4
BITMAP
0000
0000
0000
0C00
0C00
0C00
0C00
0800
0000
0000
0000
0000
0000
0000
0000
0000
0000
0000
0000
0000
ENDCHAR
STARTCHAR parenleft
ENCODING 40
SWIDTH 480 0
DWIDTH 10 0
BBX 10 20 0 -4
BITMAP
0000
0000
0000
0300
0600
0C00
0C00
1800
1800
1800
1800
1800
0C00
0C00
0600
0300
0000
0000
0000
0000
ENDCHAR
STARTCHAR parenright
ENCODING 41
SWIDTH 480 0
DWIDTH 10 0
BBX 10 20 0 -4
BITMAP
0000
0000
0000
3000
1800
0C00
0C00
0600
0600
0600
0600
0600
0C00
0C00
1800
3000
0000
0000
0000
0000
ENDCHAR
STARTCHAR asterisk
ENCODING 42
SWIDTH 480 0
DWIDTH 10 0
BBX 10 20 0 -4
BITMAP
0000
0000
0000
0000
0000
0000
3300
3300
1E00
7F80
1E00
3300
3300
0000
0000
0000
0000
0000
0000
0000
ENDCHAR
STARTCHAR plus
ENCODING 43
SWIDTH 480 0
DWIDTH 10 0
BBX 10 20 0 -4
BITMAP
0000
0000
0000
0000
0000
0000
0C00
0C00
0C00
7F80
0C00
0C00
0C00
0000
0000
0000
0000
0000
0000
0000
ENDCHAR
STARTCHAR comma
ENCODING 44
SWIDTH 480 0
DWIDTH 10 0
BBX 10 20 0 -4
BITMAP
0000
0000
0000
0000
0000
0000
0000
0000
0000
0000
0000
0000
0000
0000
0E00
0E00
1C00
0000
0000
0000
ENDCHAR
STARTCHAR hyphen
ENCODING 45
SWIDTH 480 0
DWIDTH 10 0
BBX 10 20 0 -4
BITMAP
0000
0000
0000
0000
0000
0000
0000
0000
0000
7F80
0000
0000
0000
0000
0000
0000
0000
0000
0000
0000
ENDCHAR
STARTCHAR period
ENCODING 46
SWIDTH 480 0
DWIDTH 10 0
BBX 10 20 0 -4
BITMAP
0000
0000
0000
0000
0000
0000
0000
0000
0000
0000
0000
0000
0000
0E00
0E00
0E00
0000
0000
0000
0000
ENDCHAR
STARTCHAR slash
ENCODING 47
SWIDTH 480 0
DWIDTH 10 0
BBX 10 20 0 -4
BITMAP
0000
0000
0000
0000
0180
0180
0300
0300
0600
0600
0C00
0C00
1800
1800
3000
3000
0000
0000
0000
0000
ENDCHAR
STARTCHAR zero
ENCODING 48
SWIDTH 480 0
DWIDTH 10 0
BBX 10 20 0 -4
BITMAP
0000
0000
0000
0C00
1E00
3300
3300
6180
6180
6180
6180
6180
3300
3300
1E00
0C00
0000
0000
0000
0000
ENDCHAR
STARTCHAR one
ENCODING 49
SWIDTH 480 0
DWIDTH 10 0
BBX 10 20 0 -4
BITMAP
0000
0000
0000
0C00
1C00
3C00
6C00
0C00
0C00
0C00
0C00
0C00
0C00
0C00
0C00
7F80
0000
0000
0000
0000
ENDCHAR
STARTCHAR two
ENCODING 50
SWIDTH 480 0
DWIDTH 10 0
BBX 10 20 0 -4
BITMAP
0000
0000
0000
1E00
3300
6180
6180
0180
0180
0300
0E00
1800
3000
6000
6000
7F80
0000
0000
0000
0000
ENDCHAR
STARTCHAR three
ENCODING 51
SWIDTH 480 0
DWIDTH 10 0
BBX 10 20 0 -4
BITMAP
0000
0000
0000
1E00
3300
6180
6180
0180
0300
0E00
0300
0180
6180
6180
3300
1E00
0000
0000
0000
0000
ENDCHAR
STARTCHAR four
ENCODING 52
SWIDTH 480 0
DWIDTH 10 0
BBX 10 20 0 -4
BITMAP
0000
0000
0000
0100
0300
0700
0F00
1B00
3300
6300
6300
7F80
0300
0300
0300
0300
0000
0000
0000
0000
ENDCHAR
STARTCHAR five
ENCODING 53
SWIDTH 480 0
DWIDTH 10 0
BBX 10 20 0 -4
BITMAP
0000
0000
0000
7F80
6000
6000
6000
6000
6E00
7300
0180
0180
0180
6180
3300
1E00
0000
0000
0000
0000
ENDCHAR
STARTCHAR six
ENCODING 54
SWIDTH 480 0
DWIDTH 10 0
BBX 10 20 0 -4
BITMAP
0000
0000
0000
1E00
3300
6100
6000
6000
6E00
7300
6180
6180
6180
6180
3300
1E00
0000
0000
0000
0000
ENDCHAR
STARTCHAR seven
ENCODING 55
SWIDTH 480 0
DWIDTH 10 0
BBX 10 20 0 -4
BITMAP
0000
0000
0000
7F80
0180
0180
0300
0300
0600
0600
0C00
0C00
1800
1800
3000
3000
0000
0000
0000
0000
ENDCHAR
STARTCHAR eight
ENCODING 56
SWIDTH 480 0
DWIDTH 10 0
BBX 10 20 0 -4
BITMAP
0000
0000
0000
1E00
3300
6180
6180
6180
3300
1E00
3300
6180
6180
6180
3300
1E00
0000
0000
0000
0000
ENDCHAR
STARTCHAR nine
ENCODING 57
SWIDTH 480 0
DWIDTH 10 0
BBX 10 20 0 -4
BITMAP
0000
0000
0000
1E00
3300
6180
6180
6180
6180
3380
1D80
0180
0180
2180
3300
1E00
0000
0000
0000
0000
ENDCHAR
STARTCHAR colon
ENCODING 58
SWIDTH 480 0
DWIDTH 10 0
BBX 10 20 0 -4
BITMAP
0000
0000
0000
0000
0000
0000
0000
0000
0E00
0E00
0000
0000
0000
0000
0E00
0E00
0000
0000
0000
0000
ENDCHAR
STARTCHAR semicolon
ENCODING 59
SWIDTH 480 0
DWIDTH 10 0
BBX 10 20 0 -4
BITMAP
0000
0000
0000
0000
0000
0000
0000
0000
0E00
0E00
0000
0000
0000
0000
0E00
0E00
1C00
0000
0000
0000
ENDCHAR
STARTCHAR less
ENCODING 60
SWIDTH 480 0
DWIDTH 10 0
BBX 10 20 0 -4
BITMAP
0000
0000
0000
0100
0300
0600
0C00
1800
3000
6000
3000
1800
0C00
0600
0300
0100
0000
0000
0000
0000
ENDCHAR
STARTCHAR equal
ENCODING 61
SWIDTH 480 0
DWIDTH 10 0
BBX 10 20 0 -4
BITMAP
0000
0000
0000
0000
0000
0000
0000
7F80
0000
0000
0000
0000
7F80
0000
0000
0000
0000
0000
0000
0000
ENDCHAR
STARTCHAR greater
ENCODING 62
SWIDTH 480 0
DWIDTH 10 0
BBX 10 20 0 -4
BITMAP
0000
0000
0000
2000
3000
1800
0C00
0600
0300
0180
0300
0600
0C00
1800
3000
2000
0000
0000
0000
0000
ENDCHAR
STARTCHAR question
ENCODING 63
SWIDTH 480 0
DWIDTH 10 0
BBX 10 20 0 -4
BITMAP
0000
0000
0000
1E00
3300
6180
6180
6180
0300
0600
0C00
0C00
0C00
0000
0C00
0C00
0000
0000
0000
0000
ENDCHAR
STARTCHAR at
ENCODING 64
SWIDTH 480 0
DWIDTH 10 0
BBX 10 20 0 -4
BITMAP
0000
0000
0000
1E00
3300
6180
6780
6F80
6D80
6D80
6D80
6F00
6600
6000
3180
1F00
0000
0000
0000
0000
ENDCHAR
STARTCHAR A
ENCODING 65
SWIDTH 480 0
DWIDTH 10 0
BBX 10 20 0 -4
BITMAP
0000
0000
0000
0C00
1E00
3300
3300
6180
6180
6180
7F80
6180
6180
6180
6180
6180
0000
0000
0000
0000
ENDCHAR
STARTCHAR B
ENCODING 66
SWIDTH 480 0
DWIDTH 10 0
BBX 10 20 0 -4
BITMAP
0000
0000
0000
7C00
6600
6300
6300
6300
6600
7E00
6300
6180
6180
6180
6300
7E00
0000
0000
0000
0000
ENDCHAR
STARTCHAR C
ENCODING 67
SWIDTH 480 0
DWIDTH 10 0
BBX 10 20 0 -4
BITMAP
0000
0000
0000
1E00
3300
6180
6000
6000
6000
6000
6000
6000
6000
6180
3300
1E00
0000
0000
0000
0000
ENDCHAR
STARTCHAR D
ENCODING 68
SWIDTH 480 0
DWIDTH 10 0
BBX 10 20 0 -4
BITMAP
0000
0000
0000
7E00
6300
6180
6180
6180
6180
6180
6180
6180
6180
6180
6300
7E00
0000
0000
0000
0000
ENDCHAR
STARTCHAR E
ENCODING 69
SWIDTH 480 0
DWIDTH 10 0
BBX 10 20 0 -4
BITMAP
0000
0000
0000
7F80
6000
6000
6000
6000
6000
7E00
6000
6000
6000
6000
6000
7F80
0000
0000
0000
0000
ENDCHAR
STARTCHAR F
ENCODING 70
SWIDTH 480 0
DWIDTH 10 0
BBX 10 20 0 -4
BITMAP
0000
0000
0000
7F80
6000
6000
6000
6000
6000
7E00
6000
6000
6000
6000
6000
6000
0000
0000
0000
0000
ENDCHAR
STARTCHAR G
ENCODING 71
SWIDTH 480 0
DWIDTH 10 0
BBX 10 20 0 -4
BITMAP
0000
0000
0000
1E00
3300
6180
6000
6000
6000
6780
6180
6180
6180
6180
3380
1E80
0000
0000
0000
0000
ENDCHAR
STARTCHAR H
ENCODING 72
SWIDTH 480 0
DWIDTH 10 0
BBX 10 20 0 -4
BITMAP
0000
0000
0000
6180
6180
6180
6180
6180
6180
7F80
6180
6180
6180
6180
6180
6180
0000
0000
0000
0000
ENDCHAR
STARTCHAR I
ENCODING 73
SWIDTH 480 0
DWIDTH 10 0
BBX 10 20 0 -4
BITMAP
0000
0000
0000
7F80
0C00
0C00
0C00
0C00
0C00
0C00
0C00
0C00
0C00
0C00
0C00
7F80
0000
0000
0000
0000
ENDCHAR
STARTCHAR J
ENCODING 74
SWIDTH 480 0
DWIDTH 10 0
BBX 10 20 0 -4
BITMAP
0000
0000
0000
0FC0
0300
0300
0300
0300
0300
0300
0300
0300
6300
6300
3600
1C00
0000
0000
0000
0000
ENDCHAR
STARTCHAR K
ENCODING 75
SWIDTH 480 0
DWIDTH 10 0
BBX 10 20 0 -4
BITMAP
0000
0000
0000
6180
6180
6300
6300
6600
6600
7C00
6600
6600
6300
6300
6180
6180
0000
0000
0000
0000
ENDCHAR
STARTCHAR L
ENCODING 76
SWIDTH 480 0
DWIDTH 10 0
BBX 10 20 0 -4
BITMAP
0000
0000
0000
6000
6000
6000
6000
6000
6000
6000
6000
6000
6000
6000
6000
7F80
0000
0000
0000
0000
ENDCHAR
STARTCHAR M
ENCODING 77
SWIDTH 480 0
DWIDTH 10 0
BBX 10 20 0 -4
BITMAP
0000
0000
0000
6180
6180
7380
7380
7F80
6D80
6D80
6D80
6D80
6180
6180
6180
6180
0000
0000
0000
0000
ENDCHAR
STARTCHAR N
ENCODING 78
SWIDTH 480 0
DWIDTH 10 0
BBX 10 20 0 -4
BITMAP
0000
0000
0000
6180
7180
7180
7980
7980
6D80
6D80
6780
6780
6380
6380
6180
6180
0000
0000
0000
0000
ENDCHAR
STARTCHAR O
ENCODING 79
SWIDTH 480 0
DWIDTH 10 0
BBX 10 20 0 -4
BITMAP
0000
0000
0000
1E00
3300
6180
6180
6180
6180
6180
6180
6180
6180
6180
3300
1E00
0000
0000
0000
0000
ENDCHAR
STARTCHAR P
ENCODING 80
SWIDTH 480 0
DWIDTH 10 0
BBX 10 20 0 -4
BITMAP
0000
0000
0000
7E00
6300
6180
6180
6180
6180
6300
7E00
6000
6000
6000
6000
6000
0000
0000
0000
0000
ENDCHAR
STARTCHAR Q
ENCODING 81
SWIDTH 480 0
DWIDTH 10 0
BBX 10 20 0 -4
BITMAP
0000
0000
0000
1E00
3300
6180
6180
6180
6180
6180
6180
6180
6D80
6780
3300
1F00
0180
0000
0000
0000
ENDCHAR
STARTCHAR R
ENCODING 82
SWIDTH 480 0
DWIDTH 10 0
BBX 10 20 0 -4
BITMAP
0000
0000
0000
7E00
6300
6180
6180
6180
6180
6300
7E00
6600
6300
6300
6180
6180
0000
0000
0000
0000
ENDCHAR
STARTCHAR S
ENCODING 83
SWIDTH 480 0
DWIDTH 10 0
BBX 10 20 0 -4
BITMAP
0000
0000
0000
1E00
3300
6180
6000
6000
3000
1E00
0300
0180
0180
6180
3300
1E00
0000
0000
0000
0000
ENDCHAR
STARTCHAR T
ENCODING 84
SWIDTH 480 0
DWIDTH 10 0
BBX 10 20 0 -4
BITMAP
0000
0000
0000
7F80
0C00
0C00
0C00
0C00
0C00
0C00
0C00
0C00
0C00
0C00
0C00
0C00
0000
0000
0000
0000
ENDCHAR
STARTCHAR U
ENCODING 85
SWIDTH 480 0
DWIDTH 10 0
BBX 10 20 0 -4
BITMAP
0000
0000
0000
6180
6180
6180
6180
6180
6180
6180
6180
6180
6180
6180
3300
1E00
0000
0000
0000
0000
ENDCHAR
STARTCHAR V
ENCODING 86
SWIDTH 480 0
DWIDTH 10 0
BBX 10 20 0 -4
BITMAP
0000
0000
0000
6180
6180
6180
6180
3300
3300
3300
1E00
1E00
1E00
0C00
0C00
0C00
0000
0000
0000
0000
ENDCHAR
STARTCHAR W
ENCODING 87
SWIDTH 480 0
DWIDTH 10 0
BBX 10 20 0 -4
BITMAP
0000
0000
0000
6180
6180
6180
6180
6180
6D80
6D80
6D80
6D80
7380
7380
6180
6180
0000
0000
0000
0000
ENDCHAR
STARTCHAR X
ENCODING 88
SWIDTH 480 0
DWIDTH 10 0
BBX 10 20 0 -4
BITMAP
0000
0000
0000
6180
6180
3300
3300
1E00
1E00
0C00
1E00
1E00
3300
3300
6180
6180
0000
0000
0000
0000
ENDCHAR
STARTCHAR Y
ENCODING 89
SWIDTH 480 0
DWIDTH 10 0
BBX 10 20 0 -4
BITMAP
0000
0000
0000
6180
6180
3300
3300
1E00
1E00
0C00
0C00
0C00
0C00
0C00
0C00
0C00
0000
0000
0000
0000
ENDCHAR
STARTCHAR Z
ENCODING 90
SWIDTH 480 0
DWIDTH 10 0
BBX 10 20 0 -4
BITMAP
0000
0000
0000
7F80
0180
0180
0300
0600
0600
0C00
1800
1800
3000
6000
6000
7F80
0000
0000
0000
0000
ENDCHAR
STARTCHAR bracketleft
ENCODING 91
SWIDTH 480 0
DWIDTH 10 0
BBX 10 20 0 -4
BITMAP
0000
0000
0000
3F00
3000
3000
3000
3000
3000
3000
3000
3000
3000
3000
3000
3F00
0000
0000
0000
0000
ENDCHAR
STARTCHAR backslash
ENCODING 92
SWIDTH 480 0
DWIDTH 10 0
BBX 10 20 0 -4
BITMAP
0000
0000
0000
0000
3000
3000
1800
1800
0C00
0C00
0600
0600
0300
0300
0180
0180
0000
0000
0000
0000
ENDCHAR
STARTCHAR bracketright
ENCODING 93
SWIDTH 480 0
DWIDTH 10 0
BBX 10 20 0 -4
BITMAP
0000
0000
0000
3F00
0300
0300
0300
0300
0300
0300
0300
0300
0300
0300
0300
3F00
0000
0000
0000
0000
ENDCHAR
STARTCHAR asciicircum
ENCODING 94
SWIDTH 480 0
DWIDTH 10 0
BBX 10 20 0 -4
BITMAP
0000
0000
0000
0C00
1E00
3300
6180
0000
0000
0000
0000
0000
0000
0000
0000
0000
0000
0000
0000
0000
ENDCHAR
STARTCHAR underscore
ENCODING 95
SWIDTH 480 0
DWIDTH 10 0
BBX 10 20 0 -4
BITMAP
0000
0000
0000
0000
0000
0000
0000
0000
0000
0000
0000
0000
0000
0000
0000
0000
7FC0
0000
0000
0000
ENDCHAR
STARTCHAR grave
ENCODING 96
SWIDTH 480 0
DWIDTH 10 0
BBX 10 20 0 -4
BITMAP
0000
0000
0000
1800
0C00
0600
0000
0000
0000
0000
0000
0000
0000
0000
0000
0000
0000
0000
0000
0000
ENDCHAR
STARTCHAR a
ENCODING 97
SWIDTH 480 0
DWIDTH 10 0
BBX 10 20 0 -4
BITMAP
0000
0000
0000
0000
0000
0000
0000
0000
1F00
3180
0180
3F80
6180
6180
6180
3E80
0000
0000
0000
0000
ENDCHAR
STARTCHAR b
ENCODING 98
SWIDTH 480 0
DWIDTH 10 0
BBX 10 20 0 -4
BITMAP
0000
0000
0000
6000
6000
6000
6000
6000
6E00
7300
6180
6180
6180
6180
7300
6E00
0000
0000
0000
0000
ENDCHAR
STARTCHAR c
ENCODING 99
SWIDTH 480 0
DWIDTH 10 0
BBX 10 20 0 -4
BITMAP
0000
0000
0000
0000
0000
0000
0000
0000
1F00
3180
6000
6000
6000
6000
3180
1F00
0000
0000
0000
0000
ENDCHAR
STARTCHAR d
ENCODING 100
SWIDTH 480 0
DWIDTH 10 0
BBX 10 20 0 -4
BITMAP
0000
0000
0000
0180
0180
0180
0180
0180
1D80
3380
6180
6180
6180
6180
3380
1D80
0000
0000
0000
0000
ENDCHAR
STARTCHAR e
ENCODING 101
SWIDTH 480 0
DWIDTH 10 0
BBX 10 20 0 -4
BITMAP
0000
0000
0000
0000
0000
0000
0000
0000
1E00
3300
6180
7F80
6000
6000
3180
1F00
0000
0000
0000
0000
ENDCHAR
STARTCHAR f
ENCODING 102
SWIDTH 480 0
DWIDTH 10 0
BBX 10 20 0 -4
BITMAP
0000
0000
0000
0F00
1980
1980
1800
1800
7E00
1800
1800
1800
1800
1800
1800
1800
0000
0000
0000
0000
ENDCHAR
STARTCHAR g
ENCODING 103
SWIDTH 480 0
DWIDTH 10 0
BBX 10 20 0 -4
BITMAP
0000
0000
0000
0000
0000
0000
0000
0000
3E80
6380
6300
6300
6300
3E00
6000
3F00
6180
6180
6180
3F00
ENDCHAR
STARTCHAR h
ENCODING 104
SWIDTH 480 0
DWIDTH 10 0
BBX 10 20 0 -4
BITMAP
0000
0000
0000
6000
6000
6000
6000
6000
6E00
7300
6180
6180
6180
6180
6180
6180
0000
0000
0000
0000
ENDCHAR
STARTCHAR i
ENCODING 105
SWIDTH 480 0
DWIDTH 10 0
BBX 10 20 0 -4
BITMAP
0000
0000
0000
0000
0000
0C00
0C00
0000
3C00
0C00
0C00
0C00
0C00
0C00
0C00
7F80
0000
0000
0000
0000
ENDCHAR
STARTCHAR j
ENCODING 106
SWIDTH 480 0
DWIDTH 10 0
BBX 10 20 0 -4
BITMAP
0000
0000
0000
0000
0000
0180
0180
0000
0780
0180
0180
0180
0180
0180
0180
0180
3180
3180
3180
1F00
ENDCHAR
STARTCHAR k
ENCODING 107
SWIDTH 480 0
DWIDTH 10 0
BBX 10 20 0 -4
BITMAP
0000
0000
0000
6000
6000
6000
6000
6000
6300
6600
6C00
7800
7C00
6600
6300
6180
0000
0000
0000
0000
ENDCHAR
STARTCHAR l
ENCODING 108
SWIDTH 480 0
DWIDTH 10 0
BBX 10 20 0 -4
BITMAP
0000
0000
0000
3C00
0C00
0C00
0C00
0C00
0C00
0C00
0C00
0C00
0C00
0C00
0C00
7F80
0000
0000
0000
0000
ENDCHAR
STARTCHAR m
ENCODING 109
SWIDTH 480 0
DWIDTH 10 0
BBX 10 20 0 -4
BITMAP
0000
0000
0000
0000
0000
0000
0000
0000
5B00
7F80
6D80
6D80
6D80
6D80
6D80
6D80
0000
0000
0000
0000
ENDCHAR
STARTCHAR n
ENCODING 110
SWIDTH 480 0
DWIDTH 10 0
BBX 10 20 0 -4
BITMAP
0000
0000
0000
0000
0000
0000
0000
0000
6E00
7300
6180
6180
6180
6180
6180
6180
0000
0000
0000
0000
ENDCHAR
STARTCHAR o
ENCODING 111
SWIDTH 480 0
DWIDTH 10 0
BBX 10 20 0 -4
BITMAP
0000
0000
0000
0000
0000
0000
0000
0000
1E00
3300
6180
6180
6180
6180
3300
1E00
0000
0000
0000
0000
ENDCHAR
STARTCHAR p
ENCODING 112
SWIDTH 480 0
DWIDTH 10 0
BBX 10 20 0 -4
BITMAP
0000
0000
0000
0000
0000
0000
0000
0000
6E00
7300
6180
6180
6180
6180
7300
6E00
6000
6000
6000
6000
ENDCHAR
STARTCHAR q
ENCODING 113
SWIDTH 480 0
DWIDTH 10 0
BBX 10 20 0 -4
BITMAP
0000
0000
0000
0000
0000
0000
0000
0000
1D80
3380
6180
6180
6180
6180
3380
1D80
0180
0180
0180
0180
ENDCHAR
STARTCHAR r
ENCODING 114
SWIDTH 480 0
DWIDTH 10 0
BBX 10 20 0 -4
BITMAP
0000
0000
0000
0000
0000
0000
0000
0000
6F00
3980
3000
3000
3000
3000
3000
3000
0000
0000
0000
0000
ENDCHAR
STARTCHAR s
ENCODING 115
SWIDTH 480 0
DWIDTH 10 0
BBX 10 20 0 -4
BITMAP
0000
0000
0000
0000
0000
0000
0000
0000
3F00
6180
6000
3F00
0180
0180
6180
3F00
0000
0000
0000
0000
ENDCHAR
STARTCHAR t
ENCODING 116
SWIDTH 480 0
DWIDTH 10 0
BBX 10 20 0 -4
BITMAP
0000
0000
0000
0000
0000
1800
1800
1800
7E00
1800
1800
1800
1800
1800
1980
0F00
0000
0000
0000
0000
ENDCHAR
STARTCHAR u
ENCODING 117
SWIDTH 480 0
DWIDTH 10 0
BBX 10 20 0 -4
BITMAP
0000
0000
0000
0000
0000
0000
0000
0000
6180
6180
6180
6180
6180
6180
3380
1D80
0000
0000
0000
0000
ENDCHAR
STARTCHAR v
ENCODING 118
SWIDTH 480 0
DWIDTH 10 0
BBX 10 20 0 -4
BITMAP
0000
0000
0000
0000
0000
0000
0000
0000
6180
6180
3300
3300
1E00
1E00
0C00
0C00
0000
0000
0000
0000
ENDCHAR
STARTCHAR w
ENCODING 119
SWIDTH 480 0
DWIDTH 10 0
BBX 10 20 0 -4
BITMAP
0000
0000
0000
0000
0000
0000
0000
0000
6180
6180
6180
6D80
6D80
6D80
7F80
3300
0000
0000
0000
0000
ENDCHAR
STARTCHAR x
ENCODING 120
SWIDTH 480 0
DWIDTH 10 0
BBX 10 20 0 -4
BITMAP
0000
0000
0000
0000
0000
0000
0000
0000
6180
3300
1E00
0C00
0C00
1E00
3300
6180
0000
0000
0000
0000
ENDCHAR
STARTCHAR y
ENCODING 121
SWIDTH 480 0
DWIDTH 10 0
BBX 10 20 0 -4
BITMAP
0000
0000
0000
0000
0000
0000
0000
0000
6180
6180
6180
6180
6180
6180
3380
1D80
0180
6180
3300
1E00
ENDCHAR
STARTCHAR z
ENCODING 122
SWIDTH 480 0
DWIDTH 10 0
BBX 10 20 0 -4
BITMAP
0000
0000
0000
0000
0000
0000
0000
0000
3F80
0180
0300
0600
0C00
1800
3000
3F80
0000
0000
0000
0000
ENDCHAR
STARTCHAR braceleft
ENCODING 123
SWIDTH 480 0
DWIDTH 10 0
BBX 10 20 0 -4
BITMAP
0000
0000
0000
0780
0C00
0C00
0C00
0C00
0C00
7800
0C00
0C00
0C00
0C00
0C00
0780
0000
0000
0000
0000
ENDCHAR
STARTCHAR bar
ENCODING 124
SWIDTH 480 0
DWIDTH 10 0
BBX 10 20 0 -4
BITMAP
0000
0000
0000
0C00
0C00
0C00
0C00
0C00
0C00
0C00
0C00
0C00
0C00
0C00
0C00
0C00
0000
0000
0000
0000
ENDCHAR
STARTCHAR braceright
ENCODING 125
SWIDTH 480 0
DWIDTH 10 0
BBX 10 20 0 -4
BITMAP
0000
0000
0000
7800
0C00
0C00
0C00
0C00
0C00
0780
0C00
0C00
0C00
0C00
0C00
7800
0000
0000
0000
0000
ENDCHAR
STARTCHAR asciitilde
ENCODING 126
SWIDTH 480 0
DWIDTH 10 0
BBX 10 20 0 -4
BITMAP
0000
0000
0000
3980
6D80
6700
0000
0000
0000
0000
0000
0000
0000
0000
0000
0000
0000
0000
0000
0000
ENDCHAR
STARTCHAR space
ENCODING 160
SWIDTH 480 0
DWIDTH 10 0
BBX 10 20 0 -4
BITMAP
0000
0000
0000
0000
0000
0000
0000
0000
0000
0000
0000
0000
0000
0000
0000
0000
0000
0000
0000
0000
ENDCHAR
STARTCHAR exclamdown
ENCODING 161
SWIDTH 480 0
DWIDTH 10 0
BBX 10 20 0 -4
BITMAP
0000
0000
0000
0C00
0C00
0000
0C00
0C00
0C00
0C00
0C00
0C00
0C00
0C00
0C00
0C00
0000
0000
0000
0000
ENDCHAR
STARTCHAR cent
ENCODING 162
SWIDTH 480 0
DWIDTH 10 0
BBX 10 20 0 -4
BITMAP
0000
0000
0000
0000
0C00
0C00
1E00
3300
6100
6000
6000
6100
3300
1E00
0C00
0C00
0000
0000
0000
0000
ENDCHAR
STARTCHAR sterling
ENCODING 163
SWIDTH 480 0
DWIDTH 10 0
BBX 10 20 0 -4
BITMAP
0000
0000
0000
0000
0F00
1980
1980
1800
1800
7E00
1800
1800
1800
7C00
56C0
7380
0000
0000
0000
0000
ENDCHAR
STARTCHAR currency
ENCODING 164
SWIDTH 480 0
DWIDTH 10 0
BBX 10 20 0 -4
BITMAP
0000
0000
0000
0000
0000
0000
8080
DD80
7F00
6300
6300
6300
7F00
DD80
8080
0000
0000
0000
0000
0000
ENDCHAR
STARTCHAR yen
ENCODING 165
SWIDTH 480 0
DWIDTH 10 0
BBX 10 20 0 -4
BITMAP
0000
0000
0000
0000
0000
4080
6180
3300
1E00
3F00
0C00
3F00
0C00
0C00
0C00
0C00
0000
0000
0000
0000
ENDCHAR
STARTCHAR brokenbar
ENCODING 166
SWIDTH 480 0
DWIDTH 10 0
BBX 10 20 0 -4
BITMAP
0000
0000
0000
0C00
0C00
0C00
0C00
0C00
0000
0000
0000
0C00
0C00
0C00
0C00
0C00
0000
0000
0000
0000
ENDCHAR
STARTCHAR section
ENCODING 167
SWIDTH 480 0
DWIDTH 10 0
BBX 10 20 0 -4
BITMAP
0000
0000
0000
1E00
3300
6300
3000
3C00
6600
3300
1980
0F00
0300
3180
3300
1E00
0000
0000
0000
0000
ENDCHAR
STARTCHAR dieresis
ENCODING 168
SWIDTH 480 0
DWIDTH 10 0
BBX 10 20 0 -4
BITMAP
0000
0000
0000
3300
3300
0000
0000
0000
0000
0000
0000
0000
0000
0000
0000
0000
0000
0000
0000
0000
ENDCHAR
STARTCHAR copyright
ENCODING 169
SWIDTH 480 0
DWIDTH 10 0
BBX 10 20 0 -4
BITMAP
0000
0000
0000
0000
0000
1E00
3300
6180
5E80
5280
5080
5280
5E80
6180
3300
1E00
0000
0000
0000
0000
ENDCHAR
STARTCHAR ordfeminine
ENCODING 170
SWIDTH 480 0
DWIDTH 10 0
BBX 10 20 0 -4
BITMAP
0000
0000
0000
1F00
2180
0180
3F80
6180
6180
3E80
0000
7F80
0000
0000
0000
0000
0000
0000
0000
0000
ENDCHAR
STARTCHAR guillemotleft
ENCODING 171
SWIDTH 480 0
DWIDTH 10 0
BBX 10 20 0 -4
BITMAP
0000
0000
0000
0000
0000
0480
0D80
1B00
3600
6C00
D800
6C00
3600
1B00
0D80
0480
0000
0000
0000
0000
ENDCHAR
STARTCHAR logicalnot
ENCODING 172
SWIDTH 480 0
DWIDTH 10 0
BBX 10 20 0 -4
BITMAP
0000
0000
0000
0000
0000
0000
0000
0000
7F80
7F80
0180
0180
0000
0000
0000
0000
0000
0000
0000
0000
ENDCHAR
STARTCHAR hyphen
ENCODING 173
SWIDTH 480 0
DWIDTH 10 0
BBX 10 20 0 -4
BITMAP
0000
0000
0000
0000
0000
0000
0000
0000
0000
3F00
0000
0000
0000
0000
0000
0000
0000
0000
0000
0000
ENDCHAR
STARTCHAR registered
ENCODING 174
SWIDTH 480 0
DWIDTH 10 0
BBX 10 20 0 -4
BITMAP
0000
0000
0000
0000
0000
1E00
3300
6180
5E80
5280
5E80
5480
5680
6180
3300
1E00
0000
0000
0000
0000
ENDCHAR
STARTCHAR macron
ENCODING 175
SWIDTH 480 0
DWIDTH 10 0
BBX 10 20 0 -4
BITMAP
0000
0000
7F80
0000
0000
0000
0000
0000
0000
0000
0000
0000
0000
0000
0000
0000
0000
0000
0000
0000
ENDCHAR
STARTCHAR degree
ENCODING 176
SWIDTH 480 0
DWIDTH 10 0
BBX 10 20 0 -4
BITMAP
0000
0000
0000
0C00
1E00
3300
3300
1E00
0C00
0000
0000
0000
0000
0000
0000
0000
0000
0000
0000
0000
ENDCHAR
STARTCHAR plusminus
ENCODING 177
SWIDTH 480 0
DWIDTH 10 0
BBX 10 20 0 -4
BITMAP
0000
0000
0000
0000
0000
0000
0000
0C00
0C00
7F80
0C00
0C00
0000
7F80
0000
0000
0000
0000
0000
0000
ENDCHAR
STARTCHAR twosuperior
ENCODING 178
SWIDTH 480 0
DWIDTH 10 0
BBX 10 20 0 -4
BITMAP
0000
0000
0000
1C00
3600
0600
0C00
1800
3000
3E00
0000
0000
0000
0000
0000
0000
0000
0000
0000
0000
ENDCHAR
STARTCHAR threesuperior
ENCODING 179
SWIDTH 480 0
DWIDTH 10 0
BBX 10 20 0 -4
BITMAP
0000
0000
0000
1C00
3600
0600
0C00
0600
3600
1C00
0000
0000
0000
0000
0000
0000
0000
0000
0000
0000
ENDCHAR
STARTCHAR acute
ENCODING 180
SWIDTH 480 0
DWIDTH 10 0
BBX 10 20 0 -4
BITMAP
0000
0000
0000
0600
0C00
1800
0000
0000
0000
0000
0000
0000
0000
0000
0000
0000
0000
0000
0000
0000
ENDCHAR
STARTCHAR mu
ENCODING 181
SWIDTH 480 0
DWIDTH 10 0
BBX 10 20 0 -4
BITMAP
0000
0000
0000
0000
0000
0000
0000
0000
0000
6300
6300
6300
6300
6300
7700
7D00
6000
6000
6000
0000
ENDCHAR
STARTCHAR paragraph
ENCODING 182
SWIDTH 480 0
DWIDTH 10 0
BBX 10 20 0 -4
BITMAP
0000
0000
0000
3F80
7F80
7D80
7D80
7D80
3D80
0D80
0D80
0D80
0D80
0D80
0D80
0D80
0000
0000
0000
0000
ENDCHAR
STARTCHAR periodcentered
ENCODING 183
SWIDTH 480 0
DWIDTH 10 0
BBX 10 20 0 -4
BITMAP
0000
0000
0000
0000
0000
0000
0000
0000
0E00
0E00
0E00
0000
0000
0000
0000
0000
0000
0000
0000
0000
ENDCHAR
STARTCHAR cedilla
ENCODING 184
SWIDTH 480 0
DWIDTH 10 0
BBX 10 20 0 -4
BITMAP
0000
0000
0000
0000
0000
0000
0000
0000
0000
0000
0000
0000
0000
0000
0000
0000
0C00
0600
3600
1C00
ENDCHAR
STARTCHAR onesuperior
ENCODING 185
SWIDTH 480 0
DWIDTH 10 0
BBX 10 20 0 -4
BITMAP
0000
0000
0000
1800
3800
1800
1800
1800
1800
3C00
0000
0000
0000
0000
0000
0000
0000
0000
0000
0000
ENDCHAR
STARTCHAR ordmasculine
ENCODING 186
SWIDTH 480 0
DWIDTH 10 0
BBX 10 20 0 -4
BITMAP
0000
0000
0000
1C00
3600
6300
6300
6300
3600
1C00
0000
7F00
0000
0000
0000
0000
0000
0000
0000
0000
ENDCHAR
STARTCHAR guillemotright
ENCODING 187
SWIDTH 480 0
DWIDTH 10 0
BBX 10 20 0 -4
BITMAP
0000
0000
0000
0000
0000
4800
6C00
3600
1B00
0D80
06C0
0D80
1B00
3600
6C00
4800
0000
0000
0000
0000
ENDCHAR
STARTCHAR onequarter
ENCODING 188
SWIDTH 480 0
DWIDTH 10 0
BBX 10 20 0 -4
BITMAP
0000
0000
0000
2000
6000
2080
2100
7200
0400
0900
1300
2500
4F00
0100
0100
0000
0000
0000
0000
0000
ENDCHAR
STARTCHAR onehalf
ENCODING 189
SWIDTH 480 0
DWIDTH 10 0
BBX 10 20 0 -4
BITMAP
0000
0000
0000
2000
6000
2080
2100
7200
0400
0B00
1480
2080
4100
0200
0780
0000
0000
0000
0000
0000
ENDCHAR
STARTCHAR threequarters
ENCODING 190
SWIDTH 480 0
DWIDTH 10 0
BBX 10 20 0 -4
BITMAP
0000
0000
0000
7000
0800
3080
0900
7200
0400
0900
1300
2500
4F80
0100
0100
0000
0000
0000
0000
0000
ENDCHAR
STARTCHAR questiondown
ENCODING 191
SWIDTH 480 0
DWIDTH 10 0
BBX 10 20 0 -4
BITMAP
0000
0000
0000
0C00
0C00
0000
0C00
0C00
0C00
1800
3000
6180
6180
6180
3300
1E00
0000
0000
0000
0000
ENDCHAR
STARTCHAR Agrave
ENCODING 192
SWIDTH 480 0
DWIDTH 10 0
BBX 10 20 0 -4
BITMAP
0000
3000
1800
0C00
0000
0C00
1E00
3300
6180
6180
6180
7F80
6180
6180
6180
6180
0000
0000
0000
0000
ENDCHAR
STARTCHAR Aacute
ENCODING 193
SWIDTH 480 0
DWIDTH 10 0
BBX 10 20 0 -4
BITMAP
0000
0300
0600
0C00
0000
0C00
1E00
3300
6180
6180
6180
7F80
6180
6180
6180
6180
0000
0000
0000
0000
ENDCHAR
STARTCHAR Acircumflex
ENCODING 194
SWIDTH 480 0
DWIDTH 10 0
BBX 10 20 0 -4
BITMAP
0000
0C00
1E00
3300
0000
0C00
1E00
3300
6180
6180
6180
7F80
6180
6180
6180
6180
0000
0000
0000
0000
ENDCHAR
STARTCHAR Atilde
ENCODING 195
SWIDTH 480 0
DWIDTH 10 0
BBX 10 20 0 -4
BITMAP
0000
1900
3F00
2600
0000
0C00
1E00
3300
6180
6180
6180
7F80
6180
6180
6180
6180
0000
0000
0000
0000
ENDCHAR
STARTCHAR Adieresis
ENCODING 196
SWIDTH 480 0
DWIDTH 10 0
BBX 10 20 0 -4
BITMAP
0000
3300
3300
0000
0C00
1E00
3300
3300
6180
6180
6180
7F80
6180
6180
6180
6180
0000
0000
0000
0000
ENDCHAR
STARTCHAR Aring
ENCODING 197
SWIDTH 480 0
DWIDTH 10 0
BBX 10 20 0 -4
BITMAP
1E00
3300
3300
1E00
0000
0C00
1E00
3300
6180
6180
6180
7F80
6180
6180
6180
6180
0000
0000
0000
0000
ENDCHAR
STARTCHAR AE
ENCODING 198
SWIDTH 480 0
DWIDTH 10 0
BBX 10 20 0 -4
BITMAP
0000
0000
0000
0F80
1E00
3600
3600
6600
6600
7F80
6600
6600
6600
6600
6600
6780
0000
0000
0000
0000
ENDCHAR
STARTCHAR Ccedilla
ENCODING 199
SWIDTH 480 0
DWIDTH 10 0
BBX 10 20 0 -4
BITMAP
0000
0000
0000
1E00
3300
6180
6000
6000
6000
6000
6000
6000
6000
6180
3300
1E00
0C00
0600
3600
1C00
ENDCHAR
STARTCHAR Egrave
ENCODING 200
SWIDTH 480 0
DWIDTH 10 0
BBX 10 20 0 -4
BITMAP
0000
3000
1800
0C00
0000
7F80
6000
6000
6000
6000
7E00
6000
6000
6000
6000
7F80
0000
0000
0000
0000
ENDCHAR
STARTCHAR Eacute
ENCODING 201
SWIDTH 480 0
DWIDTH 10 0
BBX 10 20 0 -4
BITMAP
0000
0600
0C00
1800
0000
7F80
6000
6000
6000
6000
7E00
6000
6000
6000
6000
7F80
0000
0000
0000
0000
ENDCHAR
STARTCHAR Ecircumflex
ENCODING 202
SWIDTH 480 0
DWIDTH 10 0
BBX 10 20 0 -4
BITMAP
0000
0C00
1E00
3300
0000
7F80
6000
6000
6000
6000
7E00
6000
6000
6000
6000
7F80
0000
0000
0000
0000
ENDCHAR
STARTCHAR Edieresis
ENCODING 203
SWIDTH 480 0
DWIDTH 10 0
BBX 10 20 0 -4
BITMAP
0000
3300
3300
0000
0000
7F80
6000
6000
6000
6000
7E00
6000
6000
6000
6000
7F80
0000
0000
0000
0000
ENDCHAR
STARTCHAR Igrave
ENCODING 204
SWIDTH 480 0
DWIDTH 10 0
BBX 10 20 0 -4
BITMAP
0000
1800
0C00
0600
0000
3F00
0C00
0C00
0C00
0C00
0C00
0C00
0C00
0C00
0C00
3F00
0000
0000
0000
0000
ENDCHAR
STARTCHAR Iacute
ENCODING 205
SWIDTH 480 0
DWIDTH 10 0
BBX 10 20 0 -4
BITMAP
0000
0600
0C00
1800
0000
3F00
0C00
0C00
0C00
0C00
0C00
0C00
0C00
0C00
0C00
3F00
0000
0000
0000
0000
ENDCHAR
STARTCHAR Icircumflex
ENCODING 206
SWIDTH 480 0
DWIDTH 10 0
BBX 10 20 0 -4
BITMAP
0000
0C00
1E00
3300
0000
3F00
0C00
0C00
0C00
0C00
0C00
0C00
0C00
0C00
0C00
3F00
0000
0000
0000
0000
ENDCHAR
STARTCHAR Idieresis
ENCODING 207
SWIDTH 480 0
DWIDTH 10 0
BBX 10 20 0 -4
BITMAP
0000
3300
3300
0000
3F00
0C00
0C00
0C00
0C00
0C00
0C00
0C00
0C00
0C00
0C00
3F00
0000
0000
0000
0000
ENDCHAR
STARTCHAR Eth
ENCODING 208
SWIDTH 480 0
DWIDTH 10 0
BBX 10 20 0 -4
BITMAP
0000
0000
0000
7E00
6300
6180
6180
6180
6180
F980
6180
6180
6180
6180
6300
7E00
0000
0000
0000
0000
ENDCHAR
STARTCHAR Ntilde
ENCODING 209
SWIDTH 480 0
DWIDTH 10 0
BBX 10 20 0 -4
BITMAP
0000
1900
3F00
2600
0000
6180
7180
7980
7980
6D80
6D80
6780
6780
6380
6180
6180
0000
0000
0000
0000
ENDCHAR
STARTCHAR Ograve
ENCODING 210
SWIDTH 480 0
DWIDTH 10 0
BBX 10 20 0 -4
BITMAP
0000
1800
0C00
0600
0000
1E00
3300
6180
6180
6180
6180
6180
6180
6180
3300
1E00
0000
0000
0000
0000
ENDCHAR
STARTCHAR Oacute
ENCODING 211
SWIDTH 480 0
DWIDTH 10 0
BBX 10 20 0 -4
BITMAP
0000
0600
0C00
1800
0000
1E00
3300
6180
6180
6180
6180
6180
6180
6180
3300
1E00
0000
0000
0000
0000
ENDCHAR
STARTCHAR Ocircumflex
ENCODING 212
SWIDTH 480 0
DWIDTH 10 0
BBX 10 20 0 -4
BITMAP
0000
0C00
1E00
3300
0000
1E00
3300
6180
6180
6180
6180
6180
6180
6180
3300
1E00
0000
0000
0000
0000
ENDCHAR
STARTCHAR Otilde
ENCODING 213
SWIDTH 480 0
DWIDTH 10 0
BBX 10 20 0 -4
BITMAP
0000
1900
3F00
2600
0000
1E00
3300
6180
6180
6180
6180
6180
6180
6180
3300
1E00
0000
0000
0000
0000
ENDCHAR
STARTCHAR Odieresis
ENCODING 214
SWIDTH 480 0
DWIDTH 10 0
BBX 10 20 0 -4
BITMAP
0000
3300
3300
0000
1E00
3300
6180
6180
6180
6180
6180
6180
6180
6180
3300
1E00
0000
0000
0000
0000
ENDCHAR
STARTCHAR multiply
ENCODING 215
SWIDTH 480 0
DWIDTH 10 0
BBX 10 20 0 -4
BITMAP
0000
0000
0000
0000
0000
0000
0000
0000
4100
6300
3600
1C00
1C00
3600
6300
4100
0000
0000
0000
0000
ENDCHAR
STARTCHAR Oslash
ENCODING 216
SWIDTH 480 0
DWIDTH 10 0
BBX 10 20 0 -4
BITMAP
0000
0000
0080
1F00
3300
6380
6380
6580
6580
6580
6980
6980
6980
7180
3300
3E00
4000
0000
0000
0000
ENDCHAR
STARTCHAR Ugrave
ENCODING 217
SWIDTH 480 0
DWIDTH 10 0
BBX 10 20 0 -4
BITMAP
0000
1800
0C00
0600
0000
6180
6180
6180
6180
6180
6180
6180
6180
6180
3300
1E00
0000
0000
0000
0000
ENDCHAR
STARTCHAR Uacute
ENCODING 218
SWIDTH 480 0
DWIDTH 10 0
BBX 10 20 0 -4
BITMAP
0000
0600
0C00
1800
0000
6180
6180
6180
6180
6180
6180
6180
6180
6180
3300
1E00
0000
0000
0000
0000
ENDCHAR
STARTCHAR Ucircumflex
ENCODING 219
SWIDTH 480 0
DWIDTH 10 0
BBX 10 20 0 -4
BITMAP
0000
0C00
1E00
3300
0000
6180
6180
6180
6180
6180
6180
6180
6180
6180
3300
1E00
0000
0000
0000
0000
ENDCHAR
STARTCHAR Udieresis
ENCODING 220
SWIDTH 480 0
DWIDTH 10 0
BBX 10 20 0 -4
BITMAP
0000
3300
3300
0000
6180
6180
6180
6180
6180
6180
6180
6180
6180
6180
3300
1E00
0000
0000
0000
0000
ENDCHAR
STARTCHAR Yacute
ENCODING 221
SWIDTH 480 0
DWIDTH 10 0
BBX 10 20 0 -4
BITMAP
0000
0600
0C00
1800
0000
6180
6180
3300
3300
1E00
1E00
0C00
0C00
0C00
0C00
0C00
0000
0000
0000
0000
ENDCHAR
STARTCHAR Thorn
ENCODING 222
SWIDTH 480 0
DWIDTH 10 0
BBX 10 20 0 -4
BITMAP
0000
0000
0000
3000
3000
3000
3F00
3180
3180
3180
3180
3180
3F00
3000
3000
3000
0000
0000
0000
0000
ENDCHAR
STARTCHAR germandbls
ENCODING 223
SWIDTH 480 0
DWIDTH 10 0
BBX 10 20 0 -4
BITMAP
0000
0000
0000
0E00
1B00
3180
3180
3300
7600
3600
3300
3180
3180
3180
3300
3600
0000
0000
0000
0000
ENDCHAR
STARTCHAR agrave
ENCODING 224
SWIDTH 480 0
DWIDTH 10 0
BBX 10 20 0 -4
BITMAP
0000
0000
0000
0000
1800
0C00
0600
0000
3F00
6180
0180
3F80
6180
6180
6180
3E80
0000
0000
0000
0000
ENDCHAR
STARTCHAR aacute
ENCODING 225
SWIDTH 480 0
DWIDTH 10 0
BBX 10 20 0 -4
BITMAP
0000
0000
0000
0000
0600
0C00
1800
0000
3F00
6180
0180
3F80
6180
6180
6180
3E80
0000
0000
0000
0000
ENDCHAR
STARTCHAR acircumflex
ENCODING 226
SWIDTH 480 0
DWIDTH 10 0
BBX 10 20 0 -4
BITMAP
0000
0000
0000
0000
0C00
1E00
3300
0000
3F00
6180
0180
3F80
6180
6180
6180
3E80
0000
0000
0000
0000
ENDCHAR
STARTCHAR atilde
ENCODING 227
SWIDTH 480 0
DWIDTH 10 0
BBX 10 20 0 -4
BITMAP
0000
0000
0000
0000
1900
3F00
2600
0000
3F00
6180
0180
3F80
6180
6180
6180
3E80
0000
0000
0000
0000
ENDCHAR
STARTCHAR adieresis
ENCODING 228
SWIDTH 480 0
DWIDTH 10 0
BBX 10 20 0 -4
BITMAP
0000
0000
0000
0000
0000
3300
3300
0000
3F00
6180
0180
3F80
6180
6180
6180
3E80
0000
0000
0000
0000
ENDCHAR
STARTCHAR aring
ENCODING 229
SWIDTH 480 0
DWIDTH 10 0
BBX 10 20 0 -4
BITMAP
0000
0000
0000
1E00
3300
3300
1E00
0000
3F00
6180
0180
3F80
6180
6180
6180
3E80
0000
0000
0000
0000
ENDCHAR
STARTCHAR ae
ENCODING 230
SWIDTH 480 0
DWIDTH 10 0
BBX 10 20 0 -4
BITMAP
0000
0000
0000
0000
0000
0000
0000
0000
3B00
4D80
0D80
0F00
3C00
6C00
6C80
3700
0000
0000
0000
0000
ENDCHAR
STARTCHAR ccedilla
ENCODING 231
SWIDTH 480 0
DWIDTH 10 0
BBX 10 20 0 -4
BITMAP
0000
0000
0000
0000
0000
0000
0000
0000
1F00
3180
6000
6000
6000
6000
3180
1F00
0C00
0600
3600
1C00
ENDCHAR
STARTCHAR egrave
ENCODING 232
SWIDTH 480 0
DWIDTH 10 0
BBX 10 20 0 -4
BITMAP
0000
0000
0000
0000
3000
1800
0C00
0000
1E00
3300
6180
7F80
6000
6000
3180
1F00
0000
0000
0000
0000
ENDCHAR
STARTCHAR eacute
ENCODING 233
SWIDTH 480 0
DWIDTH 10 0
BBX 10 20 0 -4
BITMAP
0000
0000
0000
0000
0300
0600
0C00
0000
1E00
3300
6180
7F80
6000
6000
3180
1F00
0000
0000
0000
0000
ENDCHAR
STARTCHAR ecircumflex
ENCODING 234
SWIDTH 480 0
DWIDTH 10 0
BBX 10 20 0 -4
BITMAP
0000
0000
0000
0000
0C00
1E00
3300
0000
1E00
3300
6180
7F80
6000
6000
3180
1F00
0000
0000
0000
0000
ENDCHAR
STARTCHAR edieresis
ENCODING 235
SWIDTH 480 0
DWIDTH 10 0
BBX 10 20 0 -4
BITMAP
0000
0000
0000
0000
0000
3300
3300
0000
1E00
3300
6180
7F80
6000
6000
3180
1F00
0000
0000
0000
0000
ENDCHAR
STARTCHAR igrave
ENCODING 236
SWIDTH 480 0
DWIDTH 10 0
BBX 10 20 0 -4
BITMAP
0000
0000
0000
0000
3000
1800
0C00
0000
3C00
0C00
0C00
0C00
0C00
0C00
0C00
7F80
0000
0000
0000
0000
ENDCHAR
STARTCHAR iacute
ENCODING 237
SWIDTH 480 0
DWIDTH 10 0
BBX 10 20 0 -4
BITMAP
0000
0000
0000
0000
0600
0C00
1800
0000
3C00
0C00
0C00
0C00
0C00
0C00
0C00
7F80
0000
0000
0000
0000
ENDCHAR
STARTCHAR icircumflex
ENCODING 238
SWIDTH 480 0
DWIDTH 10 0
BBX 10 20 0 -4
BITMAP
0000
0000
0000
0000
0C00
1E00
3300
0000
3C00
0C00
0C00
0C00
0C00
0C00
0C00
7F80
0000
0000
0000
0000
ENDCHAR
STARTCHAR idieresis
ENCODING 239
SWIDTH 480 0
DWIDTH 10 0
BBX 10 20 0 -4
BITMAP
0000
0000
0000
0000
0000
3300
3300
0000
3C00
0C00
0C00
0C00
0C00
0C00
0C00
7F80
0000
0000
0000
0000
ENDCHAR
STARTCHAR eth
ENCODING 240
SWIDTH 480 0
DWIDTH 10 0
BBX 10 20 0 -4
BITMAP
0000
0000
0000
4400
6C00
3800
3800
6C00
4600
1F00
3380
6180
6180
6180
3300
1E00
0000
0000
0000
0000
ENDCHAR
STARTCHAR ntilde
ENCODING 241
SWIDTH 480 0
DWIDTH 10 0
BBX 10 20 0 -4
BITMAP
0000
0000
0000
0000
1900
3F00
2600
0000
6E00
7300
6180
6180
6180
6180
6180
6180
0000
0000
0000
0000
ENDCHAR
STARTCHAR ograve
ENCODING 242
SWIDTH 480 0
DWIDTH 10 0
BBX 10 20 0 -4
BITMAP
0000
0000
0000
0000
3000
1800
0C00
0000
1E00
3300
6180
6180
6180
6180
3300
1E00
0000
0000
0000
0000
ENDCHAR
STARTCHAR oacute
ENCODING 243
SWIDTH 480 0
DWIDTH 10 0
BBX 10 20 0 -4
BITMAP
0000
0000
0000
0000
0300
0600
0C00
0000
1E00
3300
6180
6180
6180
6180
3300
1E00
0000
0000
0000
0000
ENDCHAR
STARTCHAR ocircumflex
ENCODING 244
SWIDTH 480 0
DWIDTH 10 0
BBX 10 20 0 -4
BITMAP
0000
0000
0000
0000
0C00
1E00
3300
0000
1E00
3300
6180
6180
6180
6180
3300
1E00
0000
0000
0000
0000
ENDCHAR
STARTCHAR otilde
ENCODING 245
SWIDTH 480 0
DWIDTH 10 0
BBX 10 20 0 -4
BITMAP
0000
0000
0000
0000
1900
3F00
2600
0000
1E00
3300
6180
6180
6180
6180
3300
1E00
0000
0000
0000
0000
ENDCHAR
STARTCHAR odieresis
ENCODING 246
SWIDTH 480 0
DWIDTH 10 0
BBX 10 20 0 -4
BITMAP
0000
0000
0000
0000
0000
3300
3300
0000
1E00
3300
6180
6180
6180
6180
3300
1E00
0000
0000
0000
0000
ENDCHAR
STARTCHAR divide
ENCODING 247
SWIDTH 480 0
DWIDTH 10 0
BBX 10 20 0 -4
BITMAP
0000
0000
0000
0000
0000
0C00
0C00
0000
0000
7F80
7F80
0000
0000
0C00
0C00
0000
0000
0000
0000
0000
ENDCHAR
STARTCHAR oslash
ENCODING 248
SWIDTH 480 0
DWIDTH 10 0
BBX 10 20 0 -4
BITMAP
0000
0000
0000
0000
0000
0000
0000
0080
1F00
3300
6580
6580
6980
6980
3300
3E00
4000
0000
0000
0000
ENDCHAR
STARTCHAR ugrave
ENCODING 249
SWIDTH 480 0
DWIDTH 10 0
BBX 10 20 0 -4
BITMAP
0000
0000
0000
0000
1800
0C00
0600
0000
6180
6180
6180
6180
6180
6180
3380
1D80
0000
0000
0000
0000
ENDCHAR
STARTCHAR uacute
ENCODING 250
SWIDTH 480 0
DWIDTH 10 0
BBX 10 20 0 -4
BITMAP
0000
0000
0000
0000
0300
0600
0C00
0000
6180
6180
6180
6180
6180
6180
3380
1D80
0000
0000
0000
0000
ENDCHAR
STARTCHAR ucircumflex
ENCODING 251
SWIDTH 480 0
DWIDTH 10 0
BBX 10 20 0 -4
BITMAP
0000
0000
0000
0000
0C00
1E00
3300
0000
6180
6180
6180
6180
6180
6180
3380
1D80
0000
0000
0000
0000
ENDCHAR
STARTCHAR udieresis
ENCODING 252
SWIDTH 480 0
DWIDTH 10 0
BBX 10 20 0 -4
BITMAP
0000
0000
0000
0000
0000
3300
3300
0000
6180
6180
6180
6180
6180
6180
3380
1D80
0000
0000
0000
0000
ENDCHAR
STARTCHAR yacute
ENCODING 253
SWIDTH 480 0
DWIDTH 10 0
BBX 10 20 0 -4
BITMAP
0000
0000
0000
0000
0600
0C00
1800
0000
6180
6180
6180
6180
6180
6180
3380
1D80
0180
6180
3300
1E00
ENDCHAR
STARTCHAR thorn
ENCODING 254
SWIDTH 480 0
DWIDTH 10 0
BBX 10 20 0 -4
BITMAP
0000
0000
0000
3000
3000
3000
3000
3000
3000
3E00
3300
3180
3180
3180
3300
3E00
3000
3000
3000
3000
ENDCHAR
STARTCHAR ydieresis
ENCODING 255
SWIDTH 480 0
DWIDTH 10 0
BBX 10 20 0 -4
BITMAP
0000
0000
0000
0000
0000
3300
3300
0000
6180
6180
6180
6180
6180
6180
3380
1D80
0180
6180
3300
1E00
ENDCHAR
STARTCHAR Amacron
ENCODING 256
SWIDTH 480 0
DWIDTH 10 0
BBX 10 20 0 -4
BITMAP
0000
7F80
0000
0C00
1E00
3300
3300
6180
6180
6180
7F80
6180
6180
6180
6180
6180
0000
0000
0000
0000
ENDCHAR
STARTCHAR amacron
ENCODING 257
SWIDTH 480 0
DWIDTH 10 0
BBX 10 20 0 -4
BITMAP
0000
0000
0000
0000
0000
0000
7F80
0000
1F00
3180
0180
3F80
6180
6180
6180
3E80
0000
0000
0000
0000
ENDCHAR
STARTCHAR Abreve
ENCODING 258
SWIDTH 480 0
DWIDTH 10 0
BBX 10 20 0 -4
BITMAP
0000
2100
3300
1E00
0000
1E00
3300
3300
6180
6180
6180
7F80
6180
6180
6180
6180
0000
0000
0000
0000
ENDCHAR
STARTCHAR abreve
ENCODING 259
SWIDTH 480 0
DWIDTH 10 0
BBX 10 20 0 -4
BITMAP
0000
0000
0000
0000
2100
3300
1E00
0000
1F00
3180
0180
3F80
6180
6180
6180
3E80
0000
0000
0000
0000
ENDCHAR
STARTCHAR Aogonek
ENCODING 260
SWIDTH 480 0
DWIDTH 10 0
BBX 10 20 0 -4
BITMAP
0000
0000
0000
0C00
1E00
3300
3300
6180
6180
6180
7F80
6180
6180
6180
6180
6180
0380
0300
01C0
0000
ENDCHAR
STARTCHAR aogonek
ENCODING 261
SWIDTH 480 0
DWIDTH 10 0
BBX 10 20 0 -4
BITMAP
0000
0000
0000
0000
0000
0000
0000
0000
1F00
3180
0180
3F80
6180
6180
6180
3E80
00C0
01C0
0180
00C0
ENDCHAR
STARTCHAR Cacute
ENCODING 262
SWIDTH 480 0
DWIDTH 10 0
BBX 10 20 0 -4
BITMAP
0000
0300
0600
0C00
0000
1E00
3300
6180
6000
6000
6000
6000
6000
6180
3300
1E00
0000
0000
0000
0000
ENDCHAR
STARTCHAR cacute
ENCODING 263
SWIDTH 480 0
DWIDTH 10 0
BBX 10 20 0 -4
BITMAP
0000
0000
0000
0000
0300
0600
0C00
0000
1F00
3180
6000
6000
6000
6000
3180
1F00
0000
0000
0000
0000
ENDCHAR
STARTCHAR Ccircumflex
ENCODING 264
SWIDTH 480 0
DWIDTH 10 0
BBX 10 20 0 -4
BITMAP
0000
0C00
1E00
3300
0000
1E00
3300
6180
6000
6000
6000
6000
6000
6180
3300
1E00
0000
0000
0000
0000
ENDCHAR
STARTCHAR ccircumflex
ENCODING 265
SWIDTH 480 0
DWIDTH 10 0
BBX 10 20 0 -4
BITMAP
0000
0000
0000
0000
0C00
1E00
3300
0000
1F00
3180
6000
6000
6000
6000
3180
1F00
0000
0000
0000
0000
ENDCHAR
STARTCHAR Cdotaccent
ENCODING 266
SWIDTH 480 0
DWIDTH 10 0
BBX 10 20 0 -4
BITMAP
0000
0C00
0C00
0000
1E00
3300
6180
6000
6000
6000
6000
6000
6000
6180
3300
1E00
0000
0000
0000
0000
ENDCHAR
STARTCHAR cdotaccent
ENCODING 267
SWIDTH 480 0
DWIDTH 10 0
BBX 10 20 0 -4
BITMAP
0000
0000
0000
0000
0000
0C00
0C00
0000
1F00
3180
6000
6000
6000
6000
3180
1F00
0000
0000
0000
0000
ENDCHAR
STARTCHAR Ccaron
ENCODING 268
SWIDTH 480 0
DWIDTH 10 0
BBX 10 20 0 -4
BITMAP
0000
3300
1E00
0C00
0000
1E00
3300
6180
6000
6000
6000
6000
6000
6180
3300
1E00
0000
0000
0000
0000
ENDCHAR
STARTCHAR ccaron
ENCODING 269
SWIDTH 480 0
DWIDTH 10 0
BBX 10 20 0 -4
BITMAP
0000
0000
0000
0000
3300
1E00
0C00
0000
1F00
3180
6000
6000
6000
6000
3180
1F00
0000
0000
0000
0000
ENDCHAR
STARTCHAR Dcaron
ENCODING 270
SWIDTH 480 0
DWIDTH 10 0
BBX 10 20 0 -4
BITMAP
0000
3300
1E00
0C00
0000
7E00
6300
6180
6180
6180
6180
6180
6180
6180
6300
7E00
0000
0000
0000
0000
ENDCHAR
STARTCHAR dcaron
ENCODING 271
SWIDTH 480 0
DWIDTH 10 0
BBX 10 20 0 -4
BITMAP
0000
6600
3C00
1980
0180
0180
0180
0180
1D80
3380
6180
6180
6180
6180
3380
1D80
0000
0000
0000
0000
ENDCHAR
STARTCHAR Dcroat
ENCODING 272
SWIDTH 480 0
DWIDTH 10 0
BBX 10 20 0 -4
BITMAP
0000
0000
0000
7E00
6300
6180
6180
6180
6180
F980
6180
6180
6180
6180
6300
7E00
0000
0000
0000
0000
ENDCHAR
STARTCHAR dcroat
ENCODING 273
SWIDTH 480 0
DWIDTH 10 0
BBX 10 20 0 -4
BITMAP
0000
0000
0000
0180
0180
0180
07C0
0180
1D80
3380
6180
6180
6180
6180
3380
1D80
0000
0000
0000
0000
ENDCHAR
STARTCHAR Emacron
ENCODING 274
SWIDTH 480 0
DWIDTH 10 0
BBX 10 20 0 -4
BITMAP
0000
7F80
0000
7F80
6000
6000
6000
6000
6000
7E00
6000
6000
6000
6000
6000
7F80
0000
0000
0000
0000
ENDCHAR
STARTCHAR emacron
ENCODING 275
SWIDTH 480 0
DWIDTH 10 0
BBX 10 20 0 -4
BITMAP
0000
0000
0000
0000
0000
0000
7F80
0000
1E00
3300
6180
7F80
6000
6000
3180
1F00
0000
0000
0000
0000
ENDCHAR
STARTCHAR Ebreve
ENCODING 276
SWIDTH 480 0
DWIDTH 10 0
BBX 10 20 0 -4
BITMAP
0000
2100
3300
1E00
0000
7F80
6000
6000
6000
6000
7E00
6000
6000
6000
6000
7F80
0000
0000
0000
0000
ENDCHAR
STARTCHAR ebreve
ENCODING 277
SWIDTH 480 0
DWIDTH 10 0
BBX 10 20 0 -4
BITMAP
0000
0000
0000
0000
2100
3300
1E00
0000
1E00
3300
6180
7F80
6000
6000
3180
1F00
0000
0000
0000
0000
ENDCHAR
STARTCHAR Edotaccent
ENCODING 278
SWIDTH 480 0
DWIDTH 10 0
BBX 10 20 0 -4
BITMAP
0000
0C00
0C00
0000
7F80
6000
6000
6000
6000
7E00
6000
6000
6000
6000
6000
7F80
0000
0000
0000
0000
ENDCHAR
STARTCHAR edotaccent
ENCODING 279
SWIDTH 480 0
DWIDTH 10 0
BBX 10 20 0 -4
BITMAP
0000
0000
0000
0000
0000
0C00
0C00
0000
1E00
3300
6180
7F80
6000
6000
3180
1F00
0000
0000
0000
0000
ENDCHAR
STARTCHAR Eogonek
ENCODING 280
SWIDTH 480 0
DWIDTH 10 0
BBX 10 20 0 -4
BITMAP
0000
0000
0000
7F80
6000
6000
6000
6000
6000
7E00
6000
6000
6000
6000
6000
7F80
0300
0700
0600
0380
ENDCHAR
STARTCHAR eogonek
ENCODING 281
SWIDTH 480 0
DWIDTH 10 0
BBX 10 20 0 -4
BITMAP
0000
0000
0000
0000
0000
0000
0000
0000
1E00
3300
6180
7F80
6000
6000
3180
1F00
0600
0E00
0C00
0700
ENDCHAR
STARTCHAR Ecaron
ENCODING 282
SWIDTH 480 0
DWIDTH 10 0
BBX 10 20 0 -4
BITMAP
0000
3300
1E00
0C00
0000
7F80
6000
6000
6000
6000
7E00
6000
6000
6000
6000
7F80
0000
0000
0000
0000
ENDCHAR
STARTCHAR ecaron
ENCODING 283
SWIDTH 480 0
DWIDTH 10 0
BBX 10 20 0 -4
BITMAP
0000
0000
0000
0000
3300
1E00
0C00
0000
1E00
3300
6180
7F80
6000
6000
3180
1F00
0000
0000
0000
0000
ENDCHAR
STARTCHAR Gcircumflex
ENCODING 284
SWIDTH 480 0
DWIDTH 10 0
BBX 10 20 0 -4
BITMAP
0000
0C00
1E00
3300
0000
1E00
3300
6180
6000
6000
6780
6180
6180
6180
3380
1E80
0000
0000
0000
0000
ENDCHAR
STARTCHAR gcircumflex
ENCODING 285
SWIDTH 480 0
DWIDTH 10 0
BBX 10 20 0 -4
BITMAP
0000
0000
0000
0000
0C00
1E00
3300
0000
3E80
6380
6300
6300
6300
3E00
6000
3F00
6180
6180
6180
3F00
ENDCHAR
STARTCHAR Gbreve
ENCODING 286
SWIDTH 480 0
DWIDTH 10 0
BBX 10 20 0 -4
BITMAP
0000
2100
3300
1E00
0000
1E00
3300
6180
6000
6000
6780
6180
6180
6180
3380
1E80
0000
0000
0000
0000
ENDCHAR
STARTCHAR gbreve
ENCODING 287
SWIDTH 480 0
DWIDTH 10 0
BBX 10 20 0 -4
BITMAP
0000
0000
0000
0000
2100
3300
1E00
0000
3E80
6380
6300
6300
6300
3E00
6000
3F00
6180
6180
6180
3F00
ENDCHAR
STARTCHAR Gdotaccent
ENCODING 288
SWIDTH 480 0
DWIDTH 10 0
BBX 10 20 0 -4
BITMAP
0000
0C00
0C00
0000
1E00
3300
6180
6000
6000
6780
6180
6180
6180
6180
3380
1E80
0000
0000
0000
0000
ENDCHAR
STARTCHAR gdotaccent
ENCODING 289
SWIDTH 480 0
DWIDTH 10 0
BBX 10 20 0 -4
BITMAP
0000
0000
0000
0000
0000
0C00
0C00
0000
3E80
6380
6300
6300
6300
3E00
6000
3F00
6180
6180
6180
3F00
ENDCHAR
STARTCHAR Gcommaaccent
ENCODING 290
SWIDTH 480 0
DWIDTH 10 0
BBX 10 20 0 -4
BITMAP
0000
0000
0000
1E00
3300
6180
6000
6000
6000
6780
6180
6180
6180
6180
3380
1E80
0C00
0600
1C00
0000
ENDCHAR
STARTCHAR gcommaaccent
ENCODING 291
SWIDTH 480 0
DWIDTH 10 0
BBX 10 20 0 -4
BITMAP
0000
0000
0000
0800
1000
1800
1800
0000
3E80
6380
6300
6300
6300
3E00
6000
3F00
6180
6180
6180
3F00
ENDCHAR
STARTCHAR Hcircumflex
ENCODING 292
SWIDTH 480 0
DWIDTH 10 0
BBX 10 20 0 -4
BITMAP
0000
0C00
1E00
3300
0000
6180
6180
6180
6180
7F80
6180
6180
6180
6180
6180
6180
0000
0000
0000
0000
ENDCHAR
STARTCHAR hcircumflex
ENCODING 293
SWIDTH 480 0
DWIDTH 10 0
BBX 10 20 0 -4
BITMAP
0C00
1E00
3300
0000
6000
6000
6000
6000
6E00
7300
6180
6180
6180
6180
6180
6180
0000
0000
0000
0000
ENDCHAR
STARTCHAR Hbar
ENCODING 294
SWIDTH 480 0
DWIDTH 10 0
BBX 10 20 0 -4
BITMAP
0000
0000
0000
6180
6180
FFC0
6180
6180
6180
7F80
6180
6180
6180
6180
6180
6180
0000
0000
0000
0000
ENDCHAR
STARTCHAR hbar
ENCODING 295
SWIDTH 480 0
DWIDTH 10 0
BBX 10 20 0 -4
BITMAP
0000
0000
0000
6000
6000
6000
F800
6000
6E00
7300
6180
6180
6180
6180
6180
6180
0000
0000
0000
0000
ENDCHAR
STARTCHAR Itilde
ENCODING 296
SWIDTH 480 0
DWIDTH 10 0
BBX 10 20 0 -4
BITMAP
0000
1900
3F00
2600
0000
7F80
0C00
0C00
0C00
0C00
0C00
0C00
0C00
0C00
0C00
7F80
0000
0000
0000
0000
ENDCHAR
STARTCHAR itilde
ENCODING 297
SWIDTH 480 0
DWIDTH 10 0
BBX 10 20 0 -4
BITMAP
0000
0000
0000
0000
1900
3F00
2600
0000
3C00
0C00
0C00
0C00
0C00
0C00
0C00
7F80
0000
0000
0000
0000
ENDCHAR
STARTCHAR Imacron
ENCODING 298
SWIDTH 480 0
DWIDTH 10 0
BBX 10 20 0 -4
BITMAP
0000
7F80
0000
7F80
0C00
0C00
0C00
0C00
0C00
0C00
0C00
0C00
0C00
0C00
0C00
7F80
0000
0000
0000
0000
ENDCHAR
STARTCHAR imacron
ENCODING 299
SWIDTH 480 0
DWIDTH 10 0
BBX 10 20 0 -4
BITMAP
0000
0000
0000
0000
0000
0000
7F00
0000
3C00
0C00
0C00
0C00
0C00
0C00
0C00
7F80
0000
0000
0000
0000
ENDCHAR
STARTCHAR Ibreve
ENCODING 300
SWIDTH 480 0
DWIDTH 10 0
BBX 10 20 0 -4
BITMAP
0000
2100
3300
1E00
0000
7F80
0C00
0C00
0C00
0C00
0C00
0C00
0C00
0C00
0C00
7F80
0000
0000
0000
0000
ENDCHAR
STARTCHAR ibreve
ENCODING 301
SWIDTH 480 0
DWIDTH 10 0
BBX 10 20 0 -4
BITMAP
0000
0000
0000
0000
2100
3300
1E00
0000
3C00
0C00
0C00
0C00
0C00
0C00
0C00
7F80
0000
0000
0000
0000
ENDCHAR
STARTCHAR Iogonek
ENCODING 302
SWIDTH 480 0
DWIDTH 10 0
BBX 10 20 0 -4
BITMAP
0000
0000
0000
7F80
0C00
0C00
0C00
0C00
0C00
0C00
0C00
0C00
0C00
0C00
0C00
7F80
0300
0700
0600
0380
ENDCHAR
STARTCHAR iogonek
ENCODING 303
SWIDTH 480 0
DWIDTH 10 0
BBX 10 20 0 -4
BITMAP
0000
0000
0000
0000
0000
0C00
0C00
0000
3C00
0C00
0C00
0C00
0C00
0C00
0C00
7F80
0180
0380
0300
0180
ENDCHAR
STARTCHAR Idotaccent
ENCODING 304
SWIDTH 480 0
DWIDTH 10 0
BBX 10 20 0 -4
BITMAP
0000
0C00
0C00
0000
7F80
0C00
0C00
0C00
0C00
0C00
0C00
0C00
0C00
0C00
0C00
7F80
0000
0000
0000
0000
ENDCHAR
STARTCHAR dotlessi
ENCODING 305
SWIDTH 480 0
DWIDTH 10 0
BBX 10 20 0 -4
BITMAP
0000
0000
0000
0000
0000
0000
0000
0000
3C00
0C00
0C00
0C00
0C00
0C00
0C00
7F80
0000
0000
0000
0000
ENDCHAR
STARTCHAR IJ
ENCODING 306
SWIDTH 480 0
DWIDTH 10 0
BBX 10 20 0 -4
BITMAP
0000
0000
0000
FF80
3180
3180
3180
3180
3180
3180
3180
3180
3180
3180
3180
FD80
0180
3180
1F00
0000
ENDCHAR
STARTCHAR ij
ENCODING 307
SWIDTH 480 0
DWIDTH 10 0
BBX 10 20 0 -4
BITMAP
0000
0000
0000
0000
0000
3180
3180
0000
F780
3180
3180
3180
3180
3180
3180
FD80
0180
3180
3180
1F00
ENDCHAR
STARTCHAR Jcircumflex
ENCODING 308
SWIDTH 480 0
DWIDTH 10 0
BBX 10 20 0 -4
BITMAP
0000
0600
0F00
1980
0000
1F00
0300
0300
0300
0300
0300
0300
C300
C300
6600
3C00
0000
0000
0000
0000
ENDCHAR
STARTCHAR jcircumflex
ENCODING 309
SWIDTH 480 0
DWIDTH 10 0
BBX 10 20 0 -4
BITMAP
0000
0000
0000
0000
0600
0F00
1980
0000
0F00
0300
0300
0300
0300
0300
0300
0300
6300
6300
6300
3E00
ENDCHAR
STARTCHAR Kcommaaccent
ENCODING 310
SWIDTH 480 0
DWIDTH 10 0
BBX 10 20 0 -4
BITMAP
0000
0000
0000
6180
6180
6300
6300
6600
6600
7C00
6600
6600
6300
6300
6180
6180
7000
1800
1800
7000
ENDCHAR
STARTCHAR kcommaaccent
ENCODING 311
SWIDTH 480 0
DWIDTH 10 0
BBX 10 20 0 -4
BITMAP
0000
0000
0000
6000
6000
6000
6000
6000
6300
6600
6C00
7800
7C00
6600
6300
6180
7000
1800
1800
7000
ENDCHAR
STARTCHAR kgreenlandic
ENCODING 312
SWIDTH 480 0
DWIDTH 10 0
BBX 10 20 0 -4
BITMAP
0000
0000
0000
0000
0000
0000
0000
0000
6600
6C00
7800
7000
7800
6C00
6600
6300
0000
0000
0000
0000
ENDCHAR
STARTCHAR Lacute
ENCODING 313
SWIDTH 480 0
DWIDTH 10 0
BBX 10 20 0 -4
BITMAP
0000
1800
3000
6000
0000
6000
6000
6000
6000
6000
6000
6000
6000
6000
6000
7F80
0000
0000
0000
0000
ENDCHAR
STARTCHAR lacute
ENCODING 314
SWIDTH 480 0
DWIDTH 10 0
BBX 10 20 0 -4
BITMAP
0000
0600
0C00
1800
0000
3C00
0C00
0C00
0C00
0C00
0C00
0C00
0C00
0C00
0C00
7F80
0000
0000
0000
0000
ENDCHAR
STARTCHAR Lcommaaccent
ENCODING 315
SWIDTH 480 0
DWIDTH 10 0
BBX 10 20 0 -4
BITMAP
0000
0000
0000
6000
6000
6000
6000
6000
6000
6000
6000
6000
6000
6000
6000
7F80
3000
1800
1800
7000
ENDCHAR
STARTCHAR lcommaaccent
ENCODING 316
SWIDTH 480 0
DWIDTH 10 0
BBX 10 20 0 -4
BITMAP
0000
0000
0000
3C00
0C00
0C00
0C00
0C00
0C00
0C00
0C00
0C00
0C00
0C00
0C00
7F80
0C00
0600
0600
1C00
ENDCHAR
STARTCHAR Lcaron
ENCODING 317
SWIDTH 480 0
DWIDTH 10 0
BBX 10 20 0 -4
BITMAP
0000
CC00
7800
3000
0000
6000
6000
6000
6000
6000
6000
6000
6000
6000
6000
7F80
0000
0000
0000
0000
ENDCHAR
STARTCHAR lcaron
ENCODING 318
SWIDTH 480 0
DWIDTH 10 0
BBX 10 20 0 -4
BITMAP
0000
3300
1E00
0C00
0000
3C00
0C00
0C00
0C00
0C00
0C00
0C00
0C00
0C00
0C00
7F80
0000
0000
0000
0000
ENDCHAR
STARTCHAR Ldot
ENCODING 319
SWIDTH 480 0
DWIDTH 10 0
BBX 10 20 0 -4
BITMAP
0000
0000
0000
6000
6000
6000
6000
6000
6600
6600
6000
6000
6000
6000
6000
7F80
0000
0000
0000
0000
ENDCHAR
STARTCHAR ldot
ENCODING 320
SWIDTH 480 0
DWIDTH 10 0
BBX 10 20 0 -4
BITMAP
0000
0000
0000
7800
1800
1800
1800
1800
1800
1980
1980
1800
1800
1800
1800
FF00
0000
0000
0000
0000
ENDCHAR
STARTCHAR Lslash
ENCODING 321
SWIDTH 480 0
DWIDTH 10 0
BBX 10 20 0 -4
BITMAP
0000
0000
0000
6000
6000
6000
6000
6000
6C00
7000
E000
6000
6000
6000
6000
7F80
0000
0000
0000
0000
ENDCHAR
STARTCHAR lslash
ENCODING 322
SWIDTH 480 0
DWIDTH 10 0
BBX 10 20 0 -4
BITMAP
0000
0000
0000
3C00
0C00
0C00
0C00
0C00
0C00
0F00
3C00
0C00
0C00
0C00
0C00
7F80
0000
0000
0000
0000
ENDCHAR
STARTCHAR Nacute
ENCODING 323
SWIDTH 480 0
DWIDTH 10 0
BBX 10 20 0 -4
BITMAP
0000
0300
0600
0C00
6180
7180
7180
7980
7980
6D80
6D80
6780
6780
6380
6380
6180
0000
0000
0000
0000
ENDCHAR
STARTCHAR nacute
ENCODING 324
SWIDTH 480 0
DWIDTH 10 0
BBX 10 20 0 -4
BITMAP
0000
0000
0000
0000
0300
0600
0C00
0000
6E00
7300
6180
6180
6180
6180
6180
6180
0000
0000
0000
0000
ENDCHAR
STARTCHAR Ncommaaccent
ENCODING 325
SWIDTH 480 0
DWIDTH 10 0
BBX 10 20 0 -4
BITMAP
0000
0000
0000
6180
7180
7180
7980
7980
6D80
6D80
6780
6780
6380
6380
6180
6180
7000
1800
1800
7000
ENDCHAR
STARTCHAR ncommaaccent
ENCODING 326
SWIDTH 480 0
DWIDTH 10 0
BBX 10 20 0 -4
BITMAP
0000
0000
0000
0000
0000
0000
0000
0000
6E00
7300
6180
6180
6180
6180
6180
6180
7000
1800
1800
7000
ENDCHAR
STARTCHAR Ncaron
ENCODING 327
SWIDTH 480 0
DWIDTH 10 0
BBX 10 20 0 -4
BITMAP
0000
3300
1E00
0C00
6180
7180
7180
7980
7980
6D80
6D80
6780
6780
6380
6380
6180
0000
0000
0000
0000
ENDCHAR
STARTCHAR ncaron
ENCODING 328
SWIDTH 480 0
DWIDTH 10 0
BBX 10 20 0 -4
BITMAP
0000
0000
0000
0000
3300
1E00
0C00
0000
6E00
7300
6180
6180
6180
6180
6180
6180
0000
0000
0000
0000
ENDCHAR
STARTCHAR napostrophe
ENCODING 329
SWIDTH 480 0
DWIDTH 10 0
BBX 10 20 0 -4
BITMAP
0000
0000
0000
C000
C000
4000
8000
0000
6E00
7300
6180
6180
6180
6180
6180
6180
0000
0000
0000
0000
ENDCHAR
STARTCHAR Eng
ENCODING 330
SWIDTH 480 0
DWIDTH 10 0
BBX 10 20 0 -4
BITMAP
0000
0000
0000
6180
7180
7180
7980
7980
6D80
6D80
6780
6780
6380
6380
6180
6180
0180
0180
0180
0300
ENDCHAR
STARTCHAR eng
ENCODING 331
SWIDTH 480 0
DWIDTH 10 0
BBX 10 20 0 -4
BITMAP
0000
0000
0000
0000
0000
0000
0000
0000
6E00
7300
6180
6180
6180
6180
6180
6180
0180
0180
0180
0300
ENDCHAR
STARTCHAR Omacron
ENCODING 332
SWIDTH 480 0
DWIDTH 10 0
BBX 10 20 0 -4
BITMAP
0000
7F80
0000
1E00
3300
6180
6180
6180
6180
6180
6180
6180
6180
6180
3300
1E00
0000
0000
0000
0000
ENDCHAR
STARTCHAR omacron
ENCODING 333
SWIDTH 480 0
DWIDTH 10 0
BBX 10 20 0 -4
BITMAP
0000
0000
0000
0000
0000
0000
7F80
0000
1E00
3300
6180
6180
6180
6180
3300
1E00
0000
0000
0000
0000
ENDCHAR
STARTCHAR Obreve
ENCODING 334
SWIDTH 480 0
DWIDTH 10 0
BBX 10 20 0 -4
BITMAP
0000
2100
3300
1E00
0000
1E00
3300
6180
6180
6180
6180
6180
6180
6180
3300
1E00
0000
0000
0000
0000
ENDCHAR
STARTCHAR obreve
ENCODING 335
SWIDTH 480 0
DWIDTH 10 0
BBX 10 20 0 -4
BITMAP
0000
0000
0000
0000
2100
3300
1E00
0000
1E00
3300
6180
6180
6180
6180
3300
1E00
0000
0000
0000
0000
ENDCHAR
STARTCHAR Ohungarumlaut
ENCODING 336
SWIDTH 480 0
DWIDTH 10 0
BBX 10 20 0 -4
BITMAP
0000
1980
3300
0000
1E00
3300
6180
6180
6180
6180
6180
6180
6180
6180
3300
1E00
0000
0000
0000
0000
ENDCHAR
STARTCHAR ohungarumlaut
ENCODING 337
SWIDTH 480 0
DWIDTH 10 0
BBX 10 20 0 -4
BITMAP
0000
0000
0000
0000
0000
1980
3300
0000
1E00
3300
6180
6180
6180
6180
3300
1E00
0000
0000
0000
0000
ENDCHAR
STARTCHAR OE
ENCODING 338
SWIDTH 480 0
DWIDTH 10 0
BBX 10 20 0 -4
BITMAP
0000
0000
0000
1F80
3600
6600
6600
6600
6600
6780
6600
6600
6600
6600
3600
1F80
0000
0000
0000
0000
ENDCHAR
STARTCHAR oe
ENCODING 339
SWIDTH 480 0
DWIDTH 10 0
BBX 10 20 0 -4
BITMAP
0000
0000
0000
0000
0000
0000
0000
0000
3F00
6D80
6D80
6F80
6C00
6C00
6D80
3F00
0000
0000
0000
0000
ENDCHAR
STARTCHAR Racute
ENCODING 340
SWIDTH 480 0
DWIDTH 10 0
BBX 10 20 0 -4
BITMAP
0000
0600
0C00
1800
0000
7E00
6300
6180
6180
6300
7E00
6600
6300
6300
6180
6180
0000
0000
0000
0000
ENDCHAR
STARTCHAR racute
ENCODING 341
SWIDTH 480 0
DWIDTH 10 0
BBX 10 20 0 -4
BITMAP
0000
0000
0000
0000
0300
0600
0C00
0000
6F00
3980
3000
3000
3000
3000
3000
3000
0000
0000
0000
0000
ENDCHAR
STARTCHAR Rcommaaccent
ENCODING 342
SWIDTH 480 0
DWIDTH 10 0
BBX 10 20 0 -4
BITMAP
0000
0000
0000
7E00
6300
6180
6180
6180
6180
6300
7E00
6600
6300
6300
6180
6180
7000
1800
1800
7000
ENDCHAR
STARTCHAR rcommaaccent
ENCODING 343
SWIDTH 480 0
DWIDTH 10 0
BBX 10 20 0 -4
BITMAP
0000
0000
0000
0000
0000
0000
0000
0000
6F00
3980
3000
3000
3000
3000
3000
3000
3800
0C00
0C00
3800
ENDCHAR
STARTCHAR Rcaron
ENCODING 344
SWIDTH 480 0
DWIDTH 10 0
BBX 10 20 0 -4
BITMAP
0000
3300
1E00
0C00
0000
7E00
6300
6180
6180
6300
7E00
6600
6300
6300
6180
6180
0000
0000
0000
0000
ENDCHAR
STARTCHAR rcaron
ENCODING 345
SWIDTH 480 0
DWIDTH 10 0
BBX 10 20 0 -4
BITMAP
0000
0000
0000
0000
3300
1E00
0C00
0000
6F00
3980
3000
3000
3000
3000
3000
3000
0000
0000
0000
0000
ENDCHAR
STARTCHAR Sacute
ENCODING 346
SWIDTH 480 0
DWIDTH 10 0
BBX 10 20 0 -4
BITMAP
0000
0300
0600
0C00
0000
1E00
3300
6180
6000
3000
1E00
0300
0180
6180
3300
1E00
0000
0000
0000
0000
ENDCHAR
STARTCHAR sacute
ENCODING 347
SWIDTH 480 0
DWIDTH 10 0
BBX 10 20 0 -4
BITMAP
0000
0000
0000
0000
0300
0600
0C00
0000
3F00
6180
6000
3F00
0180
0180
6180
3F00
0000
0000
0000
0000
ENDCHAR
STARTCHAR Scircumflex
ENCODING 348
SWIDTH 480 0
DWIDTH 10 0
BBX 10 20 0 -4
BITMAP
0000
0C00
1E00
3300
0000
1E00
3300
6180
6000
3000
1E00
0300
0180
6180
3300
1E00
0000
0000
0000
0000
ENDCHAR
STARTCHAR scircumflex
ENCODING 349
SWIDTH 480 0
DWIDTH 10 0
BBX 10 20 0 -4
BITMAP
0000
0000
0000
0000
0C00
1E00
3300
0000
3F00
6180
6000
3F00
0180
0180
6180
3F00
0000
0000
0000
0000
ENDCHAR
STARTCHAR Scedilla
ENCODING 350
SWIDTH 480 0
DWIDTH 10 0
BBX 10 20 0 -4
BITMAP
0000
0000
0000
1E00
3300
6180
6000
6000
3000
1E00
0300
0180
0180
6180
3300
1E00
0C00
0600
0600
1C00
ENDCHAR
STARTCHAR scedilla
ENCODING 351
SWIDTH 480 0
DWIDTH 10 0
BBX 10 20 0 -4
BITMAP
0000
0000
0000
0000
0000
0000
0000
0000
3F00
6180
6000
3F00
0180
0180
6180
3F00
0C00
0600
0600
1C00
ENDCHAR
STARTCHAR Scaron
ENCODING 352
SWIDTH 480 0
DWIDTH 10 0
BBX 10 20 0 -4
BITMAP
0000
3300
1E00
0C00
0000
1E00
3300
6180
6000
3000
1E00
0300
0180
6180
3300
1E00
0000
0000
0000
0000
ENDCHAR
STARTCHAR scaron
ENCODING 353
SWIDTH 480 0
DWIDTH 10 0
BBX 10 20 0 -4
BITMAP
0000
0000
0000
0000
3300
1E00
0C00
0000
3F00
6180
6000
3F00
0180
0180
6180
3F00
0000
0000
0000
0000
ENDCHAR
STARTCHAR Tcommaaccent
ENCODING 354
SWIDTH 480 0
DWIDTH 10 0
BBX 10 20 0 -4
BITMAP
0000
0000
0000
7F80
0C00
0C00
0C00
0C00
0C00
0C00
0C00
0C00
0C00
0C00
0C00
0C00
0C00
0600
0600
1C00
ENDCHAR
STARTCHAR tcommaaccent
ENCODING 355
SWIDTH 480 0
DWIDTH 10 0
BBX 10 20 0 -4
BITMAP
0000
0000
0000
0000
0000
1800
1800
1800
7E00
1800
1800
1800
1800
1800
1980
0F00
0600
0300
0300
0E00
ENDCHAR
STARTCHAR Tcaron
ENCODING 356
SWIDTH 480 0
DWIDTH 10 0
BBX 10 20 0 -4
BITMAP
0000
3300
1E00
0C00
0000
7F80
0C00
0C00
0C00
0C00
0C00
0C00
0C00
0C00
0C00
0C00
0000
0000
0000
0000
ENDCHAR
STARTCHAR tcaron
ENCODING 357
SWIDTH 480 0
DWIDTH 10 0
BBX 10 20 0 -4
BITMAP
0000
6600
3C00
1800
0000
1800
1800
1800
7E00
1800
1800
1800
1800
1800
1980
0F00
0000
0000
0000
0000
ENDCHAR
STARTCHAR Tbar
ENCODING 358
SWIDTH 480 0
DWIDTH 10 0
BBX 10 20 0 -4
BITMAP
0000
0000
0000
7F80
0C00
0C00
0C00
0C00
3F00
0C00
0C00
0C00
0C00
0C00
0C00
0C00
0000
0000
0000
0000
ENDCHAR
STARTCHAR tbar
ENCODING 359
SWIDTH 480 0
DWIDTH 10 0
BBX 10 20 0 -4
BITMAP
0000
0000
0000
0000
0000
1800
1800
1800
7E00
1800
3C00
1800
1800
1800
1980
0F00
0000
0000
0000
0000
ENDCHAR
STARTCHAR Utilde
ENCODING 360
SWIDTH 480 0
DWIDTH 10 0
BBX 10 20 0 -4
BITMAP
0000
1900
3F00
2600
0000
6180
6180
6180
6180
6180
6180
6180
6180
6180
3300
1E00
0000
0000
0000
0000
ENDCHAR
STARTCHAR utilde
ENCODING 361
SWIDTH 480 0
DWIDTH 10 0
BBX 10 20 0 -4
BITMAP
0000
0000
0000
0000
1900
3F00
2600
0000
6180
6180
6180
6180
6180
6180
3380
1D80
0000
0000
0000
0000
ENDCHAR
STARTCHAR Umacron
ENCODING 362
SWIDTH 480 0
DWIDTH 10 0
BBX 10 20 0 -4
BITMAP
0000
7F80
0000
6180
6180
6180
6180
6180
6180
6180
6180
6180
6180
6180
3300
1E00
0000
0000
0000
0000
ENDCHAR
STARTCHAR umacron
ENCODING 363
SWIDTH 480 0
DWIDTH 10 0
BBX 10 20 0 -4
BITMAP
0000
0000
0000
0000
0000
0000
7F80
0000
6180
6180
6180
6180
6180
6180
3380
1D80
0000
0000
0000
0000
ENDCHAR
STARTCHAR Ubreve
ENCODING 364
SWIDTH 480 0
DWIDTH 10 0
BBX 10 20 0 -4
BITMAP
0000
2100
3300
1E00
0000
6180
6180
6180
6180
6180
6180
6180
6180
6180
3300
1E00
0000
0000
0000
0000
ENDCHAR
STARTCHAR ubreve
ENCODING 365
SWIDTH 480 0
DWIDTH 10 0
BBX 10 20 0 -4
BITMAP
0000
0000
0000
0000
2100
3300
1E00
0000
6180
6180
6180
6180
6180
6180
3380
1D80
0000
0000
0000
0000
ENDCHAR
STARTCHAR Uring
ENCODING 366
SWIDTH 480 0
DWIDTH 10 0
BBX 10 20 0 -4
BITMAP
0C00
1200
1200
0C00
0000
6180
6180
6180
6180
6180
6180
6180
6180
6180
3300
1E00
0000
0000
0000
0000
ENDCHAR
STARTCHAR uring
ENCODING 367
SWIDTH 480 0
DWIDTH 10 0
BBX 10 20 0 -4
BITMAP
0000
0000
0000
0C00
1200
1200
0C00
0000
6180
6180
6180
6180
6180
6180
3380
1D80
0000
0000
0000
0000
ENDCHAR
STARTCHAR Uhungarumlaut
ENCODING 368
SWIDTH 480 0
DWIDTH 10 0
BBX 10 20 0 -4
BITMAP
0000
1980
3300
0000
6180
6180
6180
6180
6180
6180
6180
6180
6180
6180
3300
1E00
0000
0000
0000
0000
ENDCHAR
STARTCHAR uhungarumlaut
ENCODING 369
SWIDTH 480 0
DWIDTH 10 0
BBX 10 20 0 -4
BITMAP
0000
0000
0000
0000
0000
1980
3300
0000
6180
6180
6180
6180
6180
6180
3380
1D80
0000
0000
0000
0000
ENDCHAR
STARTCHAR Uogonek
ENCODING 370
SWIDTH 480 0
DWIDTH 10 0
BBX 10 20 0 -4
BITMAP
0000
0000
0000
6180
6180
6180
6180
6180
6180
6180
6180
6180
6180
6180
3300
1E00
0600
0E00
0C00
0700
ENDCHAR
STARTCHAR uogonek
ENCODING 371
SWIDTH 480 0
DWIDTH 10 0
BBX 10 20 0 -4
BITMAP
0000
0000
0000
0000
0000
0000
0000
0000
6180
6180
6180
6180
6180
6180
3380
1D80
0380
0600
0600
0380
ENDCHAR
STARTCHAR Wcircumflex
ENCODING 372
SWIDTH 480 0
DWIDTH 10 0
BBX 10 20 0 -4
BITMAP
0C00
1E00
3300
0000
6180
6180
6180
6180
6D80
6D80
6D80
6D80
7380
7380
6180
6180
0000
0000
0000
0000
ENDCHAR
STARTCHAR wcircumflex
ENCODING 373
SWIDTH 480 0
DWIDTH 10 0
BBX 10 20 0 -4
BITMAP
0000
0000
0000
0000
0C00
1E00
3300
0000
6180
6180
6180
6D80
6D80
6D80
7F80
3300
0000
0000
0000
0000
ENDCHAR
STARTCHAR Ycircumflex
ENCODING 374
SWIDTH 480 0
DWIDTH 10 0
BBX 10 20 0 -4
BITMAP
0C00
1E00
3300
0000
6180
3300
3300
1E00
1E00
0C00
0C00
0C00
0C00
0C00
0C00
0C00
0000
0000
0000
0000
ENDCHAR
STARTCHAR ycircumflex
ENCODING 375
SWIDTH 480 0
DWIDTH 10 0
BBX 10 20 0 -4
BITMAP
0000
0000
0000
0000
0C00
1E00
3300
0000
6180
6180
6180
6180
6180
6180
3380
1D80
0180
6180
3300
1E00
ENDCHAR
STARTCHAR Ydieresis
ENCODING 376
SWIDTH 480 0
DWIDTH 10 0
BBX 10 20 0 -4
BITMAP
0000
3300
3300
0000
6180
6180
3300
3300
1E00
1E00
0C00
0C00
0C00
0C00
0C00
0C00
0000
0000
0000
0000
ENDCHAR
STARTCHAR Zacute
ENCODING 377
SWIDTH 480 0
DWIDTH 10 0
BBX 10 20 0 -4
BITMAP
0300
0600
0C00
0000
7F80
0180
0300
0600
0600
0C00
1800
1800
3000
6000
6000
7F80
0000
0000
0000
0000
ENDCHAR
STARTCHAR zacute
ENCODING 378
SWIDTH 480 0
DWIDTH 10 0
BBX 10 20 0 -4
BITMAP
0000
0000
0000
0000
0300
0600
0C00
0000
3F80
0180
0300
0600
0C00
1800
3000
3F80
0000
0000
0000
0000
ENDCHAR
STARTCHAR Zdotaccent
ENCODING 379
SWIDTH 480 0
DWIDTH 10 0
BBX 10 20 0 -4
BITMAP
0000
0C00
0C00
0000
7F80
0180
0300
0600
0600
0C00
1800
1800
3000
6000
6000
7F80
0000
0000
0000
0000
ENDCHAR
STARTCHAR zdotaccent
ENCODING 380
SWIDTH 480 0
DWIDTH 10 0
BBX 10 20 0 -4
BITMAP
0000
0000
0000
0000
0000
0600
0600
0000
3F80
0180
0300
0600
0C00
1800
3000
3F80
0000
0000
0000
0000
ENDCHAR
STARTCHAR Zcaron
ENCODING 381
SWIDTH 480 0
DWIDTH 10 0
BBX 10 20 0 -4
BITMAP
0000
3300
1E00
0C00
0000
7F80
0180
0300
0600
0600
0C00
1800
1800
3000
6000
7F80
0000
0000
0000
0000
ENDCHAR
STARTCHAR zcaron
ENCODING 382
SWIDTH 480 0
DWIDTH 10 0
BBX 10 20 0 -4
BITMAP
0000
0000
0000
0000
3300
1E00
0C00
0000
3F80
0180
0300
0600
0C00
1800
3000
3F80
0000
0000
0000
0000
ENDCHAR
STARTCHAR longs
ENCODING 383
SWIDTH 480 0
DWIDTH 10 0
BBX 10 20 0 -4
BITMAP
0000
0000
0000
0F00
1980
1800
1800
1800
7800
1800
1800
1800
1800
1800
1800
1800
0000
0000
0000
0000
ENDCHAR
STARTCHAR uni0180
ENCODING 384
SWIDTH 480 0
DWIDTH 10 0
BBX 10 20 0 -4
BITMAP
0000
0000
0000
6000
6000
F800
6000
6000
6E00
7300
6180
6180
6180
6180
7300
6E00
0000
0000
0000
0000
ENDCHAR
STARTCHAR uni0181
ENCODING 385
SWIDTH 480 0
DWIDTH 10 0
BBX 10 20 0 -4
BITMAP
0000
0000
0000
7C00
B600
B300
3300
3300
3600
3E00
3300
3180
3180
3180
3300
3E00
0000
0000
0000
0000
ENDCHAR
STARTCHAR uni0182
ENCODING 386
SWIDTH 480 0
DWIDTH 10 0
BBX 10 20 0 -4
BITMAP
0000
0000
0000
7F00
6000
6000
6000
6000
7E00
6300
6180
6180
6180
6180
6300
7E00
0000
0000
0000
0000
ENDCHAR
STARTCHAR uni0183
ENCODING 387
SWIDTH 480 0
DWIDTH 10 0
BBX 10 20 0 -4
BITMAP
0000
0000
0000
7E00
6000
6000
6000
6000
6C00
7600
6300
6300
6300
6300
7600
6C00
0000
0000
0000
0000
ENDCHAR
STARTCHAR uni0184
ENCODING 388
SWIDTH 480 0
DWIDTH 10 0
BBX 10 20 0 -4
BITMAP
0000
0000
0000
6000
E000
E000
6000
6000
7E00
6300
6180
6180
6180
6180
6300
7E00
0000
0000
0000
0000
ENDCHAR
STARTCHAR uni0185
ENCODING 389
SWIDTH 480 0
DWIDTH 10 0
BBX 10 20 0 -4
BITMAP
0000
0000
0000
0000
3000
7000
7000
3000
3600
3B00
3180
3180
3180
3180
3B00
3600
0000
0000
0000
0000
ENDCHAR
STARTCHAR uni0186
ENCODING 390
SWIDTH 480 0
DWIDTH 10 0
BBX 10 20 0 -4
BITMAP
0000
0000
0000
1E00
3300
6180
0180
0180
0180
0180
0180
0180
0180
6180
3300
1E00
0000
0000
0000
0000
ENDCHAR
STARTCHAR uni0187
ENCODING 391
SWIDTH 480 0
DWIDTH 10 0
BBX 10 20 0 -4
BITMAP
0000
00C0
0180
1F00
3300
6100
6000
6000
6000
6000
6000
6000
6000
6180
3300
1E00
0000
0000
0000
0000
ENDCHAR
STARTCHAR uni0188
ENCODING 392
SWIDTH 480 0
DWIDTH 10 0
BBX 10 20 0 -4
BITMAP
0000
0000
0000
0000
0000
00C0
0180
0100
1F00
3100
6000
6000
6000
6000
3180
1F00
0000
0000
0000
0000
ENDCHAR
STARTCHAR uni0189
ENCODING 393
SWIDTH 480 0
DWIDTH 10 0
BBX 10 20 0 -4
BITMAP
0000
0000
0000
7E00
6300
6180
6180
6180
6180
F180
6180
6180
6180
6180
6300
7E00
0000
0000
0000
0000
ENDCHAR
STARTCHAR uni018A
ENCODING 394
SWIDTH 480 0
DWIDTH 10 0
BBX 10 20 0 -4
BITMAP
0000
0000
0000
7E00
B300
B180
3180
3180
3180
3180
3180
3180
3180
3180
3300
3E00
0000
0000
0000
0000
ENDCHAR
STARTCHAR uni018B
ENCODING 395
SWIDTH 480 0
DWIDTH 10 0
BBX 10 20 0 -4
BITMAP
0000
0000
0000
3F80
0180
0180
0180
0180
1F80
3180
6180
6180
6180
6180
3180
1F80
0000
0000
0000
0000
ENDCHAR
STARTCHAR uni018C
ENCODING 396
SWIDTH 480 0
DWIDTH 10 0
BBX 10 20 0 -4
BITMAP
0000
0000
0000
3F00
0300
0300
0300
0300
1B00
3700
6300
6300
6300
6300
3700
1B00
0000
0000
0000
0000
ENDCHAR
STARTCHAR uni018D
ENCODING 397
SWIDTH 480 0
DWIDTH 10 0
BBX 10 20 0 -4
BITMAP
0000
0000
0000
0000
0000
0000
0000
0000
1E00
3300
6180
6180
6180
6180
3300
1E00
0600
0300
3180
1F00
ENDCHAR
STARTCHAR uni018E
ENCODING 398
SWIDTH 480 0
DWIDTH 10 0
BBX 10 20 0 -4
BITMAP
0000
0000
0000
7F80
0180
0180
0180
0180
0180
1F80
0180
0180
0180
0180
0180
7F80
0000
0000
0000
0000
ENDCHAR
STARTCHAR uni018F
ENCODING 399
SWIDTH 480 0
DWIDTH 10 0
BBX 10 20 0 -4
BITMAP
0000
0000
0000
1E00
3300
6180
0180
0180
0180
7F80
6180
6180
6180
6180
3300
1E00
0000
0000
0000
0000
ENDCHAR
STARTCHAR uni0190
ENCODING 400
SWIDTH 480 0
DWIDTH 10 0
BBX 10 20 0 -4
BITMAP
0000
0000
0000
1F00
3180
6000
6000
6000
3000
1F00
3000
6000
6000
6000
3180
1F00
0000
0000
0000
0000
ENDCHAR
STARTCHAR uni0191
ENCODING 401
SWIDTH 480 0
DWIDTH 10 0
BBX 10 20 0 -4
BITMAP
0000
0000
0000
7F80
6000
6000
6000
6000
6000
7E00
6000
6000
6000
6000
6000
6000
6000
6000
C000
0000
ENDCHAR
STARTCHAR florin
ENCODING 402
SWIDTH 480 0
DWIDTH 10 0
BBX 10 20 0 -4
BITMAP
0000
0000
0000
0F00
1980
1980
1800
1800
7E00
1800
1800
1800
1800
1800
1800
1800
1800
D800
7000
0000
ENDCHAR
STARTCHAR uni0193
ENCODING 403
SWIDTH 480 0
DWIDTH 10 0
BBX 10 20 0 -4
BITMAP
0000
00C0
0180
1F00
3300
6000
6000
6000
6000
6780
6180
6180
6180
6180
3380
1E80
0000
0000
0000
0000
ENDCHAR
STARTCHAR uni0194
ENCODING 404
SWIDTH 480 0
DWIDTH 10 0
BBX 10 20 0 -4
BITMAP
0000
0000
0000
6180
6180
6180
3300
3300
3300
1E00
1E00
0C00
1E00
3300
3300
1E00
0000
0000
0000
0000
ENDCHAR
STARTCHAR uni0195
ENCODING 405
SWIDTH 480 0
DWIDTH 10 0
BBX 10 20 0 -4
BITMAP
0000
0000
0000
6000
6000
6000
6000
6000
7980
6D80
6D80
6D80
6D80
6D80
6D80
6700
0000
0000
0000
0000
ENDCHAR
STARTCHAR uni0196
ENCODING 406
SWIDTH 480 0
DWIDTH 10 0
BBX 10 20 0 -4
BITMAP
0000
0000
0000
3C00
0C00
0C00
0C00
0C00
0C00
0C00
0C00
0C00
0C00
0C00
0D80
0700
0000
0000
0000
0000
ENDCHAR
STARTCHAR uni0197
ENCODING 407
SWIDTH 480 0
DWIDTH 10 0
BBX 10 20 0 -4
BITMAP
0000
0000
0000
7F80
0C00
0C00
0C00
0C00
3F00
0C00
0C00
0C00
0C00
0C00
0C00
7F80
0000
0000
0000
0000
ENDCHAR
STARTCHAR uni0198
ENCODING 408
SWIDTH 480 0
DWIDTH 10 0
BBX 10 20 0 -4
BITMAP
0000
0000
0000
6380
66C0
6600
6C00
6C00
6C00
7800
6C00
6C00
6600
6600
6300
6300
0000
0000
0000
0000
ENDCHAR
STARTCHAR uni0199
ENCODING 409
SWIDTH 480 0
DWIDTH 10 0
BBX 10 20 0 -4
BITMAP
0000
0000
0000
3800
6000
6000
6000
6000
6300
6600
6C00
7800
7C00
6600
6300
6180
0000
0000
0000
0000
ENDCHAR
STARTCHAR uni019A
ENCODING 410
SWIDTH 480 0
DWIDTH 10 0
BBX 10 20 0 -4
BITMAP
0000
0000
0000
3C00
0C00
0C00
0C00
0C00
3F00
0C00
0C00
0C00
0C00
0C00
0C00
7F80
0000
0000
0000
0000
ENDCHAR
STARTCHAR uni019B
ENCODING 411
SWIDTH 480 0
DWIDTH 10 0
BBX 10 20 0 -4
BITMAP
0000
0000
0000
6000
6600
3C00
3800
7800
CC00
0C00
1E00
1E00
3300
3300
6180
6180
0000
0000
0000
0000
ENDCHAR
STARTCHAR uni019C
ENCODING 412
SWIDTH 480 0
DWIDTH 10 0
BBX 10 20 0 -4
BITMAP
0000
0000
0000
6D80
6D80
6D80
6D80
6D80
6D80
6D80
6D80
6D80
6D80
6D80
7F80
3680
0000
0000
0000
0000
ENDCHAR
STARTCHAR uni019D
ENCODING 413
SWIDTH 480 0
DWIDTH 10 0
BBX 10 20 0 -4
BITMAP
0000
0000
0000
6180
7180
7180
7980
7980
6D80
6D80
6780
6780
6380
6380
6180
6180
6000
6000
6000
C000
ENDCHAR
STARTCHAR uni019E
ENCODING 414
SWIDTH 480 0
DWIDTH 10 0
BBX 10 20 0 -4
BITMAP
0000
0000
0000
0000
0000
0000
0000
0000
6E00
7300
6180
6180
6180
6180
6180
6180
0180
0180
0180
0180
ENDCHAR
STARTCHAR uni019F
ENCODING 415
SWIDTH 480 0
DWIDTH 10 0
BBX 10 20 0 -4
BITMAP
0000
0000
0000
1E00
3300
6180
6180
6180
6180
7F80
6180
6180
6180
6180
3300
1E00
0000
0000
0000
0000
ENDCHAR
STARTCHAR Ohorn
ENCODING 416
SWIDTH 480 0
DWIDTH 10 0
BBX 10 20 0 -4
BITMAP
0000
0000
0000
1CC0
36C0
6380
6300
6300
6300
6300
6300
6300
6300
6300
3600
1C00
0000
0000
0000
0000
ENDCHAR
STARTCHAR ohorn
ENCODING 417
SWIDTH 480 0
DWIDTH 10 0
BBX 10 20 0 -4
BITMAP
0000
0000
0000
0000
0000
0000
0000
0000
1CC0
36C0
6380
6300
6300
6300
3600
1C00
0000
0000
0000
0000
ENDCHAR
STARTCHAR uni01A2
ENCODING 418
SWIDTH 480 0
DWIDTH 10 0
BBX 10 20 0 -4
BITMAP
0000
0000
0000
3700
7D80
CD80
CD80
CD80
CD80
CD80
CD80
CD80
CD80
CD80
7980
3180
0180
0180
0180
0180
ENDCHAR
STARTCHAR uni01A3
ENCODING 419
SWIDTH 480 0
DWIDTH 10 0
BBX 10 20 0 -4
BITMAP
0000
0000
0000
0000
0000
0000
0000
0000
3700
7D80
CD80
CD80
CD80
CD80
7980
3180
0180
0180
0180
0180
ENDCHAR
STARTCHAR uni01A4
ENCODING 420
SWIDTH 480 0
DWIDTH 10 0
BBX 10 20 0 -4
BITMAP
0000
0000
0000
7E00
B300
B180
3180
3180
3180
3300
3E00
3000
3000
3000
3000
3000
0000
0000
0000
0000
ENDCHAR
STARTCHAR uni01A5
ENCODING 421
SWIDTH 480 0
DWIDTH 10 0
BBX 10 20 0 -4
BITMAP
0000
0000
0000
3800
6C00
6000
6000
6000
6E00
7300
6180
6180
6180
6180
7300
6E00
6000
6000
6000
6000
ENDCHAR
STARTCHAR uni01A6
ENCODING 422
SWIDTH 480 0
DWIDTH 10 0
BBX 10 20 0 -4
BITMAP
0000
6000
6000
7E00
6300
6180
6180
6180
6180
6300
7E00
6600
6300
6300
6180
6180
00C0
00C0
0000
0000
ENDCHAR
STARTCHAR uni01A7
ENCODING 423
SWIDTH 480 0
DWIDTH 10 0
BBX 10 20 0 -4
BITMAP
0000
0000
0000
1E00
3300
6180
0180
0180
0300
1E00
3000
6000
6000
6180
3300
1E00
0000
0000
0000
0000
ENDCHAR
STARTCHAR uni01A8
ENCODING 424
SWIDTH 480 0
DWIDTH 10 0
BBX 10 20 0 -4
BITMAP
0000
0000
0000
0000
0000
0000
0000
0000
3F00
6180
0180
3F00
6000
6000
6180
3F00
0000
0000
0000
0000
ENDCHAR
STARTCHAR uni01A9
ENCODING 425
SWIDTH 480 0
DWIDTH 10 0
BBX 10 20 0 -4
BITMAP
0000
0000
0000
7F80
6000
3000
1800
0C00
0600
0600
0C00
1800
1800
3000
6000
7F80
0000
0000
0000
0000
ENDCHAR
STARTCHAR uni01AA
ENCODING 426
SWIDTH 480 0
DWIDTH 10 0
BBX 10 20 0 -4
BITMAP
0000
0000
0000
3800
6C00
4400
6C00
3C00
0C00
0C00
0C00
0C00
0C00
0C00
0C00
0C00
0C00
0C00
0600
0380
ENDCHAR
STARTCHAR uni01AB
ENCODING 427
SWIDTH 480 0
DWIDTH 10 0
BBX 10 20 0 -4
BITMAP
0000
0000
0000
0000
0000
1800
1800
1800
7E00
1800
1800
1800
1800
1800
1800
0F80
0180
0180
0300
1E00
ENDCHAR
STARTCHAR uni01AC
ENCODING 428
SWIDTH 480 0
DWIDTH 10 0
BBX 10 20 0 -4
BITMAP
0000
0000
0000
7F80
CC00
CC00
CC00
0C00
0C00
0C00
0C00
0C00
0C00
0C00
0C00
0C00
0000
0000
0000
0000
ENDCHAR
STARTCHAR uni01AD
ENCODING 429
SWIDTH 480 0
DWIDTH 10 0
BBX 10 20 0 -4
BITMAP
0000
0000
0000
0000
0F00
1980
1800
1800
7E00
1800
1800
1800
1800
1800
1980
0F00
0000
0000
0000
0000
ENDCHAR
STARTCHAR uni01AE
ENCODING 430
SWIDTH 480 0
DWIDTH 10 0
BBX 10 20 0 -4
BITMAP
0000
0000
0000
7F80
0C00
0C00
0C00
0C00
0C00
0C00
0C00
0C00
0C00
0C00
0C00
0C00
0C00
0C00
0C00
0700
ENDCHAR
STARTCHAR Uhorn
ENCODING 431
SWIDTH 480 0
DWIDTH 10 0
BBX 10 20 0 -4
BITMAP
0000
0000
0000
66C0
66C0
6780
6600
6600
6600
6600
6600
6600
6600
6600
3C00
1800
0000
0000
0000
0000
ENDCHAR
STARTCHAR uhorn
ENCODING 432
SWIDTH 480 0
DWIDTH 10 0
BBX 10 20 0 -4
BITMAP
0000
0000
0000
0000
0000
0000
0000
0000
66C0
66C0
6780
6600
6600
6600
3E00
1E00
0000
0000
0000
0000
ENDCHAR
STARTCHAR uni01B1
ENCODING 433
SWIDTH 480 0
DWIDTH 10 0
BBX 10 20 0 -4
BITMAP
0000
0000
0000
7380
1200
3300
6180
6180
6180
6180
6180
6180
6180
6180
3300
1E00
0000
0000
0000
0000
ENDCHAR
STARTCHAR uni01B2
ENCODING 434
SWIDTH 480 0
DWIDTH 10 0
BBX 10 20 0 -4
BITMAP
0000
0000
0000
6600
6600
6300
6300
6180
6180
6180
6180
6180
6180
6180
3300
1E00
0000
0000
0000
0000
ENDCHAR
STARTCHAR uni01B3
ENCODING 435
SWIDTH 480 0
DWIDTH 10 0
BBX 10 20 0 -4
BITMAP
0000
0000
0000
7980
D980
D980
1980
0F00
0F00
0600
0600
0600
0600
0600
0600
0600
0000
0000
0000
0000
ENDCHAR
STARTCHAR uni01B4
ENCODING 436
SWIDTH 480 0
DWIDTH 10 0
BBX 10 20 0 -4
BITMAP
0000
0000
0000
0000
0000
01C0
0300
0300
6300
6300
6300
6300
6300
6300
3700
1B00
0300
6300
3600
1C00
ENDCHAR
STARTCHAR uni01B5
ENCODING 437
SWIDTH 480 0
DWIDTH 10 0
BBX 10 20 0 -4
BITMAP
0000
0000
0000
7F80
0180
0180
0300
0300
0600
3F00
1800
3000
3000
6000
6000
7F80
0000
0000
0000
0000
ENDCHAR
STARTCHAR uni01B6
ENCODING 438
SWIDTH 480 0
DWIDTH 10 0
BBX 10 20 0 -4
BITMAP
0000
0000
0000
0000
0000
0000
0000
0000
3F80
0180
0300
1F80
0C00
1800
3000
3F80
0000
0000
0000
0000
ENDCHAR
STARTCHAR uni01B7
ENCODING 439
SWIDTH 480 0
DWIDTH 10 0
BBX 10 20 0 -4
BITMAP
0000
0000
0000
7F80
0180
0300
0600
0C00
1E00
0300
0180
0180
6180
6180
3300
1E00
0000
0000
0000
0000
ENDCHAR
STARTCHAR uni01B8
ENCODING 440
SWIDTH 480 0
DWIDTH 10 0
BBX 10 20 0 -4
BITMAP
0000
0000
0000
7F80
6000
3000
1800
0C00
1E00
3000
6000
6000
6180
6180
3300
1E00
0000
0000
0000
0000
ENDCHAR
STARTCHAR uni01B9
ENCODING 441
SWIDTH 480 0
DWIDTH 10 0
BBX 10 20 0 -4
BITMAP
0000
0000
0000
0000
0000
0000
0000
0000
7F00
6000
3000
1800
0C00
1E00
3000
6000
6180
6180
3300
1E00
ENDCHAR
STARTCHAR uni01BA
ENCODING 442
SWIDTH 480 0
DWIDTH 10 0
BBX 10 20 0 -4
BITMAP
0000
0000
0000
0000
0000
0000
0000
0000
3F80
0180
0300
0600
1F00
0180
0180
0700
0C00
1800
1B00
0E00
ENDCHAR
STARTCHAR uni01BB
ENCODING 443
SWIDTH 480 0
DWIDTH 10 0
BBX 10 20 0 -4
BITMAP
0000
0000
0000
1E00
3300
6180
6180
0180
0180
0300
7F80
1800
3000
6000
6000
7F80
0000
0000
0000
0000
ENDCHAR
STARTCHAR uni01BC
ENCODING 444
SWIDTH 480 0
DWIDTH 10 0
BBX 10 20 0 -4
BITMAP
0000
0000
0000
7F80
6080
6000
6000
6000
6E00
7300
0180
0180
0180
6180
3300
1E00
0000
0000
0000
0000
ENDCHAR
STARTCHAR uni01BD
ENCODING 445
SWIDTH 480 0
DWIDTH 10 0
BBX 10 20 0 -4
BITMAP
0000
0000
0000
3F00
3100
3000
3000
3000
3E00
3B00
0300
0300
0300
3300
1E00
0C00
0000
0000
0000
0000
ENDCHAR
STARTCHAR uni01BE
ENCODING 446
SWIDTH 480 0
DWIDTH 10 0
BBX 10 20 0 -4
BITMAP
0000
0000
0000
0000
0000
1800
1800
1800
7E00
1800
1800
0C00
0600
0300
3300
1E00
0000
0000
0000
0000
ENDCHAR
STARTCHAR uni01BF
ENCODING 447
SWIDTH 480 0
DWIDTH 10 0
BBX 10 20 0 -4
BITMAP
0000
0000
0000
0000
0000
0000
0000
0000
6E00
7300
6180
6180
6180
6180
6300
6E00
7800
6000
6000
6000
ENDCHAR
STARTCHAR uni01C0
ENCODING 448
SWIDTH 480 0
DWIDTH 10 0
BBX 10 20 0 -4
BITMAP
0000
0000
0000
0C00
0C00
0C00
0C00
0C00
0C00
0C00
0C00
0C00
0C00
0C00
0C00
0C00
0C00
0C00
0000
0000
ENDCHAR
STARTCHAR uni01C1
ENCODING 449
SWIDTH 480 0
DWIDTH 10 0
BBX 10 20 0 -4
BITMAP
0000
0000
0000
3300
3300
3300
3300
3300
3300
3300
3300
3300
3300
3300
3300
3300
3300
3300
0000
0000
ENDCHAR
STARTCHAR uni01C2
ENCODING 450
SWIDTH 480 0
DWIDTH 10 0
BBX 10 20 0 -4
BITMAP
0000
0000
0000
0000
0000
0000
0000
0C00
0C00
7F80
0C00
0C00
0C00
7F80
0C00
0C00
0000
0000
0000
0000
ENDCHAR
STARTCHAR uni01C3
ENCODING 451
SWIDTH 480 0
DWIDTH 10 0
BBX 10 20 0 -4
BITMAP
0000
0000
0000
0C00
0C00
0C00
0C00
0C00
0C00
0C00
0C00
0C00
0000
0000
0C00
0C00
0000
0000
0000
0000
ENDCHAR
STARTCHAR uni01C4
ENCODING 452
SWIDTH 480 0
DWIDTH 10 0
BBX 10 20 0 -4
BITMAP
0000
06C0
0380
0000
F3C0
D8C0
D8C0
D8C0
D980
D980
D980
D980
DB00
DB00
DB00
F3C0
0000
0000
0000
0000
ENDCHAR
STARTCHAR uni01C5
ENCODING 453
SWIDTH 480 0
DWIDTH 10 0
BBX 10 20 0 -4
BITMAP
0000
0000
0000
F000
D800
DEC0
DB80
D800
DBC0
D8C0
D8C0
D980
D980
DB00
DB00
F3C0
0000
0000
0000
0000
ENDCHAR
STARTCHAR uni01C6
ENCODING 454
SWIDTH 480 0
DWIDTH 10 0
BBX 10 20 0 -4
BITMAP
0000
0000
0000
1800
1800
1EC0
1B80
1800
7BC0
D8C0
D8C0
D980
D980
DB00
DB00
7BC0
0000
0000
0000
0000
ENDCHAR
STARTCHAR uni01C7
ENCODING 455
SWIDTH 480 0
DWIDTH 10 0
BBX 10 20 0 -4
BITMAP
0000
0000
0000
C780
C180
C180
C180
C180
C180
C180
C180
C180
C180
C180
CD80
F700
0000
0000
0000
0000
ENDCHAR
STARTCHAR uni01C8
ENCODING 456
SWIDTH 480 0
DWIDTH 10 0
BBX 10 20 0 -4
BITMAP
0000
0000
0000
C000
C000
C180
C180
C000
C780
C180
C180
C180
C180
C180
C180
F980
0180
3180
3180
1F00
ENDCHAR
STARTCHAR uni01C9
ENCODING 457
SWIDTH 480 0
DWIDTH 10 0
BBX 10 20 0 -4
BITMAP
0000
0000
0000
7000
3000
3180
3180
3000
3780
3180
3180
3180
3180
3180
3180
FD80
0180
3180
3180
1F00
ENDCHAR
STARTCHAR uni01CA
ENCODING 458
SWIDTH 480 0
DWIDTH 10 0
BBX 10 20 0 -4
BITMAP
0000
0000
0000
CD80
CD80
CD80
ED80
ED80
ED80
FD80
DD80
DD80
DD80
CD80
CD80
CD80
0180
3300
1E00
0000
ENDCHAR
STARTCHAR uni01CB
ENCODING 459
SWIDTH 480 0
DWIDTH 10 0
BBX 10 20 0 -4
BITMAP
0000
0000
0000
CC00
CC00
CD80
ED80
EC00
ED80
FD80
DD80
DD80
DD80
CD80
CD80
CD80
0180
3180
3180
1F00
ENDCHAR
STARTCHAR uni01CC
ENCODING 460
SWIDTH 480 0
DWIDTH 10 0
BBX 10 20 0 -4
BITMAP
0000
0000
0000
0000
0000
0180
0180
0000
D980
ED80
CD80
CD80
CD80
CD80
CD80
CD80
0180
3180
3180
1F00
ENDCHAR
STARTCHAR uni01CD
ENCODING 461
SWIDTH 480 0
DWIDTH 10 0
BBX 10 20 0 -4
BITMAP
0000
3300
1E00
0C00
0000
0C00
1E00
3300
3300
6180
6180
7F80
6180
6180
6180
6180
0000
0000
0000
0000
ENDCHAR
STARTCHAR uni01CE
ENCODING 462
SWIDTH 480 0
DWIDTH 10 0
BBX 10 20 0 -4
BITMAP
0000
0000
0000
0000
3300
1E00
0C00
0000
1F00
3180
0180
3F80
6180
6180
6180
3E80
0000
0000
0000
0000
ENDCHAR
STARTCHAR uni01CF
ENCODING 463
SWIDTH 480 0
DWIDTH 10 0
BBX 10 20 0 -4
BITMAP
0000
3300
1E00
0C00
0000
7F80
0C00
0C00
0C00
0C00
0C00
0C00
0C00
0C00
0C00
7F80
0000
0000
0000
0000
ENDCHAR
STARTCHAR uni01D0
ENCODING 464
SWIDTH 480 0
DWIDTH 10 0
BBX 10 20 0 -4
BITMAP
0000
0000
0000
0000
3300
1E00
0C00
0000
3C00
0C00
0C00
0C00
0C00
0C00
0C00
7F80
0000
0000
0000
0000
ENDCHAR
STARTCHAR uni01D1
ENCODING 465
SWIDTH 480 0
DWIDTH 10 0
BBX 10 20 0 -4
BITMAP
0000
3300
1E00
0C00
0000
1E00
3300
6180
6180
6180
6180
6180
6180
6180
3300
1E00
0000
0000
0000
0000
ENDCHAR
STARTCHAR uni01D2
ENCODING 466
SWIDTH 480 0
DWIDTH 10 0
BBX 10 20 0 -4
BITMAP
0000
0000
0000
0000
3300
1E00
0C00
0000
1E00
3300
6180
6180
6180
6180
3300
1E00
0000
0000
0000
0000
ENDCHAR
STARTCHAR uni01D3
ENCODING 467
SWIDTH 480 0
DWIDTH 10 0
BBX 10 20 0 -4
BITMAP
0000
3300
1E00
0C00
6180
6180
6180
6180
6180
6180
6180
6180
6180
6180
3300
1E00
0000
0000
0000
0000
ENDCHAR
STARTCHAR uni01D4
ENCODING 468
SWIDTH 480 0
DWIDTH 10 0
BBX 10 20 0 -4
BITMAP
0000
0000
0000
0000
3300
1E00
0C00
0000
6180
6180
6180
6180
6180
6180
3380
1D80
0000
0000
0000
0000
ENDCHAR
STARTCHAR uni01D5
ENCODING 469
SWIDTH 480 0
DWIDTH 10 0
BBX 10 20 0 -4
BITMAP
0000
7F80
0000
3300
3300
0000
6180
6180
6180
6180
6180
6180
6180
6180
3300
1E00
0000
0000
0000
0000
ENDCHAR
STARTCHAR uni01D6
ENCODING 470
SWIDTH 480 0
DWIDTH 10 0
BBX 10 20 0 -4
BITMAP
0000
0000
0000
7F80
0000
3300
3300
0000
6180
6180
6180
6180
6180
6180
3380
1D80
0000
0000
0000
0000
ENDCHAR
STARTCHAR uni01D7
ENCODING 471
SWIDTH 480 0
DWIDTH 10 0
BBX 10 20 0 -4
BITMAP
0600
0C00
0000
3300
3300
0000
6180
6180
6180
6180
6180
6180
6180
6180
3300
1E00
0000
0000
0000
0000
ENDCHAR
STARTCHAR uni01D8
ENCODING 472
SWIDTH 480 0
DWIDTH 10 0
BBX 10 20 0 -4
BITMAP
0000
0000
0600
0C00
0000
3300
3300
0000
6180
6180
6180
6180
6180
6180
3380
1D80
0000
0000
0000
0000
ENDCHAR
STARTCHAR uni01D9
ENCODING 473
SWIDTH 480 0
DWIDTH 10 0
BBX 10 20 0 -4
BITMAP
1B00
0E00
0000
3300
3300
0000
6180
6180
6180
6180
6180
6180
6180
6180
3300
1E00
0000
0000
0000
0000
ENDCHAR
STARTCHAR uni01DA
ENCODING 474
SWIDTH 480 0
DWIDTH 10 0
BBX 10 20 0 -4
BITMAP
0000
0000
1B00
0E00
0000
3300
3300
0000
6180
6180
6180
6180
6180
6180
3380
1D80
0000
0000
0000
0000
ENDCHAR
STARTCHAR uni01DB
ENCODING 475
SWIDTH 480 0
DWIDTH 10 0
BBX 10 20 0 -4
BITMAP
1800
0C00
0000
3300
3300
0000
6180
6180
6180
6180
6180
6180
6180
6180
3300
1E00
0000
0000
0000
0000
ENDCHAR
STARTCHAR uni01DC
ENCODING 476
SWIDTH 480 0
DWIDTH 10 0
BBX 10 20 0 -4
BITMAP
0000
0000
1800
0C00
0000
3300
3300
0000
6180
6180
6180
6180
6180
6180
3380
1D80
0000
0000
0000
0000
ENDCHAR
STARTCHAR uni01DD
ENCODING 477
SWIDTH 480 0
DWIDTH 10 0
BBX 10 20 0 -4
BITMAP
0000
0000
0000
0000
0000
0000
0000
0000
3E00
6300
0180
0180
7F80
6180
3300
1E00
0000
0000
0000
0000
ENDCHAR
STARTCHAR uni01DE
ENCODING 478
SWIDTH 480 0
DWIDTH 10 0
BBX 10 20 0 -4
BITMAP
7F80
0000
3300
3300
0000
0C00
1E00
3300
6180
6180
6180
7F80
6180
6180
6180
6180
0000
0000
0000
0000
ENDCHAR
STARTCHAR uni01DF
ENCODING 479
SWIDTH 480 0
DWIDTH 10 0
BBX 10 20 0 -4
BITMAP
0000
0000
0000
7F80
0000
3300
3300
0000
1F00
3180
0180
3F80
6180
6180
6180
3E80
0000
0000
0000
0000
ENDCHAR
STARTCHAR uni01E0
ENCODING 480
SWIDTH 480 0
DWIDTH 10 0
BBX 10 20 0 -4
BITMAP
7F80
0000
0C00
0C00
0000
0C00
1E00
3300
6180
6180
6180
7F80
6180
6180
6180
6180
0000
0000
0000
0000
ENDCHAR
STARTCHAR uni01E1
ENCODING 481
SWIDTH 480 0
DWIDTH 10 0
BBX 10 20 0 -4
BITMAP
0000
0000
0000
7F80
0000
0C00
0C00
0000
1F00
3180
0180
3F80
6180
6180
6180
3E80
0000
0000
0000
0000
ENDCHAR
STARTCHAR uni01E2
ENCODING 482
SWIDTH 480 0
DWIDTH 10 0
BBX 10 20 0 -4
BITMAP
0000
7F80
0000
0F80
1E00
3600
3600
6600
6600
7F80
6600
6600
6600
6600
6600
6780
0000
0000
0000
0000
ENDCHAR
STARTCHAR uni01E3
ENCODING 483
SWIDTH 480 0
DWIDTH 10 0
BBX 10 20 0 -4
BITMAP
0000
0000
0000
0000
0000
0000
7F80
0000
3B00
4D80
0D80
0F00
3C00
6C00
6C80
3700
0000
0000
0000
0000
ENDCHAR
STARTCHAR uni01E4
ENCODING 484
SWIDTH 480 0
DWIDTH 10 0
BBX 10 20 0 -4
BITMAP
0000
0000
0000
1E00
3300
6180
6000
6000
6000
6780
6180
6180
67C0
6180
3380
1E80
0000
0000
0000
0000
ENDCHAR
STARTCHAR uni01E5
ENCODING 485
SWIDTH 480 0
DWIDTH 10 0
BBX 10 20 0 -4
BITMAP
0000
0000
0000
0000
0000
0000
0000
0000
3E80
6380
6300
6300
6300
3E00
6000
3F00
6180
67C0
6180
3F00
ENDCHAR
STARTCHAR Gcaron
ENCODING 486
SWIDTH 480 0
DWIDTH 10 0
BBX 10 20 0 -4
BITMAP
0000
3300
1E00
0C00
0000
1E00
3300
6000
6000
6000
6780
6180
6180
6180
3380
1E80
0000
0000
0000
0000
ENDCHAR
STARTCHAR gcaron
ENCODING 487
SWIDTH 480 0
DWIDTH 10 0
BBX 10 20 0 -4
BITMAP
0000
0000
0000
0000
3300
1E00
0C00
0000
3E80
6380
6300
6300
6300
3E00
6000
3F00
6180
6180
6180
3F00
ENDCHAR
STARTCHAR uni01E8
ENCODING 488
SWIDTH 480 0
DWIDTH 10 0
BBX 10 20 0 -4
BITMAP
0000
3300
1E00
0C00
6180
6300
6300
6600
6600
7C00
6600
6600
6300
6300
6180
6180
0000
0000
0000
0000
ENDCHAR
STARTCHAR uni01E9
ENCODING 489
SWIDTH 480 0
DWIDTH 10 0
BBX 10 20 0 -4
BITMAP
0000
3300
1E00
0C00
6000
6000
6000
6000
6300
6600
6C00
7800
7C00
6600
6300
6180
0000
0000
0000
0000
ENDCHAR
STARTCHAR uni01EA
ENCODING 490
SWIDTH 480 0
DWIDTH 10 0
BBX 10 20 0 -4
BITMAP
0000
0000
0000
1E00
3300
6180
6180
6180
6180
6180
6180
6180
6180
6180
3300
1E00
0C00
1800
1800
0E00
ENDCHAR
STARTCHAR uni01EB
ENCODING 491
SWIDTH 480 0
DWIDTH 10 0
BBX 10 20 0 -4
BITMAP
0000
0000
0000
0000
0000
0000
0000
0000
1E00
3300
6180
6180
6180
6180
3300
1E00
0C00
1800
1800
0E00
ENDCHAR
STARTCHAR uni01EC
ENCODING 492
SWIDTH 480 0
DWIDTH 10 0
BBX 10 20 0 -4
BITMAP
0000
7F80
0000
1E00
3300
6180
6180
6180
6180
6180
6180
6180
6180
6180
3300
1E00
0C00
1800
1800
0E00
ENDCHAR
STARTCHAR uni01ED
ENCODING 493
SWIDTH 480 0
DWIDTH 10 0
BBX 10 20 0 -4
BITMAP
0000
0000
0000
0000
0000
0000
7F80
0000
1E00
3300
6180
6180
6180
6180
3300
1E00
0C00
1800
1800
0E00
ENDCHAR
STARTCHAR uni01EE
ENCODING 494
SWIDTH 480 0
DWIDTH 10 0
BBX 10 20 0 -4
BITMAP
0000
3300
1E00
0C00
0000
7F80
0180
0300
0600
1E00
0300
0180
6180
6180
3300
1E00
0000
0000
0000
0000
ENDCHAR
STARTCHAR uni01EF
ENCODING 495
SWIDTH 480 0
DWIDTH 10 0
BBX 10 20 0 -4
BITMAP
0000
0000
0000
0000
3300
1E00
0C00
0000
3F80
0180
0300
0600
0C00
1E00
0300
0180
6180
6180
3300
1E00
ENDCHAR
STARTCHAR uni01F0
ENCODING 496
SWIDTH 480 0
DWIDTH 10 0
BBX 10 20 0 -4
BITMAP
0000
0000
0000
0000
0CC0
0780
0300
0000
0780
0180
0180
0180
0180
0180
0180
0180
3180
3180
3180
1F00
ENDCHAR
STARTCHAR uni01F1
ENCODING 497
SWIDTH 480 0
DWIDTH 10 0
BBX 10 20 0 -4
BITMAP
0000
0000
0000
F3C0
D8C0
D8C0
D8C0
D980
D980
D980
D980
D980
DB00
DB00
DB00
F3C0
0000
0000
0000
0000
ENDCHAR
STARTCHAR uni01F2
ENCODING 498
SWIDTH 480 0
DWIDTH 10 0
BBX 10 20 0 -4
BITMAP
0000
0000
0000
F000
D800
D800
D800
D800
DBC0
D8C0
D8C0
D980
D980
DB00
DB00
F3C0
0000
0000
0000
0000
ENDCHAR
STARTCHAR uni01F3
ENCODING 499
SWIDTH 480 0
DWIDTH 10 0
BBX 10 20 0 -4
BITMAP
0000
0000
0000
1800
1800
1800
1800
1800
7BC0
D8C0
D8C0
D980
D980
DB00
DB00
7BC0
0000
0000
0000
0000
ENDCHAR
STARTCHAR uni01F4
ENCODING 500
SWIDTH 480 0
DWIDTH 10 0
BBX 10 20 0 -4
BITMAP
0300
0600
0C00
0000
1E00
3300
6180
6000
6000
6780
6180
6180
6180
6180
3380
1E80
0000
0000
0000
0000
ENDCHAR
STARTCHAR uni01F5
ENCODING 501
SWIDTH 480 0
DWIDTH 10 0
BBX 10 20 0 -4
BITMAP
0000
0000
0000
0000
0600
0C00
1800
0000
3E80
6380
6300
6300
6300
3E00
6000
3F00
6180
6180
6180
3F00
ENDCHAR
STARTCHAR uni01F6
ENCODING 502
SWIDTH 480 0
DWIDTH 10 0
BBX 10 20 0 -4
BITMAP
0000
0000
0000
6C00
6C00
6C00
6C00
6C00
6D80
7D80
6D80
6D80
6D80
6D80
6D80
6700
0000
0000
0000
0000
ENDCHAR
STARTCHAR uni01F7
ENCODING 503
SWIDTH 480 0
DWIDTH 10 0
BBX 10 20 0 -4
BITMAP
0000
0000
0000
6E00
7B00
6180
6180
6180
6180
6300
6600
6C00
7800
6000
6000
6000
6000
6000
4000
0000
ENDCHAR
STARTCHAR uni01F8
ENCODING 504
SWIDTH 480 0
DWIDTH 10 0
BBX 10 20 0 -4
BITMAP
0000
1800
0C00
0600
0000
6180
7180
7980
7980
6D80
6D80
6780
6780
6380
6180
6180
0000
0000
0000
0000
ENDCHAR
STARTCHAR uni01F9
ENCODING 505
SWIDTH 480 0
DWIDTH 10 0
BBX 10 20 0 -4
BITMAP
0000
0000
0000
0000
1800
0C00
0600
0000
6E00
7300
6180
6180
6180
6180
6180
6180
0000
0000
0000
0000
ENDCHAR
STARTCHAR Aringacute
ENCODING 506
SWIDTH 480 0
DWIDTH 10 0
BBX 10 20 0 -4
BITMAP
0600
0C00
0000
0C00
1200
1200
0C00
0C00
1E00
3300
6180
6180
7F80
6180
6180
6180
0000
0000
0000
0000
ENDCHAR
STARTCHAR aringacute
ENCODING 507
SWIDTH 480 0
DWIDTH 10 0
BBX 10 20 0 -4
BITMAP
0600
0C00
0000
0C00
1200
1200
0C00
0000
3F00
6180
0180
3F80
6180
6180
6180
3E80
0000
0000
0000
0000
ENDCHAR
STARTCHAR AEacute
ENCODING 508
SWIDTH 480 0
DWIDTH 10 0
BBX 10 20 0 -4
BITMAP
0300
0600
0C00
0000
0F80
1E00
3600
3600
6600
7F80
6600
6600
6600
6600
6600
6780
0000
0000
0000
0000
ENDCHAR
STARTCHAR aeacute
ENCODING 509
SWIDTH 480 0
DWIDTH 10 0
BBX 10 20 0 -4
BITMAP
0000
0000
0000
0000
0300
0600
0C00
0000
3B00
4D80
0D80
0F00
3C00
6C00
6C80
3700
0000
0000
0000
0000
ENDCHAR
STARTCHAR Oslashacute
ENCODING 510
SWIDTH 480 0
DWIDTH 10 0
BBX 10 20 0 -4
BITMAP
0600
0C00
1800
0100
1F00
3300
6380
6580
6580
6580
6980
6980
6980
7180
3300
3E00
4000
0000
0000
0000
ENDCHAR
STARTCHAR oslashacute
ENCODING 511
SWIDTH 480 0
DWIDTH 10 0
BBX 10 20 0 -4
BITMAP
0000
0000
0000
0000
0300
0600
0C00
0080
1F00
3300
6580
6580
6980
6980
3300
3E00
4000
0000
0000
0000
ENDCHAR
STARTCHAR uni0200
ENCODING 512
SWIDTH 480 0
DWIDTH 10 0
BBX 10 20 0 -4
BITMAP
0000
6600
3300
0000
0C00
1E00
3300
3300
6180
6180
6180
7F80
6180
6180
6180
6180
0000
0000
0000
0000
ENDCHAR
STARTCHAR uni0201
ENCODING 513
SWIDTH 480 0
DWIDTH 10 0
BBX 10 20 0 -4
BITMAP
0000
0000
0000
0000
0000
6600
3300
0000
1F00
3180
0180
3F80
6180
6180
6180
3E80
0000
0000
0000
0000
ENDCHAR
STARTCHAR uni0202
ENCODING 514
SWIDTH 480 0
DWIDTH 10 0
BBX 10 20 0 -4
BITMAP
0000
1E00
3300
2100
0000
0C00
1E00
3300
6180
6180
6180
7F80
6180
6180
6180
6180
0000
0000
0000
0000
ENDCHAR
STARTCHAR uni0203
ENCODING 515
SWIDTH 480 0
DWIDTH 10 0
BBX 10 20 0 -4
BITMAP
0000
0000
0000
0000
1E00
3300
2100
0000
1F00
3180
0180
3F80
6180
6180
6180
3E80
0000
0000
0000
0000
ENDCHAR
STARTCHAR uni0204
ENCODING 516
SWIDTH 480 0
DWIDTH 10 0
BBX 10 20 0 -4
BITMAP
0000
6600
3300
0000
7F80
6000
6000
6000
6000
7E00
6000
6000
6000
6000
6000
7F80
0000
0000
0000
0000
ENDCHAR
STARTCHAR uni0205
ENCODING 517
SWIDTH 480 0
DWIDTH 10 0
BBX 10 20 0 -4
BITMAP
0000
0000
0000
0000
0000
6600
3300
0000
1E00
3300
6180
7F80
6000
6000
3180
1F00
0000
0000
0000
0000
ENDCHAR
STARTCHAR uni0206
ENCODING 518
SWIDTH 480 0
DWIDTH 10 0
BBX 10 20 0 -4
BITMAP
0000
1E00
3300
2100
0000
7F80
6000
6000
6000
6000
7E00
6000
6000
6000
6000
7F80
0000
0000
0000
0000
ENDCHAR
STARTCHAR uni0207
ENCODING 519
SWIDTH 480 0
DWIDTH 10 0
BBX 10 20 0 -4
BITMAP
0000
0000
0000
0000
1E00
3300
2100
0000
1E00
3300
6180
7F80
6000
6000
3180
1F00
0000
0000
0000
0000
ENDCHAR
STARTCHAR uni0208
ENCODING 520
SWIDTH 480 0
DWIDTH 10 0
BBX 10 20 0 -4
BITMAP
0000
6600
3300
0000
7F80
0C00
0C00
0C00
0C00
0C00
0C00
0C00
0C00
0C00
0C00
7F80
0000
0000
0000
0000
ENDCHAR
STARTCHAR uni0209
ENCODING 521
SWIDTH 480 0
DWIDTH 10 0
BBX 10 20 0 -4
BITMAP
0000
0000
0000
0000
0000
6600
3300
0000
3C00
0C00
0C00
0C00
0C00
0C00
0C00
7F80
0000
0000
0000
0000
ENDCHAR
STARTCHAR uni020A
ENCODING 522
SWIDTH 480 0
DWIDTH 10 0
BBX 10 20 0 -4
BITMAP
0000
1E00
3300
2100
0000
7F80
0C00
0C00
0C00
0C00
0C00
0C00
0C00
0C00
0C00
7F80
0000
0000
0000
0000
ENDCHAR
STARTCHAR uni020B
ENCODING 523
SWIDTH 480 0
DWIDTH 10 0
BBX 10 20 0 -4
BITMAP
0000
0000
0000
0000
1E00
3300
2100
0000
3C00
0C00
0C00
0C00
0C00
0C00
0C00
7F80
0000
0000
0000
0000
ENDCHAR
STARTCHAR uni020C
ENCODING 524
SWIDTH 480 0
DWIDTH 10 0
BBX 10 20 0 -4
BITMAP
0000
6600
3300
0000
1E00
3300
6180
6180
6180
6180
6180
6180
6180
6180
3300
1E00
0000
0000
0000
0000
ENDCHAR
STARTCHAR uni020D
ENCODING 525
SWIDTH 480 0
DWIDTH 10 0
BBX 10 20 0 -4
BITMAP
0000
0000
0000
0000
0000
6600
3300
0000
1E00
3300
6180
6180
6180
6180
3300
1E00
0000
0000
0000
0000
ENDCHAR
STARTCHAR uni020E
ENCODING 526
SWIDTH 480 0
DWIDTH 10 0
BBX 10 20 0 -4
BITMAP
0000
1E00
3300
2100
0000
1E00
3300
6180
6180
6180
6180
6180
6180
6180
3300
1E00
0000
0000
0000
0000
ENDCHAR
STARTCHAR uni020F
ENCODING 527
SWIDTH 480 0
DWIDTH 10 0
BBX 10 20 0 -4
BITMAP
0000
0000
0000
0000
1E00
3300
2100
0000
1E00
3300
6180
6180
6180
6180
3300
1E00
0000
0000
0000
0000
ENDCHAR
STARTCHAR uni0210
ENCODING 528
SWIDTH 480 0
DWIDTH 10 0
BBX 10 20 0 -4
BITMAP
0000
6600
3300
0000
7E00
6300
6180
6180
6180
6300
7E00
6600
6300
6300
6180
6180
0000
0000
0000
0000
ENDCHAR
STARTCHAR uni0211
ENCODING 529
SWIDTH 480 0
DWIDTH 10 0
BBX 10 20 0 -4
BITMAP
0000
0000
0000
0000
0000
6600
3300
0000
6F00
3980
3000
3000
3000
3000
3000
3000
0000
0000
0000
0000
ENDCHAR
STARTCHAR uni0212
ENCODING 530
SWIDTH 480 0
DWIDTH 10 0
BBX 10 20 0 -4
BITMAP
0000
1E00
3300
2100
0000
7E00
6300
6180
6180
6300
7E00
6600
6300
6300
6180
6180
0000
0000
0000
0000
ENDCHAR
STARTCHAR uni0213
ENCODING 531
SWIDTH 480 0
DWIDTH 10 0
BBX 10 20 0 -4
BITMAP
0000
0000
0000
0000
1E00
3300
2100
0000
6F00
3980
3000
3000
3000
3000
3000
3000
0000
0000
0000
0000
ENDCHAR
STARTCHAR uni0214
ENCODING 532
SWIDTH 480 0
DWIDTH 10 0
BBX 10 20 0 -4
BITMAP
0000
6600
3300
0000
6180
6180
6180
6180
6180
6180
6180
6180
6180
6180
3300
1E00
0000
0000
0000
0000
ENDCHAR
STARTCHAR uni0215
ENCODING 533
SWIDTH 480 0
DWIDTH 10 0
BBX 10 20 0 -4
BITMAP
0000
0000
0000
0000
0000
6600
3300
0000
6180
6180
6180
6180
6180
6180
3380
1D80
0000
0000
0000
0000
ENDCHAR
STARTCHAR uni0216
ENCODING 534
SWIDTH 480 0
DWIDTH 10 0
BBX 10 20 0 -4
BITMAP
0000
1E00
3300
2100
0000
6180
6180
6180
6180
6180
6180
6180
6180
6180
3300
1E00
0000
0000
0000
0000
ENDCHAR
STARTCHAR uni0217
ENCODING 535
SWIDTH 480 0
DWIDTH 10 0
BBX 10 20 0 -4
BITMAP
0000
0000
0000
0000
1E00
3300
2100
0000
6180
6180
6180
6180
6180
6180
3380
1D80
0000
0000
0000
0000
ENDCHAR
STARTCHAR Scommaaccent
ENCODING 536
SWIDTH 480 0
DWIDTH 10 0
BBX 10 20 0 -4
BITMAP
0000
0000
0000
1E00
3300
6180
6000
6000
3000
1E00
0300
0180
0180
6180
3300
1E00
0000
0E00
0E00
1C00
ENDCHAR
STARTCHAR scommaaccent
ENCODING 537
SWIDTH 480 0
DWIDTH 10 0
BBX 10 20 0 -4
BITMAP
0000
0000
0000
0000
0000
0000
0000
0000
3F00
6180
6000
3F00
0180
0180
6180
3F00
0000
0E00
0E00
1C00
ENDCHAR
STARTCHAR Tcommaaccent
ENCODING 538
SWIDTH 480 0
DWIDTH 10 0
BBX 10 20 0 -4
BITMAP
0000
0000
0000
7F80
0C00
0C00
0C00
0C00
0C00
0C00
0C00
0C00
0C00
0C00
0C00
0C00
0000
0E00
0E00
1C00
ENDCHAR
STARTCHAR tcommaaccent
ENCODING 539
SWIDTH 480 0
DWIDTH 10 0
BBX 10 20 0 -4
BITMAP
0000
0000
0000
0000
0000
1800
1800
1800
7E00
1800
1800
1800
1800
1800
1980
0F00
0000
0E00
0E00
1C00
ENDCHAR
STARTCHAR uni021C
ENCODING 540
SWIDTH 480 0
DWIDTH 10 0
BBX 10 20 0 -4
BITMAP
0000
0000
0000
1E00
3300
0300
0300
0600
0E00
1B00
3180
0180
0300
0600
1C00
7000
0000
0000
0000
0000
ENDCHAR
STARTCHAR uni021D
ENCODING 541
SWIDTH 480 0
DWIDTH 10 0
BBX 10 20 0 -4
BITMAP
0000
0000
0000
0000
0000
0000
0000
0000
1E00
3300
0300
0300
0600
0E00
1B00
3180
0180
0300
0600
3C00
ENDCHAR
STARTCHAR uni021E
ENCODING 542
SWIDTH 480 0
DWIDTH 10 0
BBX 10 20 0 -4
BITMAP
0000
3300
1E00
0C00
6180
6180
6180
6180
6180
7F80
6180
6180
6180
6180
6180
6180
0000
0000
0000
0000
ENDCHAR
STARTCHAR uni021F
ENCODING 543
SWIDTH 480 0
DWIDTH 10 0
BBX 10 20 0 -4
BITMAP
0000
3300
1E00
0C00
6000
6000
6000
6000
6E00
7300
6180
6180
6180
6180
6180
6180
0000
0000
0000
0000
ENDCHAR
STARTCHAR uni0220
ENCODING 544
SWIDTH 480 0
DWIDTH 10 0
BBX 10 20 0 -4
BITMAP
0000
0000
0000
6E00
7300
6180
6180
6180
6180
6180
6180
6180
6180
6180
6180
6180
0180
0180
0180
0180
ENDCHAR
STARTCHAR uni0221
ENCODING 545
SWIDTH 480 0
DWIDTH 10 0
BBX 10 20 0 -4
BITMAP
0000
0000
0000
0600
0600
0600
0600
0600
1600
3E00
6600
6600
6600
6780
3E80
1E80
0300
0400
0000
0000
ENDCHAR
STARTCHAR uni0222
ENCODING 546
SWIDTH 480 0
DWIDTH 10 0
BBX 10 20 0 -4
BITMAP
0000
0000
0000
0600
0300
3180
6180
6180
3300
1E00
3300
6180
6180
6180
3300
1E00
0000
0000
0000
0000
ENDCHAR
STARTCHAR uni0223
ENCODING 547
SWIDTH 480 0
DWIDTH 10 0
BBX 10 20 0 -4
BITMAP
0000
0000
0000
0000
0000
0000
3300
6180
6180
3300
1E00
3300
6180
6180
3300
1E00
0000
0000
0000
0000
ENDCHAR
STARTCHAR uni0224
ENCODING 548
SWIDTH 480 0
DWIDTH 10 0
BBX 10 20 0 -4
BITMAP
0000
0000
0000
7F80
0180
0180
0300
0600
0600
0C00
1800
1800
3000
6000
6000
7F80
00C0
0180
0100
0000
ENDCHAR
STARTCHAR uni0225
ENCODING 549
SWIDTH 480 0
DWIDTH 10 0
BBX 10 20 0 -4
BITMAP
0000
0000
0000
0000
0000
0000
0000
0000
3F80
0180
0300
0600
0C00
1800
3000
3F80
00C0
0180
0100
0000
ENDCHAR
STARTCHAR uni0226
ENCODING 550
SWIDTH 480 0
DWIDTH 10 0
BBX 10 20 0 -4
BITMAP
0000
0C00
0C00
0000
0C00
1E00
3300
3300
6180
6180
6180
7F80
6180
6180
6180
6180
0000
0000
0000
0000
ENDCHAR
STARTCHAR uni0227
ENCODING 551
SWIDTH 480 0
DWIDTH 10 0
BBX 10 20 0 -4
BITMAP
0000
0000
0000
0000
0000
0C00
0C00
0000
1F00
3180
0180
3F80
6180
6180
6180
3E80
0000
0000
0000
0000
ENDCHAR
STARTCHAR uni0228
ENCODING 552
SWIDTH 480 0
DWIDTH 10 0
BBX 10 20 0 -4
BITMAP
0000
0000
0000
7F80
6000
6000
6000
6000
6000
7E00
6000
6000
6000
6000
6000
7F80
0C00
0600
3600
1C00
ENDCHAR
STARTCHAR uni0229
ENCODING 553
SWIDTH 480 0
DWIDTH 10 0
BBX 10 20 0 -4
BITMAP
0000
0000
0000
0000
0000
0000
0000
0000
1E00
3300
6180
7F80
6000
6000
3180
1F00
0C00
0600
3600
1C00
ENDCHAR
STARTCHAR uni022A
ENCODING 554
SWIDTH 480 0
DWIDTH 10 0
BBX 10 20 0 -4
BITMAP
7F80
0000
3300
3300
0000
1E00
3300
6180
6180
6180
6180
6180
6180
6180
3300
1E00
0000
0000
0000
0000
ENDCHAR
STARTCHAR uni022B
ENCODING 555
SWIDTH 480 0
DWIDTH 10 0
BBX 10 20 0 -4
BITMAP
0000
0000
0000
7F80
0000
3300
3300
0000
1E00
3300
6180
6180
6180
6180
3300
1E00
0000
0000
0000
0000
ENDCHAR
STARTCHAR uni022C
ENCODING 556
SWIDTH 480 0
DWIDTH 10 0
BBX 10 20 0 -4
BITMAP
7F80
0000
1900
3F00
2600
0000
1E00
3300
6180
6180
6180
6180
6180
6180
3300
1E00
0000
0000
0000
0000
ENDCHAR
STARTCHAR uni022D
ENCODING 557
SWIDTH 480 0
DWIDTH 10 0
BBX 10 20 0 -4
BITMAP
0000
0000
7F80
0000
1900
3F00
2600
0000
1E00
3300
6180
6180
6180
6180
3300
1E00
0000
0000
0000
0000
ENDCHAR
STARTCHAR uni022E
ENCODING 558
SWIDTH 480 0
DWIDTH 10 0
BBX 10 20 0 -4
BITMAP
0000
0C00
0C00
0000
1E00
3300
6180
6180
6180
6180
6180
6180
6180
6180
3300
1E00
0000
0000
0000
0000
ENDCHAR
STARTCHAR uni022F
ENCODING 559
SWIDTH 480 0
DWIDTH 10 0
BBX 10 20 0 -4
BITMAP
0000
0000
0000
0000
0000
0C00
0C00
0000
1E00
3300
6180
6180
6180
6180
3300
1E00
0000
0000
0000
0000
ENDCHAR
STARTCHAR uni0230
ENCODING 560
SWIDTH 480 0
DWIDTH 10 0
BBX 10 20 0 -4
BITMAP
7F80
0000
0C00
0C00
0000
1E00
3300
6180
6180
6180
6180
6180
6180
6180
3300
1E00
0000
0000
0000
0000
ENDCHAR
STARTCHAR uni0231
ENCODING 561
SWIDTH 480 0
DWIDTH 10 0
BBX 10 20 0 -4
BITMAP
0000
0000
0000
7F80
0000
0C00
0C00
0000
1E00
3300
6180
6180
6180
6180
3300
1E00
0000
0000
0000
0000
ENDCHAR
STARTCHAR uni0232
ENCODING 562
SWIDTH 480 0
DWIDTH 10 0
BBX 10 20 0 -4
BITMAP
0000
7F80
0000
6180
6180
3300
3300
1E00
1E00
0C00
0C00
0C00
0C00
0C00
0C00
0C00
0000
0000
0000
0000
ENDCHAR
STARTCHAR uni0233
ENCODING 563
SWIDTH 480 0
DWIDTH 10 0
BBX 10 20 0 -4
BITMAP
0000
0000
0000
0000
0000
0000
7F80
0000
6180
6180
6180
6180
6180
6180
3380
1D80
0180
6180
3300
1E00
ENDCHAR
STARTCHAR uni0234
ENCODING 564
SWIDTH 480 0
DWIDTH 10 0
BBX 10 20 0 -4
BITMAP
0000
0000
0000
7800
1800
1800
1800
1800
1800
1800
1800
1800
1800
1900
1A80
0C80
0700
0800
0000
0000
ENDCHAR
STARTCHAR uni0235
ENCODING 565
SWIDTH 480 0
DWIDTH 10 0
BBX 10 20 0 -4
BITMAP
0000
0000
0000
0000
0000
0000
0000
0000
6C00
7600
6600
6600
6600
6600
6780
6680
0680
0300
0400
0000
ENDCHAR
STARTCHAR uni0236
ENCODING 566
SWIDTH 480 0
DWIDTH 10 0
BBX 10 20 0 -4
BITMAP
0000
0000
0000
0000
0000
1800
1800
1800
7E00
1800
1800
1800
1800
1900
1E80
0C80
0700
0800
0000
0000
ENDCHAR
STARTCHAR uni0237
ENCODING 567
SWIDTH 480 0
DWIDTH 10 0
BBX 10 20 0 -4
BITMAP
0000
0000
0000
0000
0000
0000
0000
0000
0780
0180
0180
0180
0180
0180
0180
0180
3180
3180
3180
1F00
ENDCHAR
STARTCHAR uni0238
ENCODING 568
SWIDTH 480 0
DWIDTH 10 0
BBX 10 20 0 -4
BITMAP
0000
0000
0000
0C00
0C00
0C00
0C00
0C00
3F00
6D80
4C80
4C80
4C80
4C80
5E80
2D00
0000
0000
0000
0000
ENDCHAR
STARTCHAR uni0239
ENCODING 569
SWIDTH 480 0
DWIDTH 10 0
BBX 10 20 0 -4
BITMAP
0000
0000
0000
0000
0000
0000
0000
0000
3F00
6D80
4C80
4C80
4C80
4C80
5E80
2D00
0C00
0C00
0C00
0C00
ENDCHAR
STARTCHAR uni023A
ENCODING 570
SWIDTH 480 0
DWIDTH 10 0
BBX 10 20 0 -4
BITMAP
0000
0000
0000
0000
0C40
1EC0
3380
3300
6780
6D80
7980
7F80
6180
E180
E180
6180
0000
0000
0000
0000
ENDCHAR
STARTCHAR uni023B
ENCODING 571
SWIDTH 480 0
DWIDTH 10 0
BBX 10 20 0 -4
BITMAP
0000
0000
0000
1E00
3340
61C0
6180
6300
6600
6C00
7800
7000
6000
E180
B300
1E00
0000
0000
0000
0000
ENDCHAR
STARTCHAR uni023C
ENCODING 572
SWIDTH 480 0
DWIDTH 10 0
BBX 10 20 0 -4
BITMAP
0000
0000
0000
0000
0000
0000
0000
00C0
1F80
3380
6600
6C00
7800
7000
7180
DF00
0000
0000
0000
0000
ENDCHAR
STARTCHAR uni023D
ENCODING 573
SWIDTH 480 0
DWIDTH 10 0
BBX 10 20 0 -4
BITMAP
0000
0000
0000
6000
6000
6000
6000
6000
6000
F800
6000
6000
6000
6000
6000
7F80
0000
0000
0000
0000
ENDCHAR
STARTCHAR uni023E
ENCODING 574
SWIDTH 480 0
DWIDTH 10 0
BBX 10 20 0 -4
BITMAP
0000
0000
0000
7F80
0C00
0C80
0D80
0F00
0E00
0C00
1C00
3C00
6C00
4C00
0C00
0C00
0000
0000
0000
0000
ENDCHAR
STARTCHAR uni023F
ENCODING 575
SWIDTH 480 0
DWIDTH 10 0
BBX 10 20 0 -4
BITMAP
0000
0000
0000
0000
0000
0000
0000
0000
3F00
6180
6000
3F00
0180
0180
6180
3F00
3000
1D80
0700
0000
ENDCHAR
STARTCHAR uni0240
ENCODING 576
SWIDTH 480 0
DWIDTH 10 0
BBX 10 20 0 -4
BITMAP
0000
0000
0000
0000
0000
0000
0000
0000
3F80
0180
0300
0600
0C00
1800
3000
3000
3000
1D80
0700
0000
ENDCHAR
STARTCHAR uni0241
ENCODING 577
SWIDTH 480 0
DWIDTH 10 0
BBX 10 20 0 -4
BITMAP
0000
0000
0000
1E00
3300
6180
6180
0180
0300
0E00
0C00
0C00
0C00
0C00
0C00
0C00
0000
0000
0000
0000
ENDCHAR
STARTCHAR uni0242
ENCODING 578
SWIDTH 480 0
DWIDTH 10 0
BBX 10 20 0 -4
BITMAP
0000
0000
0000
0000
0000
0000
0000
0000
1E00
3300
6180
6180
0300
0E00
0C00
0C00
0000
0000
0000
0000
ENDCHAR
STARTCHAR uni0243
ENCODING 579
SWIDTH 480 0
DWIDTH 10 0
BBX 10 20 0 -4
BITMAP
0000
0000
0000
7C00
6640
63C0
6380
6300
6600
7E00
7B00
7180
6180
E180
E300
7E00
0000
0000
0000
0000
ENDCHAR
STARTCHAR uni0244
ENCODING 580
SWIDTH 480 0
DWIDTH 10 0
BBX 10 20 0 -4
BITMAP
0000
0000
0000
6180
61C0
61C0
6180
6380
6780
6D80
7980
7180
6180
E180
B300
1E00
0000
0000
0000
0000
ENDCHAR
STARTCHAR uni0245
ENCODING 581
SWIDTH 480 0
DWIDTH 10 0
BBX 10 20 0 -4
BITMAP
0000
0000
0000
0C00
0C00
0C00
1E00
1E00
1E00
3300
3300
3300
6180
6180
6180
6180
0000
0000
0000
0000
ENDCHAR
STARTCHAR uni0246
ENCODING 582
SWIDTH 480 0
DWIDTH 10 0
BBX 10 20 0 -4
BITMAP
0000
0000
0000
7F80
6040
60C0
6180
6300
6600
7F00
7800
7000
6000
E000
E000
7F80
0000
0000
0000
0000
ENDCHAR
STARTCHAR uni0247
ENCODING 583
SWIDTH 480 0
DWIDTH 10 0
BBX 10 20 0 -4
BITMAP
0000
0000
0000
0000
0000
0000
0000
0000
1F80
3300
6780
6D80
7F80
7000
7180
DF00
0000
0000
0000
0000
ENDCHAR
STARTCHAR uni0248
ENCODING 584
SWIDTH 480 0
DWIDTH 10 0
BBX 10 20 0 -4
BITMAP
0000
0000
0000
0FC0
0300
0300
0300
0300
0300
0FC0
0300
0300
6300
6300
3600
1C00
0000
0000
0000
0000
ENDCHAR
STARTCHAR uni0249
ENCODING 585
SWIDTH 480 0
DWIDTH 10 0
BBX 10 20 0 -4
BITMAP
0000
0000
0000
0000
0000
0180
0180
0000
0780
0180
0180
07C0
0180
0180
0180
0180
3180
3180
3180
1F00
ENDCHAR
STARTCHAR uni024A
ENCODING 586
SWIDTH 480 0
DWIDTH 10 0
BBX 10 20 0 -4
BITMAP
0000
0000
0000
1E80
3380
6180
6180
6180
6180
6180
6180
6180
6180
6180
3380
1F80
0180
0180
0180
00C0
ENDCHAR
STARTCHAR uni024B
ENCODING 587
SWIDTH 480 0
DWIDTH 10 0
BBX 10 20 0 -4
BITMAP
0000
0000
0000
0000
0000
0000
0000
0000
1D80
3380
6180
6180
6180
6180
3380
1D80
0180
0180
0180
00C0
ENDCHAR
STARTCHAR uni024C
ENCODING 588
SWIDTH 480 0
DWIDTH 10 0
BBX 10 20 0 -4
BITMAP
0000
0000
0000
7E00
6300
6180
6180
6180
6180
6300
FE00
6600
6300
6300
6180
6180
0000
0000
0000
0000
ENDCHAR
STARTCHAR uni024D
ENCODING 589
SWIDTH 480 0
DWIDTH 10 0
BBX 10 20 0 -4
BITMAP
0000
0000
0000
0000
0000
0000
0000
0000
6F00
3980
3000
7C00
3000
3000
3000
3000
0000
0000
0000
0000
ENDCHAR
STARTCHAR uni024E
ENCODING 590
SWIDTH 480 0
DWIDTH 10 0
BBX 10 20 0 -4
BITMAP
0000
0000
0000
6180
6180
FFC0
3300
1E00
1E00
0C00
0C00
0C00
0C00
0C00
0C00
0C00
0000
0000
0000
0000
ENDCHAR
STARTCHAR uni024F
ENCODING 591
SWIDTH 480 0
DWIDTH 10 0
BBX 10 20 0 -4
BITMAP
0000
0000
0000
0000
0000
0000
0000
0000
6180
6180
6180
FFC0
6180
6180
3380
1D80
0180
6180
3300
1E00
ENDCHAR
STARTCHAR uni2000
ENCODING 8192
SWIDTH 480 0
DWIDTH 10 0
BBX 10 20 0 -4
BITMAP
0000
0000
0000
0000
0000
0000
0000
0000
0000
0000
0000
0000
0000
0000
0000
0000
0000
0000
0000
0000
ENDCHAR
STARTCHAR uni2001
ENCODING 8193
SWIDTH 480 0
DWIDTH 10 0
BBX 10 20 0 -4
BITMAP
0000
0000
0000
0000
0000
0000
0000
0000
0000
0000
0000
0000
0000
0000
0000
0000
0000
0000
0000
0000
ENDCHAR
STARTCHAR uni2002
ENCODING 8194
SWIDTH 480 0
DWIDTH 10 0
BBX 10 20 0 -4
BITMAP
0000
0000
0000
0000
0000
0000
0000
0000
0000
0000
0000
0000
0000
0000
0000
0000
0000
0000
0000
0000
ENDCHAR
STARTCHAR uni2003
ENCODING 8195
SWIDTH 480 0
DWIDTH 10 0
BBX 10 20 0 -4
BITMAP
0000
0000
0000
0000
0000
0000
0000
0000
0000
0000
0000
0000
0000
0000
0000
0000
0000
0000
0000
0000
ENDCHAR
STARTCHAR uni2004
ENCODING 8196
SWIDTH 480 0
DWIDTH 10 0
BBX 10 20 0 -4
BITMAP
0000
0000
0000
0000
0000
0000
0000
0000
0000
0000
0000
0000
0000
0000
0000
0000
0000
0000
0000
0000
ENDCHAR
STARTCHAR uni2005
ENCODING 8197
SWIDTH 480 0
DWIDTH 10 0
BBX 10 20 0 -4
BITMAP
0000
0000
0000
0000
0000
0000
0000
0000
0000
0000
0000
0000
0000
0000
0000
0000
0000
0000
0000
0000
ENDCHAR
STARTCHAR uni2006
ENCODING 8198
SWIDTH 480 0
DWIDTH 10 0
BBX 10 20 0 -4
BITMAP
0000
0000
0000
0000
0000
0000
0000
0000
0000
0000
0000
0000
0000
0000
0000
0000
0000
0000
0000
0000
ENDCHAR
STARTCHAR uni2007
ENCODING 8199
SWIDTH 480 0
DWIDTH 10 0
BBX 10 20 0 -4
BITMAP
0000
0000
0000
0000
0000
0000
0000
0000
0000
0000
0000
0000
0000
0000
0000
0000
0000
0000
0000
0000
ENDCHAR
STARTCHAR uni2008
ENCODING 8200
SWIDTH 480 0
DWIDTH 10 0
BBX 10 20 0 -4
BITMAP
0000
0000
0000
0000
0000
0000
0000
0000
0000
0000
0000
0000
0000
0000
0000
0000
0000
0000
0000
0000
ENDCHAR
STARTCHAR uni2009
ENCODING 8201
SWIDTH 480 0
DWIDTH 10 0
BBX 10 20 0 -4
BITMAP
0000
0000
0000
0000
0000
0000
0000
0000
0000
0000
0000
0000
0000
0000
0000
0000
0000
0000
0000
0000
ENDCHAR
STARTCHAR uni200A
ENCODING 8202
SWIDTH 480 0
DWIDTH 10 0
BBX 10 20 0 -4
BITMAP
0000
0000
0000
0000
0000
0000
0000
0000
0000
0000
0000
0000
0000
0000
0000
0000
0000
0000
0000
0000
ENDCHAR
STARTCHAR uni2010
ENCODING 8208
SWIDTH 480 0
DWIDTH 10 0
BBX 10 20 0 -4
BITMAP
0000
0000
0000
0000
0000
0000
0000
0000
0000
3F00
0000
0000
0000
0000
0000
0000
0000
0000
0000
0000
ENDCHAR
STARTCHAR uni2011
ENCODING 8209
SWIDTH 480 0
DWIDTH 10 0
BBX 10 20 0 -4
BITMAP
0000
0000
0000
0000
0000
0000
0000
0000
0000
3F00
0000
0000
0000
0000
0000
0000
0000
0000
0000
0000
ENDCHAR
STARTCHAR figuredash
ENCODING 8210
SWIDTH 480 0
DWIDTH 10 0
BBX 10 20 0 -4
BITMAP
0000
0000
0000
0000
0000
0000
0000
0000
0000
7F80
0000
0000
0000
0000
0000
0000
0000
0000
0000
0000
ENDCHAR
STARTCHAR endash
ENCODING 8211
SWIDTH 480 0
DWIDTH 10 0
BBX 10 20 0 -4
BITMAP
0000
0000
0000
0000
0000
0000
0000
0000
0000
7F80
0000
0000
0000
0000
0000
0000
0000
0000
0000
0000
ENDCHAR
STARTCHAR emdash
ENCODING 8212
SWIDTH 480 0
DWIDTH 10 0
BBX 10 20 0 -4
BITMAP
0000
0000
0000
0000
0000
0000
0000
0000
0000
FFC0
0000
0000
0000
0000
0000
0000
0000
0000
0000
0000
ENDCHAR
STARTCHAR afii00208
ENCODING 8213
SWIDTH 480 0
DWIDTH 10 0
BBX 10 20 0 -4
BITMAP
0000
0000
0000
0000
0000
0000
0000
0000
0000
FFC0
0000
0000
0000
0000
0000
0000
0000
0000
0000
0000
ENDCHAR
STARTCHAR uni2016
ENCODING 8214
SWIDTH 480 0
DWIDTH 10 0
BBX 10 20 0 -4
BITMAP
0000
0000
0000
1200
1200
1200
1200
1200
1200
1200
1200
1200
1200
1200
1200
1200
0000
0000
0000
0000
ENDCHAR
STARTCHAR underscoredbl
ENCODING 8215
SWIDTH 480 0
DWIDTH 10 0
BBX 10 20 0 -4
BITMAP
0000
0000
0000
0000
0000
0000
0000
0000
0000
0000
0000
0000
0000
0000
0000
0000
7F80
0000
7F80
0000
ENDCHAR
STARTCHAR quoteleft
ENCODING 8216
SWIDTH 480 0
DWIDTH 10 0
BBX 10 20 0 -4
BITMAP
0000
0000
0000
0C00
1800
1C00
1C00
0000
0000
0000
0000
0000
0000
0000
0000
0000
0000
0000
0000
0000
ENDCHAR
STARTCHAR quoteright
ENCODING 8217
SWIDTH 480 0
DWIDTH 10 0
BBX 10 20 0 -4
BITMAP
0000
0000
0000
0E00
0E00
0600
0C00
0000
0000
0000
0000
0000
0000
0000
0000
0000
0000
0000
0000
0000
ENDCHAR
STARTCHAR quotesinglbase
ENCODING 8218
SWIDTH 480 0
DWIDTH 10 0
BBX 10 20 0 -4
BITMAP
0000
0000
0000
0000
0000
0000
0000
0000
0000
0000
0000
0000
0000
0000
0E00
0E00
0600
0C00
0000
0000
ENDCHAR
STARTCHAR quotereversed
ENCODING 8219
SWIDTH 480 0
DWIDTH 10 0
BBX 10 20 0 -4
BITMAP
0000
0000
0000
0E00
0E00
0C00
0600
0000
0000
0000
0000
0000
0000
0000
0000
0000
0000
0000
0000
0000
ENDCHAR
STARTCHAR quotedblleft
ENCODING 8220
SWIDTH 480 0
DWIDTH 10 0
BBX 10 20 0 -4
BITMAP
0000
0000
0000
1980
3300
3B80
3B80
0000
0000
0000
0000
0000
0000
0000
0000
0000
0000
0000
0000
0000
ENDCHAR
STARTCHAR quotedblright
ENCODING 8221
SWIDTH 480 0
DWIDTH 10 0
BBX 10 20 0 -4
BITMAP
0000
0000
0000
7700
7700
3300
6600
0000
0000
0000
0000
0000
0000
0000
0000
0000
0000
0000
0000
0000
ENDCHAR
STARTCHAR quotedblbase
ENCODING 8222
SWIDTH 480 0
DWIDTH 10 0
BBX 10 20 0 -4
BITMAP
0000
0000
0000
0000
0000
0000
0000
0000
0000
0000
0000
0000
0000
0000
7700
7700
3300
6600
0000
0000
ENDCHAR
STARTCHAR uni201F
ENCODING 8223
SWIDTH 480 0
DWIDTH 10 0
BBX 10 20 0 -4
BITMAP
0000
0000
0000
3B80
3B80
3300
1980
0000
0000
0000
0000
0000
0000
0000
0000
0000
0000
0000
0000
0000
ENDCHAR
STARTCHAR dagger
ENCODING 8224
SWIDTH 480 0
DWIDTH 10 0
BBX 10 20 0 -4
BITMAP
0000
0000
0000
0800
1C00
0800
4900
FF80
4900
0800
1C00
0800
0800
0800
0800
0800
0000
0000
0000
0000
ENDCHAR
STARTCHAR daggerdbl
ENCODING 8225
SWIDTH 480 0
DWIDTH 10 0
BBX 10 20 0 -4
BITMAP
0000
0000
0000
0800
1C00
0800
4900
FF80
4900
0800
4900
FF80
4900
0800
1C00
0800
0000
0000
0000
0000
ENDCHAR
STARTCHAR bullet
ENCODING 8226
SWIDTH 480 0
DWIDTH 10 0
BBX 10 20 0 -4
BITMAP
0000
0000
0000
0000
0000
0000
0000
1C00
3E00
3E00
3E00
1C00
0000
0000
0000
0000
0000
0000
0000
0000
ENDCHAR
STARTCHAR uni2023
ENCODING 8227
SWIDTH 480 0
DWIDTH 10 0
BBX 10 20 0 -4
BITMAP
0000
0000
0000
0000
0000
0000
0000
3000
3C00
3F00
3C00
3000
0000
0000
0000
0000
0000
0000
0000
0000
ENDCHAR
STARTCHAR onedotenleader
ENCODING 8228
SWIDTH 480 0
DWIDTH 10 0
BBX 10 20 0 -4
BITMAP
0000
0000
0000
0000
0000
0000
0000
0000
0000
0000
0000
0000
0000
0000
0C00
0C00
0000
0000
0000
0000
ENDCHAR
STARTCHAR twodotenleader
ENCODING 8229
SWIDTH 480 0
DWIDTH 10 0
BBX 10 20 0 -4
BITMAP
0000
0000
0000
0000
0000
0000
0000
0000
0000
0000
0000
0000
0000
0000
6300
6300
0000
0000
0000
0000
ENDCHAR
STARTCHAR ellipsis
ENCODING 8230
SWIDTH 480 0
DWIDTH 10 0
BBX 10 20 0 -4
BITMAP
0000
0000
0000
0000
0000
0000
0000
0000
0000
0000
0000
0000
0000
0000
6D80
6D80
0000
0000
0000
0000
ENDCHAR
STARTCHAR uni2027
ENCODING 8231
SWIDTH 480 0
DWIDTH 10 0
BBX 10 20 0 -4
BITMAP
0000
0000
0000
0000
0000
0000
0000
0000
0000
0C00
0C00
0000
0000
0000
0000
0000
0000
0000
0000
0000
ENDCHAR
STARTCHAR uni202F
ENCODING 8239
SWIDTH 480 0
DWIDTH 10 0
BBX 10 20 0 -4
BITMAP
0000
0000
0000
0000
0000
0000
0000
0000
0000
0000
0000
0000
0000
0000
0000
0000
0000
0000
0000
0000
ENDCHAR
STARTCHAR perthousand
ENCODING 8240
SWIDTH 480 0
DWIDTH 10 0
BBX 10 20 0 -4
BITMAP
0000
0000
0000
0000
1180
2900
2B00
1200
0600
0400
0C00
0800
1A80
1540
3540
2280
0000
0000
0000
0000
ENDCHAR
STARTCHAR uni2031
ENCODING 8241
SWIDTH 480 0
DWIDTH 10 0
BBX 10 20 0 -4
BITMAP
0000
0000
0000
0000
1000
2800
2800
10C0
0380
0E00
3800
6000
0A80
1540
1540
0A80
0000
0000
0000
0000
ENDCHAR
STARTCHAR minute
ENCODING 8242
SWIDTH 480 0
DWIDTH 10 0
BBX 10 20 0 -4
BITMAP
0000
0000
0000
0600
0C00
1800
3000
0000
0000
0000
0000
0000
0000
0000
0000
0000
0000
0000
0000
0000
ENDCHAR
STARTCHAR second
ENCODING 8243
SWIDTH 480 0
DWIDTH 10 0
BBX 10 20 0 -4
BITMAP
0000
0000
0000
0CC0
1980
3300
6600
0000
0000
0000
0000
0000
0000
0000
0000
0000
0000
0000
0000
0000
ENDCHAR
STARTCHAR uni2034
ENCODING 8244
SWIDTH 480 0
DWIDTH 10 0
BBX 10 20 0 -4
BITMAP
0000
0000
0000
1B40
36C0
6D80
DB00
0000
0000
0000
0000
0000
0000
0000
0000
0000
0000
0000
0000
0000
ENDCHAR
STARTCHAR uni2035
ENCODING 8245
SWIDTH 480 0
DWIDTH 10 0
BBX 10 20 0 -4
BITMAP
0000
0000
3000
1800
0C00
0600
0000
0000
0000
0000
0000
0000
0000
0000
0000
0000
0000
0000
0000
0000
ENDCHAR
STARTCHAR uni2036
ENCODING 8246
SWIDTH 480 0
DWIDTH 10 0
BBX 10 20 0 -4
BITMAP
0000
0000
CC00
6600
3300
1980
0000
0000
0000
0000
0000
0000
0000
0000
0000
0000
0000
0000
0000
0000
ENDCHAR
STARTCHAR uni2037
ENCODING 8247
SWIDTH 480 0
DWIDTH 10 0
BBX 10 20 0 -4
BITMAP
0000
0000
B600
DB00
6D80
36C0
0000
0000
0000
0000
0000
0000
0000
0000
0000
0000
0000
0000
0000
0000
ENDCHAR
STARTCHAR uni2038
ENCODING 8248
SWIDTH 480 0
DWIDTH 10 0
BBX 10 20 0 -4
BITMAP
0000
0000
0000
0000
0000
0000
0000
0000
0000
0000
0000
0000
0000
0000
0000
0800
1400
2200
0000
0000
ENDCHAR
STARTCHAR guilsinglleft
ENCODING 8249
SWIDTH 480 0
DWIDTH 10 0
BBX 10 20 0 -4
BITMAP
0000
0000
0000
0000
0000
0100
0300
0600
0C00
1800
3000
1800
0C00
0600
0300
0100
0000
0000
0000
0000
ENDCHAR
STARTCHAR guilsinglright
ENCODING 8250
SWIDTH 480 0
DWIDTH 10 0
BBX 10 20 0 -4
BITMAP
0000
0000
0000
0000
0000
2000
3000
1800
0C00
0600
0300
0600
0C00
1800
3000
2000
0000
0000
0000
0000
ENDCHAR
STARTCHAR uni203B
ENCODING 8251
SWIDTH 480 0
DWIDTH 10 0
BBX 10 20 0 -4
BITMAP
0000
0000
0000
0000
0000
0000
0C00
4C80
2100
1200
CCC0
CCC0
1200
2100
4C80
0C00
0000
0000
0000
0000
ENDCHAR
STARTCHAR exclamdbl
ENCODING 8252
SWIDTH 480 0
DWIDTH 10 0
BBX 10 20 0 -4
BITMAP
0000
0000
0000
3300
3300
3300
3300
3300
3300
3300
3300
3300
3300
0000
3300
3300
0000
0000
0000
0000
ENDCHAR
STARTCHAR uni203D
ENCODING 8253
SWIDTH 480 0
DWIDTH 10 0
BBX 10 20 0 -4
BITMAP
0000
0000
0000
1E00
3300
6180
6D80
6D80
0F00
0E00
0C00
0C00
0C00
0000
0C00
0C00
0000
0000
0000
0000
ENDCHAR
STARTCHAR uni203E
ENCODING 8254
SWIDTH 480 0
DWIDTH 10 0
BBX 10 20 0 -4
BITMAP
0000
0000
FFC0
0000
0000
0000
0000
0000
0000
0000
0000
0000
0000
0000
0000
0000
0000
0000
0000
0000
ENDCHAR
STARTCHAR uni203F
ENCODING 8255
SWIDTH 480 0
DWIDTH 10 0
BBX 10 20 0 -4
BITMAP
0000
0000
0000
0000
0000
0000
0000
0000
0000
0000
0000
0000
0000
0000
0000
0000
0000
4080
6180
3F00
ENDCHAR
STARTCHAR uni2040
ENCODING 8256
SWIDTH 480 0
DWIDTH 10 0
BBX 10 20 0 -4
BITMAP
0000
1E00
2100
4080
0000
0000
0000
0000
0000
0000
0000
0000
0000
0000
0000
0000
0000
0000
0000
0000
ENDCHAR
STARTCHAR uni2041
ENCODING 8257
SWIDTH 480 0
DWIDTH 10 0
BBX 10 20 0 -4
BITMAP
0000
0000
0000
0000
0000
0000
0000
0000
0000
0000
0000
0200
0200
0400
0400
0800
1400
1400
2200
0000
ENDCHAR
STARTCHAR uni2042
ENCODING 8258
SWIDTH 480 0
DWIDTH 10 0
BBX 10 20 0 -4
BITMAP
0000
0000
0000
0000
0000
2200
1C00
3E00
1C00
2200
0000
9480
6300
F780
6300
9480
0000
0000
0000
0000
ENDCHAR
STARTCHAR uni2043
ENCODING 8259
SWIDTH 480 0
DWIDTH 10 0
BBX 10 20 0 -4
BITMAP
0000
0000
0000
0000
0000
0000
0000
0000
3F00
3F00
3F00
0000
0000
0000
0000
0000
0000
0000
0000
0000
ENDCHAR
STARTCHAR fraction
ENCODING 8260
SWIDTH 480 0
DWIDTH 10 0
BBX 10 20 0 -4
BITMAP
0000
0000
00C0
00C0
0180
0180
0300
0300
0600
0600
0C00
0C00
1800
1800
3000
3000
6000
6000
0000
0000
ENDCHAR
STARTCHAR uni2045
ENCODING 8261
SWIDTH 480 0
DWIDTH 10 0
BBX 10 20 0 -4
BITMAP
0000
0000
0000
1F00
1800
1800
1800
1800
1800
1F00
1800
1800
1800
1800
1800
1F00
0000
0000
0000
0000
ENDCHAR
STARTCHAR uni2046
ENCODING 8262
SWIDTH 480 0
DWIDTH 10 0
BBX 10 20 0 -4
BITMAP
0000
0000
0000
3E00
0600
0600
0600
0600
0600
3E00
0600
0600
0600
0600
0600
3E00
0000
0000
0000
0000
ENDCHAR
STARTCHAR uni2047
ENCODING 8263
SWIDTH 480 0
DWIDTH 10 0
BBX 10 20 0 -4
BITMAP
0000
0000
0000
7B80
FFC0
CCC0
CCC0
CCC0
1980
1980
3300
3300
3300
0000
3300
3300
0000
0000
0000
0000
ENDCHAR
STARTCHAR uni2048
ENCODING 8264
SWIDTH 480 0
DWIDTH 10 0
BBX 10 20 0 -4
BITMAP
0000
0000
0000
3D80
7F80
6780
6780
6780
0D80
0D80
1980
1980
1980
0000
1980
1980
0000
0000
0000
0000
ENDCHAR
STARTCHAR uni2049
ENCODING 8265
SWIDTH 480 0
DWIDTH 10 0
BBX 10 20 0 -4
BITMAP
0000
0000
0000
6F00
7F80
7980
7980
7980
6300
6300
6600
6600
6600
0000
6600
6600
0000
0000
0000
0000
ENDCHAR
STARTCHAR uni204A
ENCODING 8266
SWIDTH 480 0
DWIDTH 10 0
BBX 10 20 0 -4
BITMAP
0000
0000
0000
0000
0000
0000
0000
0000
3F00
3F00
0300
0300
0300
0300
0600
0600
0600
0600
0000
0000
ENDCHAR
STARTCHAR uni204B
ENCODING 8267
SWIDTH 480 0
DWIDTH 10 0
BBX 10 20 0 -4
BITMAP
0000
0000
0000
7F00
7F80
6F80
6F80
6F80
6F00
6C00
6C00
6C00
6C00
6C00
6C00
6C00
0000
0000
0000
0000
ENDCHAR
STARTCHAR uni204C
ENCODING 8268
SWIDTH 480 0
DWIDTH 10 0
BBX 10 20 0 -4
BITMAP
0000
0000
0000
0000
0000
0000
0000
1F80
3C80
7C80
7C80
7C80
3C80
1F80
0000
0000
0000
0000
0000
0000
ENDCHAR
STARTCHAR uni204D
ENCODING 8269
SWIDTH 480 0
DWIDTH 10 0
BBX 10 20 0 -4
BITMAP
0000
0000
0000
0000
0000
0000
0000
7E00
4F00
4F80
4F80
4F80
4F00
7E00
0000
0000
0000
0000
0000
0000
ENDCHAR
STARTCHAR uni204E
ENCODING 8270
SWIDTH 480 0
DWIDTH 10 0
BBX 10 20 0 -4
BITMAP
0000
0000
0000
0000
0000
0000
0000
0000
3300
3300
1E00
7F80
1E00
3300
3300
0000
0000
0000
0000
0000
ENDCHAR
STARTCHAR uni204F
ENCODING 8271
SWIDTH 480 0
DWIDTH 10 0
BBX 10 20 0 -4
BITMAP
0000
0000
0000
0000
0000
0000
0000
0000
1C00
1C00
0000
0000
0000
0000
1C00
1C00
0E00
0000
0000
0000
ENDCHAR
STARTCHAR uni2050
ENCODING 8272
SWIDTH 480 0
DWIDTH 10 0
BBX 10 20 0 -4
BITMAP
0000
0000
0000
0000
3F00
6180
0000
0000
0000
0000
0000
0000
0000
6180
3F00
0000
0000
0000
0000
0000
ENDCHAR
STARTCHAR uni2051
ENCODING 8273
SWIDTH 480 0
DWIDTH 10 0
BBX 10 20 0 -4
BITMAP
0000
3300
3300
1E00
7F80
1E00
3300
3300
0000
3300
3300
1E00
7F80
1E00
3300
3300
0000
0000
0000
0000
ENDCHAR
STARTCHAR uni2052
ENCODING 8274
SWIDTH 480 0
DWIDTH 10 0
BBX 10 20 0 -4
BITMAP
0000
0000
0000
0000
0180
3180
3300
0300
0600
0600
0C00
0C00
1800
1980
3180
3000
0000
0000
0000
0000
ENDCHAR
STARTCHAR uni2053
ENCODING 8275
SWIDTH 480 0
DWIDTH 10 0
BBX 10 20 0 -4
BITMAP
0000
0000
0000
0000
0000
0000
0000
0000
78C0
CCC0
C780
0000
0000
0000
0000
0000
0000
0000
0000
0000
ENDCHAR
STARTCHAR uni2054
ENCODING 8276
SWIDTH 480 0
DWIDTH 10 0
BBX 10 20 0 -4
BITMAP
0000
0000
0000
0000
0000
0000
0000
0000
0000
0000
0000
0000
0000
0000
0000
0000
0000
3F00
6180
4080
ENDCHAR
STARTCHAR uni2055
ENCODING 8277
SWIDTH 480 0
DWIDTH 10 0
BBX 10 20 0 -4
BITMAP
0000
0000
0000
0000
0E00
6EC0
64C0
1500
4E40
7FC0
4E40
1500
64C0
6EC0
0E00
0000
0000
0000
0000
0000
ENDCHAR
STARTCHAR uni2056
ENCODING 8278
SWIDTH 480 0
DWIDTH 10 0
BBX 10 20 0 -4
BITMAP
0000
0000
0000
0000
0000
0000
0000
0000
0300
0300
0000
3000
3000
0000
0300
0300
0000
0000
0000
0000
ENDCHAR
STARTCHAR uni2057
ENCODING 8279
SWIDTH 480 0
DWIDTH 10 0
BBX 10 20 0 -4
BITMAP
0000
0000
0000
1540
2A80
2A80
5500
0000
0000
0000
0000
0000
0000
0000
0000
0000
0000
0000
0000
0000
ENDCHAR
STARTCHAR uni2058
ENCODING 8280
SWIDTH 480 0
DWIDTH 10 0
BBX 10 20 0 -4
BITMAP
0000
0000
0000
0000
0000
0000
0000
0000
0C00
0C00
0000
6180
6180
0000
0C00
0C00
0000
0000
0000
0000
ENDCHAR
STARTCHAR uni2059
ENCODING 8281
SWIDTH 480 0
DWIDTH 10 0
BBX 10 20 0 -4
BITMAP
0000
0000
0000
0000
0000
0000
0000
0000
6180
6180
0000
0C00
0C00
0000
6180
6180
0000
0000
0000
0000
ENDCHAR
STARTCHAR uni205A
ENCODING 8282
SWIDTH 480 0
DWIDTH 10 0
BBX 10 20 0 -4
BITMAP
0000
0000
0000
0000
0C00
0C00
0000
0000
0000
0000
0000
0000
0000
0000
0C00
0C00
0000
0000
0000
0000
ENDCHAR
STARTCHAR uni205B
ENCODING 8283
SWIDTH 480 0
DWIDTH 10 0
BBX 10 20 0 -4
BITMAP
0000
0000
0000
0000
0C00
0C00
0000
0000
0000
6180
6180
0000
0000
0000
0C00
0C00
0000
0000
0000
0000
ENDCHAR
STARTCHAR uni205C
ENCODING 8284
SWIDTH 480 0
DWIDTH 10 0
BBX 10 20 0 -4
BITMAP
0000
0000
0000
0000
0000
0000
0000
0000
6D80
6D80
0C00
7F80
7F80
0C00
6D80
6D80
0000
0000
0000
0000
ENDCHAR
STARTCHAR uni205D
ENCODING 8285
SWIDTH 480 0
DWIDTH 10 0
BBX 10 20 0 -4
BITMAP
0000
0000
0000
0000
0C00
0C00
0000
0000
0000
0C00
0C00
0000
0000
0000
0C00
0C00
0000
0000
0000
0000
ENDCHAR
STARTCHAR uni205E
ENCODING 8286
SWIDTH 480 0
DWIDTH 10 0
BBX 10 20 0 -4
BITMAP
0C00
0C00
0000
0000
0000
0C00
0C00
0000
0000
0000
0C00
0C00
0000
0000
0000
0C00
0C00
0000
0000
0000
ENDCHAR
STARTCHAR uni205F
ENCODING 8287
SWIDTH 480 0
DWIDTH 10 0
BBX 10 20 0 -4
BITMAP
0000
0000
0000
0000
0000
0000
0000
0000
0000
0000
0000
0000
0000
0000
0000
0000
0000
0000
0000
0000
ENDCHAR
STARTCHAR uni2060
ENCODING 8288
SWIDTH 480 0
DWIDTH 10 0
BBX 10 20 0 -4
BITMAP
0000
0000
0000
0000
0000
0000
0000
0000
0000
0000
0000
0000
0000
0000
0000
0000
0000
0000
0000
0000
ENDCHAR
STARTCHAR uni2061
ENCODING 8289
SWIDTH 480 0
DWIDTH 10 0
BBX 10 20 0 -4
BITMAP
0000
0000
0000
0000
0000
0000
0000
0000
0000
0000
0000
0000
0000
0000
0000
0000
0000
0000
0000
0000
ENDCHAR
STARTCHAR uni2062
ENCODING 8290
SWIDTH 480 0
DWIDTH 10 0
BBX 10 20 0 -4
BITMAP
0000
0000
0000
0000
0000
0000
0000
0000
0000
0000
0000
0000
0000
0000
0000
0000
0000
0000
0000
0000
ENDCHAR
STARTCHAR uni2063
ENCODING 8291
SWIDTH 480 0
DWIDTH 10 0
BBX 10 20 0 -4
BITMAP
0000
0000
0000
0000
0000
0000
0000
0000
0000
0000
0000
0000
0000
0000
0000
0000
0000
0000
0000
0000
ENDCHAR
STARTCHAR uni2064
ENCODING 8292
SWIDTH 480 0
DWIDTH 10 0
BBX 10 20 0 -4
BITMAP
0000
0000
0000
0000
0000
0000
0000
0000
0000
0000
0000
0000
0000
0000
0000
0000
0000
0000
0000
0000
ENDCHAR
STARTCHAR Euro
ENCODING 8364
SWIDTH 480 0
DWIDTH 10 0
BBX 10 20 0 -4
BITMAP
0000
0000
0000
0000
0000
0F00
1980
3000
3000
7F00
3000
7E00
3000
3000
1980
0F00
0000
0000
0000
0000
ENDCHAR
STARTCHAR arrowleft
ENCODING 8592
SWIDTH 480 0
DWIDTH 10 0
BBX 10 20 0 -4
BITMAP
0000
0000
0000
0000
0000
0000
1800
3000
6000
FF80
FF80
6000
3000
1800
0000
0000
0000
0000
0000
0000
ENDCHAR
STARTCHAR arrowup
ENCODING 8593
SWIDTH 480 0
DWIDTH 10 0
BBX 10 20 0 -4
BITMAP
0000
0000
0000
0C00
1E00
3F00
6D80
4C80
0C00
0C00
0C00
0C00
0C00
0C00
0C00
0C00
0000
0000
0000
0000
ENDCHAR
STARTCHAR arrowright
ENCODING 8594
SWIDTH 480 0
DWIDTH 10 0
BBX 10 20 0 -4
BITMAP
0000
0000
0000
0000
0000
0000
0C00
0600
0300
FF80
FF80
0300
0600
0C00
0000
0000
0000
0000
0000
0000
ENDCHAR
STARTCHAR arrowdown
ENCODING 8595
SWIDTH 480 0
DWIDTH 10 0
BBX 10 20 0 -4
BITMAP
0000
0000
0000
0C00
0C00
0C00
0C00
0C00
0C00
0C00
0C00
4C80
6D80
3F00
1E00
0C00
0000
0000
0000
0000
ENDCHAR
STARTCHAR arrowboth
ENCODING 8596
SWIDTH 480 0
DWIDTH 10 0
BBX 10 20 0 -4
BITMAP
0000
0000
0000
0000
0000
0000
1200
3300
6180
FFC0
FFC0
6180
3300
1200
0000
0000
0000
0000
0000
0000
ENDCHAR
STARTCHAR arrowupdn
ENCODING 8597
SWIDTH 480 0
DWIDTH 10 0
BBX 10 20 0 -4
BITMAP
0000
0000
0000
0C00
1E00
3F00
6D80
4C80
0C00
0C00
0C00
4C80
6D80
3F00
1E00
0C00
0000
0000
0000
0000
ENDCHAR
STARTCHAR uni2196
ENCODING 8598
SWIDTH 480 0
DWIDTH 10 0
BBX 10 20 0 -4
BITMAP
0000
0000
0000
0000
0000
FC00
FE00
F000
F800
DC00
CE00
4700
0380
0180
0000
0000
0000
0000
0000
0000
ENDCHAR
STARTCHAR uni2197
ENCODING 8599
SWIDTH 480 0
DWIDTH 10 0
BBX 10 20 0 -4
BITMAP
0000
0000
0000
0000
0000
1F80
3F80
0780
0F80
1D80
3980
7100
E000
C000
0000
0000
0000
0000
0000
0000
ENDCHAR
STARTCHAR uni2198
ENCODING 8600
SWIDTH 480 0
DWIDTH 10 0
BBX 10 20 0 -4
BITMAP
0000
0000
0000
0000
0000
C000
E000
7100
3980
1D80
0F80
0780
3F80
1F80
0000
0000
0000
0000
0000
0000
ENDCHAR
STARTCHAR uni2199
ENCODING 8601
SWIDTH 480 0
DWIDTH 10 0
BBX 10 20 0 -4
BITMAP
0000
0000
0000
0000
0000
0180
0380
4700
CE00
DC00
F800
F000
FE00
FC00
0000
0000
0000
0000
0000
0000
ENDCHAR
STARTCHAR uni219A
ENCODING 8602
SWIDTH 480 0
DWIDTH 10 0
BBX 10 20 0 -4
BITMAP
0000
0000
0000
0000
0000
0300
1B00
3300
6300
FFC0
FFC0
6300
3300
1B00
0300
0000
0000
0000
0000
0000
ENDCHAR
STARTCHAR uni219B
ENCODING 8603
SWIDTH 480 0
DWIDTH 10 0
BBX 10 20 0 -4
BITMAP
0000
0000
0000
0000
0000
3000
3600
3300
3180
FFC0
FFC0
3180
3300
3600
3000
0000
0000
0000
0000
0000
ENDCHAR
STARTCHAR uni219C
ENCODING 8604
SWIDTH 480 0
DWIDTH 10 0
BBX 10 20 0 -4
BITMAP
0000
0000
0000
0000
0000
0000
1800
3000
6600
FF80
F980
6000
3000
1800
0000
0000
0000
0000
0000
0000
ENDCHAR
STARTCHAR uni219D
ENCODING 8605
SWIDTH 480 0
DWIDTH 10 0
BBX 10 20 0 -4
BITMAP
0000
0000
0000
0000
0000
0000
0C00
0600
3300
FF80
CF80
0300
0600
0C00
0000
0000
0000
0000
0000
0000
ENDCHAR
STARTCHAR uni219E
ENCODING 8606
SWIDTH 480 0
DWIDTH 10 0
BBX 10 20 0 -4
BITMAP
0000
0000
0000
0000
0000
0000
0000
3600
6C00
FF80
FF80
6C00
3600
0000
0000
0000
0000
0000
0000
0000
ENDCHAR
STARTCHAR uni219F
ENCODING 8607
SWIDTH 480 0
DWIDTH 10 0
BBX 10 20 0 -4
BITMAP
0000
0000
0000
0C00
1E00
3F00
6D80
4C80
1E00
3F00
6D80
4C80
0C00
0C00
0C00
0C00
0000
0000
0000
0000
ENDCHAR
STARTCHAR uni21A0
ENCODING 8608
SWIDTH 480 0
DWIDTH 10 0
BBX 10 20 0 -4
BITMAP
0000
0000
0000
0000
0000
0000
0000
3600
1B00
FF80
FF80
1B00
3600
0000
0000
0000
0000
0000
0000
0000
ENDCHAR
STARTCHAR uni21A1
ENCODING 8609
SWIDTH 480 0
DWIDTH 10 0
BBX 10 20 0 -4
BITMAP
0000
0000
0000
0C00
0C00
0C00
0C00
4C80
6D80
3F00
1E00
4C80
6D80
3F00
1E00
0C00
0000
0000
0000
0000
ENDCHAR
STARTCHAR uni21A2
ENCODING 8610
SWIDTH 480 0
DWIDTH 10 0
BBX 10 20 0 -4
BITMAP
0000
0000
0000
0000
0000
0000
1980
3300
6600
FC00
FC00
6600
3300
1980
0000
0000
0000
0000
0000
0000
ENDCHAR
STARTCHAR uni21A3
ENCODING 8611
SWIDTH 480 0
DWIDTH 10 0
BBX 10 20 0 -4
BITMAP
0000
0000
0000
0000
0000
0000
CC00
6600
3300
1F80
1F80
3300
6600
CC00
0000
0000
0000
0000
0000
0000
ENDCHAR
STARTCHAR uni21A4
ENCODING 8612
SWIDTH 480 0
DWIDTH 10 0
BBX 10 20 0 -4
BITMAP
0000
0000
0000
0000
0000
0000
1980
3180
6180
FF80
FF80
6180
3180
1980
0000
0000
0000
0000
0000
0000
ENDCHAR
STARTCHAR uni21A5
ENCODING 8613
SWIDTH 480 0
DWIDTH 10 0
BBX 10 20 0 -4
BITMAP
0000
0000
0000
0C00
1E00
3F00
6D80
4C80
0C00
0C00
0C00
0C00
0C00
0C00
7F80
7F80
0000
0000
0000
0000
ENDCHAR
STARTCHAR uni21A6
ENCODING 8614
SWIDTH 480 0
DWIDTH 10 0
BBX 10 20 0 -4
BITMAP
0000
0000
0000
0000
0000
0000
CC00
C600
C300
FF80
FF80
C300
C600
CC00
0000
0000
0000
0000
0000
0000
ENDCHAR
STARTCHAR uni21A7
ENCODING 8615
SWIDTH 480 0
DWIDTH 10 0
BBX 10 20 0 -4
BITMAP
0000
0000
0000
7F80
7F80
0C00
0C00
0C00
0C00
0C00
0C00
4C80
6D80
3F00
1E00
0C00
0000
0000
0000
0000
ENDCHAR
STARTCHAR arrowupdnbse
ENCODING 8616
SWIDTH 480 0
DWIDTH 10 0
BBX 10 20 0 -4
BITMAP
0000
0000
0000
0C00
1E00
3F00
6D80
4C80
0C00
4C80
6D80
3F00
1E00
0C00
7F80
7F80
0000
0000
0000
0000
ENDCHAR
STARTCHAR uni21A9
ENCODING 8617
SWIDTH 480 0
DWIDTH 10 0
BBX 10 20 0 -4
BITMAP
0000
0000
0000
0000
0000
0000
1B00
3380
6180
FF80
FF00
6000
3000
1800
0000
0000
0000
0000
0000
0000
ENDCHAR
STARTCHAR uni21AA
ENCODING 8618
SWIDTH 480 0
DWIDTH 10 0
BBX 10 20 0 -4
BITMAP
0000
0000
0000
0000
0000
0000
6C00
E600
C300
FF80
7F80
0300
0600
0C00
0000
0000
0000
0000
0000
0000
ENDCHAR
STARTCHAR uni21AB
ENCODING 8619
SWIDTH 480 0
DWIDTH 10 0
BBX 10 20 0 -4
BITMAP
0000
0000
0000
0000
0000
0000
1900
3380
6280
FF80
FF00
6200
3200
1800
0000
0000
0000
0000
0000
0000
ENDCHAR
STARTCHAR uni21AC
ENCODING 8620
SWIDTH 480 0
DWIDTH 10 0
BBX 10 20 0 -4
BITMAP
0000
0000
0000
0000
0000
0000
4C00
E600
A300
FF80
7F80
2300
2600
0C00
0000
0000
0000
0000
0000
0000
ENDCHAR
STARTCHAR uni21AD
ENCODING 8621
SWIDTH 480 0
DWIDTH 10 0
BBX 10 20 0 -4
BITMAP
0000
0000
0000
0000
0000
0000
1200
3300
6D80
FFC0
F3C0
6180
3300
1200
0000
0000
0000
0000
0000
0000
ENDCHAR
STARTCHAR uni21AE
ENCODING 8622
SWIDTH 480 0
DWIDTH 10 0
BBX 10 20 0 -4
BITMAP
0000
0000
0000
0000
0000
0000
1200
3700
6580
FFC0
FFC0
6980
3B00
1200
0000
0000
0000
0000
0000
0000
ENDCHAR
STARTCHAR uni21AF
ENCODING 8623
SWIDTH 480 0
DWIDTH 10 0
BBX 10 20 0 -4
BITMAP
0000
01C0
0380
0700
0E00
1C00
3FC0
7FC0
0380
0700
CE00
DC00
F800
F000
FC00
FC00
0000
0000
0000
0000
ENDCHAR
STARTCHAR uni21B0
ENCODING 8624
SWIDTH 480 0
DWIDTH 10 0
BBX 10 20 0 -4
BITMAP
0000
0000
0000
1800
3000
7F80
7F80
3180
1980
0180
0180
0180
0180
0180
0180
0180
0000
0000
0000
0000
ENDCHAR
STARTCHAR uni21B1
ENCODING 8625
SWIDTH 480 0
DWIDTH 10 0
BBX 10 20 0 -4
BITMAP
0000
0000
0000
0600
0300
7F80
7F80
6300
6600
6000
6000
6000
6000
6000
6000
6000
0000
0000
0000
0000
ENDCHAR
STARTCHAR uni21B2
ENCODING 8626
SWIDTH 480 0
DWIDTH 10 0
BBX 10 20 0 -4
BITMAP
0000
0000
0000
0180
0180
0180
0180
0180
0180
0180
1980
3180
7F80
7F80
3000
1800
0000
0000
0000
0000
ENDCHAR
STARTCHAR uni21B3
ENCODING 8627
SWIDTH 480 0
DWIDTH 10 0
BBX 10 20 0 -4
BITMAP
0000
0000
0000
6000
6000
6000
6000
6000
6000
6000
6600
6300
7F80
7F80
0300
0600
0000
0000
0000
0000
ENDCHAR
STARTCHAR uni21B4
ENCODING 8628
SWIDTH 480 0
DWIDTH 10 0
BBX 10 20 0 -4
BITMAP
0000
0000
0000
7E00
7E00
0600
0600
0600
0600
0600
0600
0600
1680
1F80
0F00
0600
0000
0000
0000
0000
ENDCHAR
STARTCHAR carriagereturn
ENCODING 8629
SWIDTH 480 0
DWIDTH 10 0
BBX 10 20 0 -4
BITMAP
0000
0000
0000
0000
0000
0000
0180
0180
0180
1980
3180
7F80
7F80
3000
1800
0000
0000
0000
0000
0000
ENDCHAR
STARTCHAR uni21B6
ENCODING 8630
SWIDTH 480 0
DWIDTH 10 0
BBX 10 20 0 -4
BITMAP
0000
0000
0000
0000
0000
0000
0000
0000
0E00
1F00
3B80
3180
B580
FD80
7980
3180
0000
0000
0000
0000
ENDCHAR
STARTCHAR uni21B7
ENCODING 8631
SWIDTH 480 0
DWIDTH 10 0
BBX 10 20 0 -4
BITMAP
0000
0000
0000
0000
0000
0000
0000
0000
3800
7C00
EE00
C600
D680
DF80
CF00
C600
0000
0000
0000
0000
ENDCHAR
STARTCHAR uni21B8
ENCODING 8632
SWIDTH 480 0
DWIDTH 10 0
BBX 10 20 0 -4
BITMAP
0000
0000
0000
FF80
FF80
2000
7C00
7F00
7A00
D800
CC00
8C00
0600
0600
0300
0300
0000
0000
0000
0000
ENDCHAR
STARTCHAR uni21B9
ENCODING 8633
SWIDTH 480 0
DWIDTH 10 0
BBX 10 20 0 -4
BITMAP
0000
0000
0000
CC00
D800
FF80
FF80
D800
CC00
0000
1980
0D80
FF80
FF80
0D80
1980
0000
0000
0000
0000
ENDCHAR
STARTCHAR uni21BA
ENCODING 8634
SWIDTH 480 0
DWIDTH 10 0
BBX 10 20 0 -4
BITMAP
0000
0000
0000
0000
1F00
1F00
1E00
1F00
DB80
C180
C180
E380
7F00
3E00
0000
0000
0000
0000
0000
0000
ENDCHAR
STARTCHAR uni21BB
ENCODING 8635
SWIDTH 480 0
DWIDTH 10 0
BBX 10 20 0 -4
BITMAP
0000
0000
0000
0000
7C00
7C00
3C00
7C00
ED80
C180
C180
E380
7F00
3E00
0000
0000
0000
0000
0000
0000
ENDCHAR
STARTCHAR uni21BC
ENCODING 8636
SWIDTH 480 0
DWIDTH 10 0
BBX 10 20 0 -4
BITMAP
0000
0000
0000
0000
0000
0000
1800
3000
6000
FF80
FF80
0000
0000
0000
0000
0000
0000
0000
0000
0000
ENDCHAR
STARTCHAR uni21BD
ENCODING 8637
SWIDTH 480 0
DWIDTH 10 0
BBX 10 20 0 -4
BITMAP
0000
0000
0000
0000
0000
0000
0000
0000
0000
FF80
FF80
6000
3000
1800
0000
0000
0000
0000
0000
0000
ENDCHAR
STARTCHAR uni21BE
ENCODING 8638
SWIDTH 480 0
DWIDTH 10 0
BBX 10 20 0 -4
BITMAP
0000
0000
0000
0C00
0E00
0F00
0D80
0C80
0C00
0C00
0C00
0C00
0C00
0C00
0C00
0C00
0000
0000
0000
0000
ENDCHAR
STARTCHAR uni21BF
ENCODING 8639
SWIDTH 480 0
DWIDTH 10 0
BBX 10 20 0 -4
BITMAP
0000
0000
0000
0C00
1C00
3C00
6C00
4C00
0C00
0C00
0C00
0C00
0C00
0C00
0C00
0C00
0000
0000
0000
0000
ENDCHAR
STARTCHAR uni21C0
ENCODING 8640
SWIDTH 480 0
DWIDTH 10 0
BBX 10 20 0 -4
BITMAP
0000
0000
0000
0000
0000
0000
0C00
0600
0300
FF80
FF80
0000
0000
0000
0000
0000
0000
0000
0000
0000
ENDCHAR
STARTCHAR uni21C1
ENCODING 8641
SWIDTH 480 0
DWIDTH 10 0
BBX 10 20 0 -4
BITMAP
0000
0000
0000
0000
0000
0000
0000
0000
0000
FF80
FF80
0300
0600
0C00
0000
0000
0000
0000
0000
0000
ENDCHAR
STARTCHAR uni21C2
ENCODING 8642
SWIDTH 480 0
DWIDTH 10 0
BBX 10 20 0 -4
BITMAP
0000
0000
0000
0C00
0C00
0C00
0C00
0C00
0C00
0C00
0C00
0C80
0D80
0F00
0E00
0C00
0000
0000
0000
0000
ENDCHAR
STARTCHAR uni21C3
ENCODING 8643
SWIDTH 480 0
DWIDTH 10 0
BBX 10 20 0 -4
BITMAP
0000
0000
0000
0C00
0C00
0C00
0C00
0C00
0C00
0C00
0C00
4C00
6C00
3C00
1C00
0C00
0000
0000
0000
0000
ENDCHAR
STARTCHAR uni21C4
ENCODING 8644
SWIDTH 480 0
DWIDTH 10 0
BBX 10 20 0 -4
BITMAP
0000
0000
0000
0000
0600
0300
FF80
FF80
0300
3600
6000
FF80
FF80
6000
3000
0000
0000
0000
0000
0000
ENDCHAR
STARTCHAR uni21C5
ENCODING 8645
SWIDTH 480 0
DWIDTH 10 0
BBX 10 20 0 -4
BITMAP
0000
0000
0000
3300
7B00
FF00
B700
3300
3300
3300
3300
3300
3B40
3FC0
3780
3300
0000
0000
0000
0000
ENDCHAR
STARTCHAR uni21C6
ENCODING 8646
SWIDTH 480 0
DWIDTH 10 0
BBX 10 20 0 -4
BITMAP
0000
0000
0000
0000
3000
6000
FF80
FF80
6000
3600
0300
FF80
FF80
0300
0600
0000
0000
0000
0000
0000
ENDCHAR
STARTCHAR uni21C7
ENCODING 8647
SWIDTH 480 0
DWIDTH 10 0
BBX 10 20 0 -4
BITMAP
0000
0000
0000
0000
3000
6000
FF80
FF80
6000
3000
6000
FF80
FF80
6000
3000
0000
0000
0000
0000
0000
ENDCHAR
STARTCHAR uni21C8
ENCODING 8648
SWIDTH 480 0
DWIDTH 10 0
BBX 10 20 0 -4
BITMAP
0000
0000
0000
2200
7700
AA80
2200
2200
2200
2200
2200
2200
2200
2200
2200
2200
0000
0000
0000
0000
ENDCHAR
STARTCHAR uni21C9
ENCODING 8649
SWIDTH 480 0
DWIDTH 10 0
BBX 10 20 0 -4
BITMAP
0000
0000
0000
0000
0600
0300
FF80
FF80
0300
0600
0300
FF80
FF80
0300
0600
0000
0000
0000
0000
0000
ENDCHAR
STARTCHAR uni21CA
ENCODING 8650
SWIDTH 480 0
DWIDTH 10 0
BBX 10 20 0 -4
BITMAP
0000
0000
0000
2200
2200
2200
2200
2200
2200
2200
2200
2200
2200
AA80
7700
2200
0000
0000
0000
0000
ENDCHAR
STARTCHAR uni21CB
ENCODING 8651
SWIDTH 480 0
DWIDTH 10 0
BBX 10 20 0 -4
BITMAP
0000
0000
0000
0000
0000
1800
3000
7F80
7F80
0000
7F80
7F80
0300
0600
0000
0000
0000
0000
0000
0000
ENDCHAR
STARTCHAR uni21CC
ENCODING 8652
SWIDTH 480 0
DWIDTH 10 0
BBX 10 20 0 -4
BITMAP
0000
0000
0000
0000
0000
0600
0300
7F80
7F80
0000
7F80
7F80
3000
1800
0000
0000
0000
0000
0000
0000
ENDCHAR
STARTCHAR uni21CD
ENCODING 8653
SWIDTH 480 0
DWIDTH 10 0
BBX 10 20 0 -4
BITMAP
0000
0000
0000
0000
0000
0000
0000
0100
1100
3F80
4200
3F80
1400
0400
0000
0000
0000
0000
0000
0000
ENDCHAR
STARTCHAR uni21CE
ENCODING 8654
SWIDTH 480 0
DWIDTH 10 0
BBX 10 20 0 -4
BITMAP
0000
0000
0000
0000
0000
0000
0000
0400
2500
7F80
8C40
7F80
2900
0800
0000
0000
0000
0000
0000
0000
ENDCHAR
STARTCHAR uni21CF
ENCODING 8655
SWIDTH 480 0
DWIDTH 10 0
BBX 10 20 0 -4
BITMAP
0000
0000
0000
0000
0000
0000
0000
0800
0A00
7F00
1080
7F00
2200
2000
0000
0000
0000
0000
0000
0000
ENDCHAR
STARTCHAR arrowdblleft
ENCODING 8656
SWIDTH 480 0
DWIDTH 10 0
BBX 10 20 0 -4
BITMAP
0000
0000
0000
0000
0000
0C00
1800
3F80
7F80
C000
7F80
3F80
1800
0C00
0000
0000
0000
0000
0000
0000
ENDCHAR
STARTCHAR arrowdblup
ENCODING 8657
SWIDTH 480 0
DWIDTH 10 0
BBX 10 20 0 -4
BITMAP
0000
0000
0000
0800
1C00
3600
7700
F780
B680
3600
3600
3600
3600
3600
3600
3600
0000
0000
0000
0000
ENDCHAR
STARTCHAR arrowdblright
ENCODING 8658
SWIDTH 480 0
DWIDTH 10 0
BBX 10 20 0 -4
BITMAP
0000
0000
0000
0000
0000
1800
0C00
FE00
FF00
0180
FF00
FE00
0C00
1800
0000
0000
0000
0000
0000
0000
ENDCHAR
STARTCHAR arrowdbldown
ENCODING 8659
SWIDTH 480 0
DWIDTH 10 0
BBX 10 20 0 -4
BITMAP
0000
0000
0000
3600
3600
3600
3600
3600
3600
3600
B680
F780
7700
3600
1C00
0800
0000
0000
0000
0000
ENDCHAR
STARTCHAR arrowdblboth
ENCODING 8660
SWIDTH 480 0
DWIDTH 10 0
BBX 10 20 0 -4
BITMAP
0000
0000
0000
0000
0000
1200
3300
7F80
FFC0
80C0
FFC0
7F80
3300
1200
0000
0000
0000
0000
0000
0000
ENDCHAR
STARTCHAR uni21D5
ENCODING 8661
SWIDTH 480 0
DWIDTH 10 0
BBX 10 20 0 -4
BITMAP
0000
0000
0000
0800
1C00
3600
7700
F780
B680
3600
B680
F780
7700
3600
1C00
0800
0000
0000
0000
0000
ENDCHAR
STARTCHAR uni21D6
ENCODING 8662
SWIDTH 480 0
DWIDTH 10 0
BBX 10 20 0 -4
BITMAP
0000
0000
0000
0000
0000
FE00
FE00
CC00
C600
E300
F180
D880
0C00
0600
0000
0000
0000
0000
0000
0000
ENDCHAR
STARTCHAR uni21D7
ENCODING 8663
SWIDTH 480 0
DWIDTH 10 0
BBX 10 20 0 -4
BITMAP
0000
0000
0000
0000
0000
3F80
3F80
1980
3180
6380
C780
8D80
1800
3000
0000
0000
0000
0000
0000
0000
ENDCHAR
STARTCHAR uni21D8
ENCODING 8664
SWIDTH 480 0
DWIDTH 10 0
BBX 10 20 0 -4
BITMAP
0000
0000
0000
0000
0000
3000
1800
8D80
C780
6380
3180
1980
3F80
3F80
0000
0000
0000
0000
0000
0000
ENDCHAR
STARTCHAR uni21D9
ENCODING 8665
SWIDTH 480 0
DWIDTH 10 0
BBX 10 20 0 -4
BITMAP
0000
0000
0000
0000
0000
0600
0C00
D880
F180
E300
C600
CC00
FE00
FE00
0000
0000
0000
0000
0000
0000
ENDCHAR
STARTCHAR uni21DA
ENCODING 8666
SWIDTH 480 0
DWIDTH 10 0
BBX 10 20 0 -4
BITMAP
0000
0000
0000
0000
0400
0800
1000
3F80
4000
FF80
4000
3F80
1000
0800
0400
0000
0000
0000
0000
0000
ENDCHAR
STARTCHAR uni21DB
ENCODING 8667
SWIDTH 480 0
DWIDTH 10 0
BBX 10 20 0 -4
BITMAP
0000
0000
0000
0000
1000
0800
0400
FE00
0100
FF80
0100
FE00
0400
0800
1000
0000
0000
0000
0000
0000
ENDCHAR
STARTCHAR uni21DC
ENCODING 8668
SWIDTH 480 0
DWIDTH 10 0
BBX 10 20 0 -4
BITMAP
0000
0000
0000
0000
0000
0000
0000
0000
2000
4200
F580
4800
2000
0000
0000
0000
0000
0000
0000
0000
ENDCHAR
STARTCHAR uni21DD
ENCODING 8669
SWIDTH 480 0
DWIDTH 10 0
BBX 10 20 0 -4
BITMAP
0000
0000
0000
0000
0000
0000
0000
0000
0200
2100
D780
0900
0200
0000
0000
0000
0000
0000
0000
0000
ENDCHAR
STARTCHAR uni21DE
ENCODING 8670
SWIDTH 480 0
DWIDTH 10 0
BBX 10 20 0 -4
BITMAP
0000
0000
0000
0C00
1E00
3F00
6D80
4C80
0C00
3F00
3F00
0C00
3F00
3F00
0C00
0C00
0000
0000
0000
0000
ENDCHAR
STARTCHAR uni21DF
ENCODING 8671
SWIDTH 480 0
DWIDTH 10 0
BBX 10 20 0 -4
BITMAP
0000
0000
0000
0C00
0C00
3F00
3F00
0C00
3F00
3F00
0C00
4C80
6D80
3F00
1E00
0C00
0000
0000
0000
0000
ENDCHAR
STARTCHAR uni21E0
ENCODING 8672
SWIDTH 480 0
DWIDTH 10 0
BBX 10 20 0 -4
BITMAP
0000
0000
0000
0000
0000
0000
1800
3000
6000
ED80
ED80
6000
3000
1800
0000
0000
0000
0000
0000
0000
ENDCHAR
STARTCHAR uni21E1
ENCODING 8673
SWIDTH 480 0
DWIDTH 10 0
BBX 10 20 0 -4
BITMAP
0000
0000
0000
0C00
1E00
3F00
6D80
4080
0C00
0C00
0000
0C00
0C00
0000
0C00
0C00
0000
0000
0000
0000
ENDCHAR
STARTCHAR uni21E2
ENCODING 8674
SWIDTH 480 0
DWIDTH 10 0
BBX 10 20 0 -4
BITMAP
0000
0000
0000
0000
0000
0000
0C00
0600
0300
DB80
DB80
0300
0600
0C00
0000
0000
0000
0000
0000
0000
ENDCHAR
STARTCHAR uni21E3
ENCODING 8675
SWIDTH 480 0
DWIDTH 10 0
BBX 10 20 0 -4
BITMAP
0000
0000
0000
0C00
0C00
0000
0C00
0C00
0000
0C00
0C00
4080
6D80
3F00
1E00
0C00
0000
0000
0000
0000
ENDCHAR
STARTCHAR uni21E4
ENCODING 8676
SWIDTH 480 0
DWIDTH 10 0
BBX 10 20 0 -4
BITMAP
0000
0000
0000
0000
0000
0000
C600
CC00
D800
FF80
FF80
D800
CC00
C600
0000
0000
0000
0000
0000
0000
ENDCHAR
STARTCHAR uni21E5
ENCODING 8677
SWIDTH 480 0
DWIDTH 10 0
BBX 10 20 0 -4
BITMAP
0000
0000
0000
0000
0000
0000
3180
1980
0D80
FF80
FF80
0D80
1980
3180
0000
0000
0000
0000
0000
0000
ENDCHAR
STARTCHAR uni21E6
ENCODING 8678
SWIDTH 480 0
DWIDTH 10 0
BBX 10 20 0 -4
BITMAP
0000
0000
0000
0000
0000
0000
1800
2800
4F80
8080
8080
4F80
2800
1800
0000
0000
0000
0000
0000
0000
ENDCHAR
STARTCHAR uni21E7
ENCODING 8679
SWIDTH 480 0
DWIDTH 10 0
BBX 10 20 0 -4
BITMAP
0000
0000
0000
0C00
1200
2100
4080
7380
1200
1200
1200
1200
1200
1200
1200
1E00
0000
0000
0000
0000
ENDCHAR
STARTCHAR uni21E8
ENCODING 8680
SWIDTH 480 0
DWIDTH 10 0
BBX 10 20 0 -4
BITMAP
0000
0000
0000
0000
0000
0000
0C00
0A00
F900
8080
8080
F900
0A00
0C00
0000
0000
0000
0000
0000
0000
ENDCHAR
STARTCHAR uni21E9
ENCODING 8681
SWIDTH 480 0
DWIDTH 10 0
BBX 10 20 0 -4
BITMAP
0000
0000
0000
1E00
1200
1200
1200
1200
1200
1200
1200
7380
4080
2100
1200
0C00
0000
0000
0000
0000
ENDCHAR
STARTCHAR uni21EA
ENCODING 8682
SWIDTH 480 0
DWIDTH 10 0
BBX 10 20 0 -4
BITMAP
0000
0000
0000
0C00
1200
2100
4080
7380
1200
1200
1E00
0000
1E00
1200
1200
1E00
0000
0000
0000
0000
ENDCHAR
STARTCHAR uni21EB
ENCODING 8683
SWIDTH 480 0
DWIDTH 10 0
BBX 10 20 0 -4
BITMAP
0000
0000
0000
0C00
1200
2100
4080
7380
1200
1200
1200
1200
1200
7380
4080
7F80
0000
0000
0000
0000
ENDCHAR
STARTCHAR uni21EC
ENCODING 8684
SWIDTH 480 0
DWIDTH 10 0
BBX 10 20 0 -4
BITMAP
0000
0000
0000
0C00
1200
3F00
4080
7380
1200
1200
1200
1200
1200
7380
4080
7F80
0000
0000
0000
0000
ENDCHAR
STARTCHAR uni21ED
ENCODING 8685
SWIDTH 480 0
DWIDTH 10 0
BBX 10 20 0 -4
BITMAP
0000
0000
0800
1C00
2A00
4900
8880
EB80
2A00
2A00
2A00
2A00
2A00
EB80
8880
FF80
0000
0000
0000
0000
ENDCHAR
STARTCHAR uni21EE
ENCODING 8686
SWIDTH 480 0
DWIDTH 10 0
BBX 10 20 0 -4
BITMAP
0000
0000
0000
0C00
1200
2D00
7380
2100
7380
1200
1200
1200
1200
1200
1200
1E00
0000
0000
0000
0000
ENDCHAR
STARTCHAR uni21EF
ENCODING 8687
SWIDTH 480 0
DWIDTH 10 0
BBX 10 20 0 -4
BITMAP
0000
0000
0000
0C00
1200
2D00
7380
2100
7380
1200
1200
1200
1200
7380
4080
7F80
0000
0000
0000
0000
ENDCHAR
STARTCHAR uni21F0
ENCODING 8688
SWIDTH 480 0
DWIDTH 10 0
BBX 10 20 0 -4
BITMAP
0000
0000
0000
0000
0000
0000
EC00
AA00
B900
8080
8080
B900
AA00
EC00
0000
0000
0000
0000
0000
0000
ENDCHAR
STARTCHAR uni21F1
ENCODING 8689
SWIDTH 480 0
DWIDTH 10 0
BBX 10 20 0 -4
BITMAP
0000
0000
0000
0000
0000
0000
7F80
4000
5E00
5400
5C00
5200
4100
4080
0000
0000
0000
0000
0000
0000
ENDCHAR
STARTCHAR uni21F2
ENCODING 8690
SWIDTH 480 0
DWIDTH 10 0
BBX 10 20 0 -4
BITMAP
0000
0000
0000
0000
0000
0000
4080
2080
1280
0E80
0A80
1E80
0080
7F80
0000
0000
0000
0000
0000
0000
ENDCHAR
STARTCHAR uni21F3
ENCODING 8691
SWIDTH 480 0
DWIDTH 10 0
BBX 10 20 0 -4
BITMAP
0000
0000
0000
0C00
1200
2100
7380
1200
1200
1200
1200
1200
7380
2100
1200
0C00
0000
0000
0000
0000
ENDCHAR
STARTCHAR uni21F4
ENCODING 8692
SWIDTH 480 0
DWIDTH 10 0
BBX 10 20 0 -4
BITMAP
0000
0000
0000
0000
0000
0000
0000
2600
5300
FF80
FF80
5300
2600
0000
0000
0000
0000
0000
0000
0000
ENDCHAR
STARTCHAR uni21F5
ENCODING 8693
SWIDTH 480 0
DWIDTH 10 0
BBX 10 20 0 -4
BITMAP
0000
0000
0000
3300
3780
3FC0
3B40
3300
3300
3300
3300
3300
B700
FF00
7B00
3300
0000
0000
0000
0000
ENDCHAR
STARTCHAR uni21F6
ENCODING 8694
SWIDTH 480 0
DWIDTH 10 0
BBX 10 20 0 -4
BITMAP
0000
0000
0600
0300
FF80
FF80
0300
0600
0300
FF80
FF80
0300
0600
0300
FF80
FF80
0300
0600
0000
0000
ENDCHAR
STARTCHAR uni21F7
ENCODING 8695
SWIDTH 480 0
DWIDTH 10 0
BBX 10 20 0 -4
BITMAP
0000
0000
0000
0000
0000
0000
1600
3600
6600
FF80
FF80
6600
3600
1600
0000
0000
0000
0000
0000
0000
ENDCHAR
STARTCHAR uni21F8
ENCODING 8696
SWIDTH 480 0
DWIDTH 10 0
BBX 10 20 0 -4
BITMAP
0000
0000
0000
0000
0000
0000
3400
3600
3300
FF80
FF80
3300
3600
3400
0000
0000
0000
0000
0000
0000
ENDCHAR
STARTCHAR uni21F9
ENCODING 8697
SWIDTH 480 0
DWIDTH 10 0
BBX 10 20 0 -4
BITMAP
0000
0000
0000
0000
0000
0000
0000
2D00
6D80
FFC0
FFC0
6D80
2D00
0000
0000
0000
0000
0000
0000
0000
ENDCHAR
STARTCHAR uni21FA
ENCODING 8698
SWIDTH 480 0
DWIDTH 10 0
BBX 10 20 0 -4
BITMAP
0000
0000
0000
0000
0000
0000
0000
2A00
6A00
FF80
FF80
6A00
2A00
0000
0000
0000
0000
0000
0000
0000
ENDCHAR
STARTCHAR uni21FB
ENCODING 8699
SWIDTH 480 0
DWIDTH 10 0
BBX 10 20 0 -4
BITMAP
0000
0000
0000
0000
0000
0000
0000
2A00
2B00
FF80
FF80
2B00
2A00
0000
0000
0000
0000
0000
0000
0000
ENDCHAR
STARTCHAR uni21FC
ENCODING 8700
SWIDTH 480 0
DWIDTH 10 0
BBX 10 20 0 -4
BITMAP
0000
0000
0000
0000
0000
0000
0000
5500
D580
FF80
FF80
D580
5500
0000
0000
0000
0000
0000
0000
0000
ENDCHAR
STARTCHAR uni21FD
ENCODING 8701
SWIDTH 480 0
DWIDTH 10 0
BBX 10 20 0 -4
BITMAP
0000
0000
0000
0000
0000
0000
1000
3000
7000
DF80
DF80
7000
3000
1000
0000
0000
0000
0000
0000
0000
ENDCHAR
STARTCHAR uni21FE
ENCODING 8702
SWIDTH 480 0
DWIDTH 10 0
BBX 10 20 0 -4
BITMAP
0000
0000
0000
0000
0000
0000
0400
0600
0700
FD80
FD80
0700
0600
0400
0000
0000
0000
0000
0000
0000
ENDCHAR
STARTCHAR uni21FF
ENCODING 8703
SWIDTH 480 0
DWIDTH 10 0
BBX 10 20 0 -4
BITMAP
0000
0000
0000
0000
0000
0000
1200
3300
7380
DEC0
DEC0
7380
3300
1200
0000
0000
0000
0000
0000
0000
ENDCHAR
STARTCHAR SF100000
ENCODING 9472
SWIDTH 480 0
DWIDTH 10 0
BBX 10 20 0 -4
BITMAP
0000
0000
0000
0000
0000
0000
0000
0000
0000
FFC0
0000
0000
0000
0000
0000
0000
0000
0000
0000
0000
ENDCHAR
STARTCHAR uni2501
ENCODING 9473
SWIDTH 480 0
DWIDTH 10 0
BBX 10 20 0 -4
BITMAP
0000
0000
0000
0000
0000
0000
0000
0000
0000
FFC0
FFC0
0000
0000
0000
0000
0000
0000
0000
0000
0000
ENDCHAR
STARTCHAR SF110000
ENCODING 9474
SWIDTH 480 0
DWIDTH 10 0
BBX 10 20 0 -4
BITMAP
0800
0800
0800
0800
0800
0800
0800
0800
0800
0800
0800
0800
0800
0800
0800
0800
0800
0800
0800
0800
ENDCHAR
STARTCHAR uni2503
ENCODING 9475
SWIDTH 480 0
DWIDTH 10 0
BBX 10 20 0 -4
BITMAP
0C00
0C00
0C00
0C00
0C00
0C00
0C00
0C00
0C00
0C00
0C00
0C00
0C00
0C00
0C00
0C00
0C00
0C00
0C00
0C00
ENDCHAR
STARTCHAR uni2504
ENCODING 9476
SWIDTH 480 0
DWIDTH 10 0
BBX 10 20 0 -4
BITMAP
0000
0000
0000
0000
0000
0000
0000
0000
0000
DD80
0000
0000
0000
0000
0000
0000
0000
0000
0000
0000
ENDCHAR
STARTCHAR uni2505
ENCODING 9477
SWIDTH 480 0
DWIDTH 10 0
BBX 10 20 0 -4
BITMAP
0000
0000
0000
0000
0000
0000
0000
0000
0000
DD80
DD80
0000
0000
0000
0000
0000
0000
0000
0000
0000
ENDCHAR
STARTCHAR uni2506
ENCODING 9478
SWIDTH 480 0
DWIDTH 10 0
BBX 10 20 0 -4
BITMAP
0000
0800
0800
0800
0800
0000
0000
0800
0800
0800
0800
0800
0000
0000
0800
0800
0800
0800
0800
0000
ENDCHAR
STARTCHAR uni2507
ENCODING 9479
SWIDTH 480 0
DWIDTH 10 0
BBX 10 20 0 -4
BITMAP
0000
0C00
0C00
0C00
0C00
0000
0000
0C00
0C00
0C00
0C00
0C00
0C00
0000
0000
0C00
0C00
0C00
0C00
0000
ENDCHAR
STARTCHAR uni2508
ENCODING 9480
SWIDTH 480 0
DWIDTH 10 0
BBX 10 20 0 -4
BITMAP
0000
0000
0000
0000
0000
0000
0000
0000
0000
B580
0000
0000
0000
0000
0000
0000
0000
0000
0000
0000
ENDCHAR
STARTCHAR uni2509
ENCODING 9481
SWIDTH 480 0
DWIDTH 10 0
BBX 10 20 0 -4
BITMAP
0000
0000
0000
0000
0000
0000
0000
0000
0000
B580
B580
0000
0000
0000
0000
0000
0000
0000
0000
0000
ENDCHAR
STARTCHAR uni250A
ENCODING 9482
SWIDTH 480 0
DWIDTH 10 0
BBX 10 20 0 -4
BITMAP
0800
0800
0800
0800
0000
0800
0800
0800
0800
0000
0800
0800
0800
0800
0000
0800
0800
0800
0800
0000
ENDCHAR
STARTCHAR uni250B
ENCODING 9483
SWIDTH 480 0
DWIDTH 10 0
BBX 10 20 0 -4
BITMAP
0C00
0C00
0C00
0C00
0000
0C00
0C00
0C00
0C00
0000
0C00
0C00
0C00
0C00
0000
0C00
0C00
0C00
0C00
0000
ENDCHAR
STARTCHAR SF010000
ENCODING 9484
SWIDTH 480 0
DWIDTH 10 0
BBX 10 20 0 -4
BITMAP
0000
0000
0000
0000
0000
0000
0000
0000
0000
0FC0
0800
0800
0800
0800
0800
0800
0800
0800
0800
0800
ENDCHAR
STARTCHAR uni250D
ENCODING 9485
SWIDTH 480 0
DWIDTH 10 0
BBX 10 20 0 -4
BITMAP
0000
0000
0000
0000
0000
0000
0000
0000
0000
0FC0
0FC0
0800
0800
0800
0800
0800
0800
0800
0800
0800
ENDCHAR
STARTCHAR uni250E
ENCODING 9486
SWIDTH 480 0
DWIDTH 10 0
BBX 10 20 0 -4
BITMAP
0000
0000
0000
0000
0000
0000
0000
0000
0000
0FC0
0C00
0C00
0C00
0C00
0C00
0C00
0C00
0C00
0C00
0C00
ENDCHAR
STARTCHAR uni250F
ENCODING 9487
SWIDTH 480 0
DWIDTH 10 0
BBX 10 20 0 -4
BITMAP
0000
0000
0000
0000
0000
0000
0000
0000
0000
0FC0
0FC0
0C00
0C00
0C00
0C00
0C00
0C00
0C00
0C00
0C00
ENDCHAR
STARTCHAR SF030000
ENCODING 9488
SWIDTH 480 0
DWIDTH 10 0
BBX 10 20 0 -4
BITMAP
0000
0000
0000
0000
0000
0000
0000
0000
0000
F800
0800
0800
0800
0800
0800
0800
0800
0800
0800
0800
ENDCHAR
STARTCHAR uni2511
ENCODING 9489
SWIDTH 480 0
DWIDTH 10 0
BBX 10 20 0 -4
BITMAP
0000
0000
0000
0000
0000
0000
0000
0000
0000
F800
F800
0800
0800
0800
0800
0800
0800
0800
0800
0800
ENDCHAR
STARTCHAR uni2512
ENCODING 9490
SWIDTH 480 0
DWIDTH 10 0
BBX 10 20 0 -4
BITMAP
0000
0000
0000
0000
0000
0000
0000
0000
0000
FC00
0C00
0C00
0C00
0C00
0C00
0C00
0C00
0C00
0C00
0C00
ENDCHAR
STARTCHAR uni2513
ENCODING 9491
SWIDTH 480 0
DWIDTH 10 0
BBX 10 20 0 -4
BITMAP
0000
0000
0000
0000
0000
0000
0000
0000
0000
FC00
FC00
0C00
0C00
0C00
0C00
0C00
0C00
0C00
0C00
0C00
ENDCHAR
STARTCHAR SF020000
ENCODING 9492
SWIDTH 480 0
DWIDTH 10 0
BBX 10 20 0 -4
BITMAP
0800
0800
0800
0800
0800
0800
0800
0800
0800
0FC0
0000
0000
0000
0000
0000
0000
0000
0000
0000
0000
ENDCHAR
STARTCHAR uni2515
ENCODING 9493
SWIDTH 480 0
DWIDTH 10 0
BBX 10 20 0 -4
BITMAP
0800
0800
0800
0800
0800
0800
0800
0800
0800
0FC0
0FC0
0000
0000
0000
0000
0000
0000
0000
0000
0000
ENDCHAR
STARTCHAR uni2516
ENCODING 9494
SWIDTH 480 0
DWIDTH 10 0
BBX 10 20 0 -4
BITMAP
0C00
0C00
0C00
0C00
0C00
0C00
0C00
0C00
0C00
0FC0
0000
0000
0000
0000
0000
0000
0000
0000
0000
0000
ENDCHAR
STARTCHAR uni2517
ENCODING 9495
SWIDTH 480 0
DWIDTH 10 0
BBX 10 20 0 -4
BITMAP
0C00
0C00
0C00
0C00
0C00
0C00
0C00
0C00
0C00
0FC0
0FC0
0000
0000
0000
0000
0000
0000
0000
0000
0000
ENDCHAR
STARTCHAR SF040000
ENCODING 9496
SWIDTH 480 0
DWIDTH 10 0
BBX 10 20 0 -4
BITMAP
0800
0800
0800
0800
0800
0800
0800
0800
0800
F800
0000
0000
0000
0000
0000
0000
0000
0000
0000
0000
ENDCHAR
STARTCHAR uni2519
ENCODING 9497
SWIDTH 480 0
DWIDTH 10 0
BBX 10 20 0 -4
BITMAP
0800
0800
0800
0800
0800
0800
0800
0800
0800
F800
F800
0000
0000
0000
0000
0000
0000
0000
0000
0000
ENDCHAR
STARTCHAR uni251A
ENCODING 9498
SWIDTH 480 0
DWIDTH 10 0
BBX 10 20 0 -4
BITMAP
0C00
0C00
0C00
0C00
0C00
0C00
0C00
0C00
0C00
FC00
0000
0000
0000
0000
0000
0000
0000
0000
0000
0000
ENDCHAR
STARTCHAR uni251B
ENCODING 9499
SWIDTH 480 0
DWIDTH 10 0
BBX 10 20 0 -4
BITMAP
0C00
0C00
0C00
0C00
0C00
0C00
0C00
0C00
0C00
FC00
FC00
0000
0000
0000
0000
0000
0000
0000
0000
0000
ENDCHAR
STARTCHAR SF080000
ENCODING 9500
SWIDTH 480 0
DWIDTH 10 0
BBX 10 20 0 -4
BITMAP
0800
0800
0800
0800
0800
0800
0800
0800
0800
0FC0
0800
0800
0800
0800
0800
0800
0800
0800
0800
0800
ENDCHAR
STARTCHAR uni251D
ENCODING 9501
SWIDTH 480 0
DWIDTH 10 0
BBX 10 20 0 -4
BITMAP
0800
0800
0800
0800
0800
0800
0800
0800
0800
0FC0
0FC0
0800
0800
0800
0800
0800
0800
0800
0800
0800
ENDCHAR
STARTCHAR uni251E
ENCODING 9502
SWIDTH 480 0
DWIDTH 10 0
BBX 10 20 0 -4
BITMAP
0C00
0C00
0C00
0C00
0C00
0C00
0C00
0C00
0C00
0FC0
0800
0800
0800
0800
0800
0800
0800
0800
0800
0800
ENDCHAR
STARTCHAR uni251F
ENCODING 9503
SWIDTH 480 0
DWIDTH 10 0
BBX 10 20 0 -4
BITMAP
0800
0800
0800
0800
0800
0800
0800
0800
0800
0FC0
0C00
0C00
0C00
0C00
0C00
0C00
0C00
0C00
0C00
0C00
ENDCHAR
STARTCHAR uni2520
ENCODING 9504
SWIDTH 480 0
DWIDTH 10 0
BBX 10 20 0 -4
BITMAP
0C00
0C00
0C00
0C00
0C00
0C00
0C00
0C00
0C00
0FC0
0C00
0C00
0C00
0C00
0C00
0C00
0C00
0C00
0C00
0C00
ENDCHAR
STARTCHAR uni2521
ENCODING 9505
SWIDTH 480 0
DWIDTH 10 0
BBX 10 20 0 -4
BITMAP
0C00
0C00
0C00
0C00
0C00
0C00
0C00
0C00
0C00
0FC0
0FC0
0800
0800
0800
0800
0800
0800
0800
0800
0800
ENDCHAR
STARTCHAR uni2522
ENCODING 9506
SWIDTH 480 0
DWIDTH 10 0
BBX 10 20 0 -4
BITMAP
0800
0800
0800
0800
0800
0800
0800
0800
0800
0FC0
0FC0
0C00
0C00
0C00
0C00
0C00
0C00
0C00
0C00
0C00
ENDCHAR
STARTCHAR uni2523
ENCODING 9507
SWIDTH 480 0
DWIDTH 10 0
BBX 10 20 0 -4
BITMAP
0C00
0C00
0C00
0C00
0C00
0C00
0C00
0C00
0C00
0FC0
0FC0
0C00
0C00
0C00
0C00
0C00
0C00
0C00
0C00
0C00
ENDCHAR
STARTCHAR SF090000
ENCODING 9508
SWIDTH 480 0
DWIDTH 10 0
BBX 10 20 0 -4
BITMAP
0800
0800
0800
0800
0800
0800
0800
0800
0800
F800
0800
0800
0800
0800
0800
0800
0800
0800
0800
0800
ENDCHAR
STARTCHAR uni2525
ENCODING 9509
SWIDTH 480 0
DWIDTH 10 0
BBX 10 20 0 -4
BITMAP
0800
0800
0800
0800
0800
0800
0800
0800
0800
F800
F800
0800
0800
0800
0800
0800
0800
0800
0800
0800
ENDCHAR
STARTCHAR uni2526
ENCODING 9510
SWIDTH 480 0
DWIDTH 10 0
BBX 10 20 0 -4
BITMAP
0C00
0C00
0C00
0C00
0C00
0C00
0C00
0C00
0C00
FC00
0800
0800
0800
0800
0800
0800
0800
0800
0800
0800
ENDCHAR
STARTCHAR uni2527
ENCODING 9511
SWIDTH 480 0
DWIDTH 10 0
BBX 10 20 0 -4
BITMAP
0800
0800
0800
0800
0800
0800
0800
0800
0800
FC00
0C00
0C00
0C00
0C00
0C00
0C00
0C00
0C00
0C00
0C00
ENDCHAR
STARTCHAR uni2528
ENCODING 9512
SWIDTH 480 0
DWIDTH 10 0
BBX 10 20 0 -4
BITMAP
0C00
0C00
0C00
0C00
0C00
0C00
0C00
0C00
0C00
FC00
0C00
0C00
0C00
0C00
0C00
0C00
0C00
0C00
0C00
0C00
ENDCHAR
STARTCHAR uni2529
ENCODING 9513
SWIDTH 480 0
DWIDTH 10 0
BBX 10 20 0 -4
BITMAP
0C00
0C00
0C00
0C00
0C00
0C00
0C00
0C00
0C00
FC00
FC00
0800
0800
0800
0800
0800
0800
0800
0800
0800
ENDCHAR
STARTCHAR uni252A
ENCODING 9514
SWIDTH 480 0
DWIDTH 10 0
BBX 10 20 0 -4
BITMAP
0800
0800
0800
0800
0800
0800
0800
0800
0800
FC00
FC00
0C00
0C00
0C00
0C00
0C00
0C00
0C00
0C00
0C00
ENDCHAR
STARTCHAR uni252B
ENCODING 9515
SWIDTH 480 0
DWIDTH 10 0
BBX 10 20 0 -4
BITMAP
0C00
0C00
0C00
0C00
0C00
0C00
0C00
0C00
0C00
FC00
FC00
0C00
0C00
0C00
0C00
0C00
0C00
0C00
0C00
0C00
ENDCHAR
STARTCHAR SF060000
ENCODING 9516
SWIDTH 480 0
DWIDTH 10 0
BBX 10 20 0 -4
BITMAP
0000
0000
0000
0000
0000
0000
0000
0000
0000
FFC0
0800
0800
0800
0800
0800
0800
0800
0800
0800
0800
ENDCHAR
STARTCHAR uni252D
ENCODING 9517
SWIDTH 480 0
DWIDTH 10 0
BBX 10 20 0 -4
BITMAP
0000
0000
0000
0000
0000
0000
0000
0000
0000
FFC0
F800
0800
0800
0800
0800
0800
0800
0800
0800
0800
ENDCHAR
STARTCHAR uni252E
ENCODING 9518
SWIDTH 480 0
DWIDTH 10 0
BBX 10 20 0 -4
BITMAP
0000
0000
0000
0000
0000
0000
0000
0000
0000
FFC0
0FC0
0800
0800
0800
0800
0800
0800
0800
0800
0800
ENDCHAR
STARTCHAR uni252F
ENCODING 9519
SWIDTH 480 0
DWIDTH 10 0
BBX 10 20 0 -4
BITMAP
0000
0000
0000
0000
0000
0000
0000
0000
0000
FFC0
FFC0
0800
0800
0800
0800
0800
0800
0800
0800
0800
ENDCHAR
STARTCHAR uni2530
ENCODING 9520
SWIDTH 480 0
DWIDTH 10 0
BBX 10 20 0 -4
BITMAP
0000
0000
0000
0000
0000
0000
0000
0000
0000
FFC0
0C00
0C00
0C00
0C00
0C00
0C00
0C00
0C00
0C00
0C00
ENDCHAR
STARTCHAR uni2531
ENCODING 9521
SWIDTH 480 0
DWIDTH 10 0
BBX 10 20 0 -4
BITMAP
0000
0000
0000
0000
0000
0000
0000
0000
0000
FFC0
FC00
0C00
0C00
0C00
0C00
0C00
0C00
0C00
0C00
0C00
ENDCHAR
STARTCHAR uni2532
ENCODING 9522
SWIDTH 480 0
DWIDTH 10 0
BBX 10 20 0 -4
BITMAP
0000
0000
0000
0000
0000
0000
0000
0000
0000
FFC0
0FC0
0C00
0C00
0C00
0C00
0C00
0C00
0C00
0C00
0C00
ENDCHAR
STARTCHAR uni2533
ENCODING 9523
SWIDTH 480 0
DWIDTH 10 0
BBX 10 20 0 -4
BITMAP
0000
0000
0000
0000
0000
0000
0000
0000
0000
FFC0
FFC0
0C00
0C00
0C00
0C00
0C00
0C00
0C00
0C00
0C00
ENDCHAR
STARTCHAR SF070000
ENCODING 9524
SWIDTH 480 0
DWIDTH 10 0
BBX 10 20 0 -4
BITMAP
0800
0800
0800
0800
0800
0800
0800
0800
0800
FFC0
0000
0000
0000
0000
0000
0000
0000
0000
0000
0000
ENDCHAR
STARTCHAR uni2535
ENCODING 9525
SWIDTH 480 0
DWIDTH 10 0
BBX 10 20 0 -4
BITMAP
0800
0800
0800
0800
0800
0800
0800
0800
0800
FFC0
F800
0000
0000
0000
0000
0000
0000
0000
0000
0000
ENDCHAR
STARTCHAR uni2536
ENCODING 9526
SWIDTH 480 0
DWIDTH 10 0
BBX 10 20 0 -4
BITMAP
0800
0800
0800
0800
0800
0800
0800
0800
0800
FFC0
0FC0
0000
0000
0000
0000
0000
0000
0000
0000
0000
ENDCHAR
STARTCHAR uni2537
ENCODING 9527
SWIDTH 480 0
DWIDTH 10 0
BBX 10 20 0 -4
BITMAP
0800
0800
0800
0800
0800
0800
0800
0800
0800
FFC0
FFC0
0000
0000
0000
0000
0000
0000
0000
0000
0000
ENDCHAR
STARTCHAR uni2538
ENCODING 9528
SWIDTH 480 0
DWIDTH 10 0
BBX 10 20 0 -4
BITMAP
0C00
0C00
0C00
0C00
0C00
0C00
0C00
0C00
0C00
FFC0
0000
0000
0000
0000
0000
0000
0000
0000
0000
0000
ENDCHAR
STARTCHAR uni2539
ENCODING 9529
SWIDTH 480 0
DWIDTH 10 0
BBX 10 20 0 -4
BITMAP
0C00
0C00
0C00
0C00
0C00
0C00
0C00
0C00
0C00
FFC0
FC00
0000
0000
0000
0000
0000
0000
0000
0000
0000
ENDCHAR
STARTCHAR uni253A
ENCODING 9530
SWIDTH 480 0
DWIDTH 10 0
BBX 10 20 0 -4
BITMAP
0C00
0C00
0C00
0C00
0C00
0C00
0C00
0C00
0C00
FFC0
0FC0
0000
0000
0000
0000
0000
0000
0000
0000
0000
ENDCHAR
STARTCHAR uni253B
ENCODING 9531
SWIDTH 480 0
DWIDTH 10 0
BBX 10 20 0 -4
BITMAP
0C00
0C00
0C00
0C00
0C00
0C00
0C00
0C00
0C00
FFC0
FFC0
0000
0000
0000
0000
0000
0000
0000
0000
0000
ENDCHAR
STARTCHAR SF050000
ENCODING 9532
SWIDTH 480 0
DWIDTH 10 0
BBX 10 20 0 -4
BITMAP
0800
0800
0800
0800
0800
0800
0800
0800
0800
FFC0
0800
0800
0800
0800
0800
0800
0800
0800
0800
0800
ENDCHAR
STARTCHAR uni253D
ENCODING 9533
SWIDTH 480 0
DWIDTH 10 0
BBX 10 20 0 -4
BITMAP
0800
0800
0800
0800
0800
0800
0800
0800
0800
FFC0
F800
0800
0800
0800
0800
0800
0800
0800
0800
0800
ENDCHAR
STARTCHAR uni253E
ENCODING 9534
SWIDTH 480 0
DWIDTH 10 0
BBX 10 20 0 -4
BITMAP
0800
0800
0800
0800
0800
0800
0800
0800
0800
FFC0
0FC0
0800
0800
0800
0800
0800
0800
0800
0800
0800
ENDCHAR
STARTCHAR uni253F
ENCODING 9535
SWIDTH 480 0
DWIDTH 10 0
BBX 10 20 0 -4
BITMAP
0800
0800
0800
0800
0800
0800
0800
0800
0800
FFC0
FFC0
0800
0800
0800
0800
0800
0800
0800
0800
0800
ENDCHAR
STARTCHAR uni2540
ENCODING 9536
SWIDTH 480 0
DWIDTH 10 0
BBX 10 20 0 -4
BITMAP
0C00
0C00
0C00
0C00
0C00
0C00
0C00
0C00
0C00
FFC0
0800
0800
0800
0800
0800
0800
0800
0800
0800
0800
ENDCHAR
STARTCHAR uni2541
ENCODING 9537
SWIDTH 480 0
DWIDTH 10 0
BBX 10 20 0 -4
BITMAP
0800
0800
0800
0800
0800
0800
0800
0800
0800
FFC0
0C00
0C00
0C00
0C00
0C00
0C00
0C00
0C00
0C00
0C00
ENDCHAR
STARTCHAR uni2542
ENCODING 9538
SWIDTH 480 0
DWIDTH 10 0
BBX 10 20 0 -4
BITMAP
0C00
0C00
0C00
0C00
0C00
0C00
0C00
0C00
0C00
FFC0
0C00
0C00
0C00
0C00
0C00
0C00
0C00
0C00
0C00
0C00
ENDCHAR
STARTCHAR uni2543
ENCODING 9539
SWIDTH 480 0
DWIDTH 10 0
BBX 10 20 0 -4
BITMAP
0C00
0C00
0C00
0C00
0C00
0C00
0C00
0C00
0C00
FFC0
FC00
0800
0800
0800
0800
0800
0800
0800
0800
0800
ENDCHAR
STARTCHAR uni2544
ENCODING 9540
SWIDTH 480 0
DWIDTH 10 0
BBX 10 20 0 -4
BITMAP
0C00
0C00
0C00
0C00
0C00
0C00
0C00
0C00
0C00
FFC0
0FC0
0800
0800
0800
0800
0800
0800
0800
0800
0800
ENDCHAR
STARTCHAR uni2545
ENCODING 9541
SWIDTH 480 0
DWIDTH 10 0
BBX 10 20 0 -4
BITMAP
0800
0800
0800
0800
0800
0800
0800
0800
0800
FFC0
FC00
0C00
0C00
0C00
0C00
0C00
0C00
0C00
0C00
0C00
ENDCHAR
STARTCHAR uni2546
ENCODING 9542
SWIDTH 480 0
DWIDTH 10 0
BBX 10 20 0 -4
BITMAP
0800
0800
0800
0800
0800
0800
0800
0800
0800
FFC0
0FC0
0C00
0C00
0C00
0C00
0C00
0C00
0C00
0C00
0C00
ENDCHAR
STARTCHAR uni2547
ENCODING 9543
SWIDTH 480 0
DWIDTH 10 0
BBX 10 20 0 -4
BITMAP
0C00
0C00
0C00
0C00
0C00
0C00
0C00
0C00
0C00
FFC0
FFC0
0800
0800
0800
0800
0800
0800
0800
0800
0800
ENDCHAR
STARTCHAR uni2548
ENCODING 9544
SWIDTH 480 0
DWIDTH 10 0
BBX 10 20 0 -4
BITMAP
0800
0800
0800
0800
0800
0800
0800
0800
0800
FFC0
FFC0
0C00
0C00
0C00
0C00
0C00
0C00
0C00
0C00
0C00
ENDCHAR
STARTCHAR uni2549
ENCODING 9545
SWIDTH 480 0
DWIDTH 10 0
BBX 10 20 0 -4
BITMAP
0C00
0C00
0C00
0C00
0C00
0C00
0C00
0C00
0C00
FFC0
FC00
0C00
0C00
0C00
0C00
0C00
0C00
0C00
0C00
0C00
ENDCHAR
STARTCHAR uni254A
ENCODING 9546
SWIDTH 480 0
DWIDTH 10 0
BBX 10 20 0 -4
BITMAP
0C00
0C00
0C00
0C00
0C00
0C00
0C00
0C00
0C00
FFC0
0FC0
0C00
0C00
0C00
0C00
0C00
0C00
0C00
0C00
0C00
ENDCHAR
STARTCHAR uni254B
ENCODING 9547
SWIDTH 480 0
DWIDTH 10 0
BBX 10 20 0 -4
BITMAP
0C00
0C00
0C00
0C00
0C00
0C00
0C00
0C00
0C00
FFC0
FFC0
0C00
0C00
0C00
0C00
0C00
0C00
0C00
0C00
0C00
ENDCHAR
STARTCHAR uni254C
ENCODING 9548
SWIDTH 480 0
DWIDTH 10 0
BBX 10 20 0 -4
BITMAP
0000
0000
0000
0000
0000
0000
0000
0000
0000
F780
0000
0000
0000
0000
0000
0000
0000
0000
0000
0000
ENDCHAR
STARTCHAR uni254D
ENCODING 9549
SWIDTH 480 0
DWIDTH 10 0
BBX 10 20 0 -4
BITMAP
0000
0000
0000
0000
0000
0000
0000
0000
0000
F780
F780
0000
0000
0000
0000
0000
0000
0000
0000
0000
ENDCHAR
STARTCHAR uni254E
ENCODING 9550
SWIDTH 480 0
DWIDTH 10 0
BBX 10 20 0 -4
BITMAP
0000
0800
0800
0800
0800
0800
0800
0800
0000
0000
0000
0800
0800
0800
0800
0800
0800
0800
0000
0000
ENDCHAR
STARTCHAR uni254F
ENCODING 9551
SWIDTH 480 0
DWIDTH 10 0
BBX 10 20 0 -4
BITMAP
0000
0C00
0C00
0C00
0C00
0C00
0C00
0C00
0000
0000
0000
0C00
0C00
0C00
0C00
0C00
0C00
0C00
0000
0000
ENDCHAR
STARTCHAR SF430000
ENCODING 9552
SWIDTH 480 0
DWIDTH 10 0
BBX 10 20 0 -4
BITMAP
0000
0000
0000
0000
0000
0000
0000
0000
FFC0
0000
FFC0
0000
0000
0000
0000
0000
0000
0000
0000
0000
ENDCHAR
STARTCHAR SF240000
ENCODING 9553
SWIDTH 480 0
DWIDTH 10 0
BBX 10 20 0 -4
BITMAP
1200
1200
1200
1200
1200
1200
1200
1200
1200
1200
1200
1200
1200
1200
1200
1200
1200
1200
1200
1200
ENDCHAR
STARTCHAR SF510000
ENCODING 9554
SWIDTH 480 0
DWIDTH 10 0
BBX 10 20 0 -4
BITMAP
0000
0000
0000
0000
0000
0000
0000
0000
0FC0
0800
0FC0
0800
0800
0800
0800
0800
0800
0800
0800
0800
ENDCHAR
STARTCHAR SF520000
ENCODING 9555
SWIDTH 480 0
DWIDTH 10 0
BBX 10 20 0 -4
BITMAP
0000
0000
0000
0000
0000
0000
0000
0000
0000
1FC0
1200
1200
1200
1200
1200
1200
1200
1200
1200
1200
ENDCHAR
STARTCHAR SF390000
ENCODING 9556
SWIDTH 480 0
DWIDTH 10 0
BBX 10 20 0 -4
BITMAP
0000
0000
0000
0000
0000
0000
0000
0000
1FC0
1000
13C0
1200
1200
1200
1200
1200
1200
1200
1200
1200
ENDCHAR
STARTCHAR SF220000
ENCODING 9557
SWIDTH 480 0
DWIDTH 10 0
BBX 10 20 0 -4
BITMAP
0000
0000
0000
0000
0000
0000
0000
0000
F800
0800
F800
0800
0800
0800
0800
0800
0800
0800
0800
0800
ENDCHAR
STARTCHAR SF210000
ENCODING 9558
SWIDTH 480 0
DWIDTH 10 0
BBX 10 20 0 -4
BITMAP
0000
0000
0000
0000
0000
0000
0000
0000
0000
FE00
1200
1200
1200
1200
1200
1200
1200
1200
1200
1200
ENDCHAR
STARTCHAR SF250000
ENCODING 9559
SWIDTH 480 0
DWIDTH 10 0
BBX 10 20 0 -4
BITMAP
0000
0000
0000
0000
0000
0000
0000
0000
FE00
0200
F200
1200
1200
1200
1200
1200
1200
1200
1200
1200
ENDCHAR
STARTCHAR SF500000
ENCODING 9560
SWIDTH 480 0
DWIDTH 10 0
BBX 10 20 0 -4
BITMAP
0800
0800
0800
0800
0800
0800
0800
0800
0FC0
0800
0FC0
0000
0000
0000
0000
0000
0000
0000
0000
0000
ENDCHAR
STARTCHAR SF490000
ENCODING 9561
SWIDTH 480 0
DWIDTH 10 0
BBX 10 20 0 -4
BITMAP
1200
1200
1200
1200
1200
1200
1200
1200
1200
1FC0
0000
0000
0000
0000
0000
0000
0000
0000
0000
0000
ENDCHAR
STARTCHAR SF380000
ENCODING 9562
SWIDTH 480 0
DWIDTH 10 0
BBX 10 20 0 -4
BITMAP
1200
1200
1200
1200
1200
1200
1200
1200
13C0
1000
1FC0
0000
0000
0000
0000
0000
0000
0000
0000
0000
ENDCHAR
STARTCHAR SF280000
ENCODING 9563
SWIDTH 480 0
DWIDTH 10 0
BBX 10 20 0 -4
BITMAP
0800
0800
0800
0800
0800
0800
0800
0800
F800
0800
F800
0000
0000
0000
0000
0000
0000
0000
0000
0000
ENDCHAR
STARTCHAR SF270000
ENCODING 9564
SWIDTH 480 0
DWIDTH 10 0
BBX 10 20 0 -4
BITMAP
1200
1200
1200
1200
1200
1200
1200
1200
1200
FE00
0000
0000
0000
0000
0000
0000
0000
0000
0000
0000
ENDCHAR
STARTCHAR SF260000
ENCODING 9565
SWIDTH 480 0
DWIDTH 10 0
BBX 10 20 0 -4
BITMAP
1200
1200
1200
1200
1200
1200
1200
1200
F200
0200
FE00
0000
0000
0000
0000
0000
0000
0000
0000
0000
ENDCHAR
STARTCHAR SF360000
ENCODING 9566
SWIDTH 480 0
DWIDTH 10 0
BBX 10 20 0 -4
BITMAP
0800
0800
0800
0800
0800
0800
0800
0800
0FC0
0800
0FC0
0800
0800
0800
0800
0800
0800
0800
0800
0800
ENDCHAR
STARTCHAR SF370000
ENCODING 9567
SWIDTH 480 0
DWIDTH 10 0
BBX 10 20 0 -4
BITMAP
1200
1200
1200
1200
1200
1200
1200
1200
1200
13C0
1200
1200
1200
1200
1200
1200
1200
1200
1200
1200
ENDCHAR
STARTCHAR SF420000
ENCODING 9568
SWIDTH 480 0
DWIDTH 10 0
BBX 10 20 0 -4
BITMAP
1200
1200
1200
1200
1200
1200
1200
1200
13C0
1000
13C0
1200
1200
1200
1200
1200
1200
1200
1200
1200
ENDCHAR
STARTCHAR SF190000
ENCODING 9569
SWIDTH 480 0
DWIDTH 10 0
BBX 10 20 0 -4
BITMAP
0800
0800
0800
0800
0800
0800
0800
0800
F800
0800
F800
0800
0800
0800
0800
0800
0800
0800
0800
0800
ENDCHAR
STARTCHAR SF200000
ENCODING 9570
SWIDTH 480 0
DWIDTH 10 0
BBX 10 20 0 -4
BITMAP
1200
1200
1200
1200
1200
1200
1200
1200
1200
F200
1200
1200
1200
1200
1200
1200
1200
1200
1200
1200
ENDCHAR
STARTCHAR SF230000
ENCODING 9571
SWIDTH 480 0
DWIDTH 10 0
BBX 10 20 0 -4
BITMAP
1200
1200
1200
1200
1200
1200
1200
1200
F200
0200
F200
1200
1200
1200
1200
1200
1200
1200
1200
1200
ENDCHAR
STARTCHAR SF470000
ENCODING 9572
SWIDTH 480 0
DWIDTH 10 0
BBX 10 20 0 -4
BITMAP
0000
0000
0000
0000
0000
0000
0000
0000
FFC0
0000
FFC0
0800
0800
0800
0800
0800
0800
0800
0800
0800
ENDCHAR
STARTCHAR SF480000
ENCODING 9573
SWIDTH 480 0
DWIDTH 10 0
BBX 10 20 0 -4
BITMAP
0000
0000
0000
0000
0000
0000
0000
0000
0000
FFC0
1200
1200
1200
1200
1200
1200
1200
1200
1200
1200
ENDCHAR
STARTCHAR SF410000
ENCODING 9574
SWIDTH 480 0
DWIDTH 10 0
BBX 10 20 0 -4
BITMAP
0000
0000
0000
0000
0000
0000
0000
0000
FFC0
0000
F3C0
1200
1200
1200
1200
1200
1200
1200
1200
1200
ENDCHAR
STARTCHAR SF450000
ENCODING 9575
SWIDTH 480 0
DWIDTH 10 0
BBX 10 20 0 -4
BITMAP
0800
0800
0800
0800
0800
0800
0800
0800
FFC0
0000
FFC0
0000
0000
0000
0000
0000
0000
0000
0000
0000
ENDCHAR
STARTCHAR SF460000
ENCODING 9576
SWIDTH 480 0
DWIDTH 10 0
BBX 10 20 0 -4
BITMAP
1200
1200
1200
1200
1200
1200
1200
1200
1200
FFC0
0000
0000
0000
0000
0000
0000
0000
0000
0000
0000
ENDCHAR
STARTCHAR SF400000
ENCODING 9577
SWIDTH 480 0
DWIDTH 10 0
BBX 10 20 0 -4
BITMAP
1200
1200
1200
1200
1200
1200
1200
1200
F3C0
0000
FFC0
0000
0000
0000
0000
0000
0000
0000
0000
0000
ENDCHAR
STARTCHAR SF540000
ENCODING 9578
SWIDTH 480 0
DWIDTH 10 0
BBX 10 20 0 -4
BITMAP
0800
0800
0800
0800
0800
0800
0800
0800
FFC0
0800
FFC0
0800
0800
0800
0800
0800
0800
0800
0800
0800
ENDCHAR
STARTCHAR SF530000
ENCODING 9579
SWIDTH 480 0
DWIDTH 10 0
BBX 10 20 0 -4
BITMAP
1200
1200
1200
1200
1200
1200
1200
1200
1200
FFC0
1200
1200
1200
1200
1200
1200
1200
1200
1200
1200
ENDCHAR
STARTCHAR SF440000
ENCODING 9580
SWIDTH 480 0
DWIDTH 10 0
BBX 10 20 0 -4
BITMAP
1200
1200
1200
1200
1200
1200
1200
1200
F3C0
0000
F3C0
1200
1200
1200
1200
1200
1200
1200
1200
1200
ENDCHAR
STARTCHAR uni256D
ENCODING 9581
SWIDTH 480 0
DWIDTH 10 0
BBX 10 20 0 -4
BITMAP
0000
0000
0000
0000
0000
0000
0000
0000
0000
00C0
0300
0400
0400
0800
0800
0800
0800
0800
0800
0800
ENDCHAR
STARTCHAR uni256E
ENCODING 9582
SWIDTH 480 0
DWIDTH 10 0
BBX 10 20 0 -4
BITMAP
0000
0000
0000
0000
0000
0000
0000
0000
0000
8000
6000
1000
1000
0800
0800
0800
0800
0800
0800
0800
ENDCHAR
STARTCHAR uni256F
ENCODING 9583
SWIDTH 480 0
DWIDTH 10 0
BBX 10 20 0 -4
BITMAP
0800
0800
0800
0800
0800
0800
1000
1000
6000
8000
0000
0000
0000
0000
0000
0000
0000
0000
0000
0000
ENDCHAR
STARTCHAR uni2570
ENCODING 9584
SWIDTH 480 0
DWIDTH 10 0
BBX 10 20 0 -4
BITMAP
0800
0800
0800
0800
0800
0800
0400
0400
0300
00C0
0000
0000
0000
0000
0000
0000
0000
0000
0000
0000
ENDCHAR
STARTCHAR uni2571
ENCODING 9585
SWIDTH 480 0
DWIDTH 10 0
BBX 10 20 0 -4
BITMAP
0040
0040
0080
0080
0100
0100
0200
0200
0400
0400
0800
0800
1000
1000
2000
2000
4000
4000
8000
8000
ENDCHAR
STARTCHAR uni2572
ENCODING 9586
SWIDTH 480 0
DWIDTH 10 0
BBX 10 20 0 -4
BITMAP
8000
8000
4000
4000
2000
2000
1000
1000
0800
0800
0400
0400
0200
0200
0100
0100
0080
0080
0040
0040
ENDCHAR
STARTCHAR uni2573
ENCODING 9587
SWIDTH 480 0
DWIDTH 10 0
BBX 10 20 0 -4
BITMAP
8040
8040
4080
4080
2100
2100
1200
1200
0C00
0C00
0C00
0C00
1200
1200
2100
2100
4080
4080
8040
8040
ENDCHAR
STARTCHAR uni2574
ENCODING 9588
SWIDTH 480 0
DWIDTH 10 0
BBX 10 20 0 -4
BITMAP
0000
0000
0000
0000
0000
0000
0000
0000
0000
F800
0000
0000
0000
0000
0000
0000
0000
0000
0000
0000
ENDCHAR
STARTCHAR uni2575
ENCODING 9589
SWIDTH 480 0
DWIDTH 10 0
BBX 10 20 0 -4
BITMAP
0800
0800
0800
0800
0800
0800
0800
0800
0800
0800
0000
0000
0000
0000
0000
0000
0000
0000
0000
0000
ENDCHAR
STARTCHAR uni2576
ENCODING 9590
SWIDTH 480 0
DWIDTH 10 0
BBX 10 20 0 -4
BITMAP
0000
0000
0000
0000
0000
0000
0000
0000
0000
07C0
0000
0000
0000
0000
0000
0000
0000
0000
0000
0000
ENDCHAR
STARTCHAR uni2577
ENCODING 9591
SWIDTH 480 0
DWIDTH 10 0
BBX 10 20 0 -4
BITMAP
0000
0000
0000
0000
0000
0000
0000
0000
0000
0000
0800
0800
0800
0800
0800
0800
0800
0800
0800
0800
ENDCHAR
STARTCHAR uni2578
ENCODING 9592
SWIDTH 480 0
DWIDTH 10 0
BBX 10 20 0 -4
BITMAP
0000
0000
0000
0000
0000
0000
0000
0000
0000
FC00
FC00
0000
0000
0000
0000
0000
0000
0000
0000
0000
ENDCHAR
STARTCHAR uni2579
ENCODING 9593
SWIDTH 480 0
DWIDTH 10 0
BBX 10 20 0 -4
BITMAP
0C00
0C00
0C00
0C00
0C00
0C00
0C00
0C00
0C00
0C00
0C00
0000
0000
0000
0000
0000
0000
0000
0000
0000
ENDCHAR
STARTCHAR uni257A
ENCODING 9594
SWIDTH 480 0
DWIDTH 10 0
BBX 10 20 0 -4
BITMAP
0000
0000
0000
0000
0000
0000
0000
0000
0000
0FC0
0FC0
0000
0000
0000
0000
0000
0000
0000
0000
0000
ENDCHAR
STARTCHAR uni257B
ENCODING 9595
SWIDTH 480 0
DWIDTH 10 0
BBX 10 20 0 -4
BITMAP
0000
0000
0000
0000
0000
0000
0000
0000
0000
0C00
0C00
0C00
0C00
0C00
0C00
0C00
0C00
0C00
0C00
0C00
ENDCHAR
STARTCHAR uni257C
ENCODING 9596
SWIDTH 480 0
DWIDTH 10 0
BBX 10 20 0 -4
BITMAP
0000
0000
0000
0000
0000
0000
0000
0000
0000
FFC0
0FC0
0000
0000
0000
0000
0000
0000
0000
0000
0000
ENDCHAR
STARTCHAR uni257D
ENCODING 9597
SWIDTH 480 0
DWIDTH 10 0
BBX 10 20 0 -4
BITMAP
0800
0800
0800
0800
0800
0800
0800
0800
0800
0C00
0C00
0C00
0C00
0C00
0C00
0C00
0C00
0C00
0C00
0C00
ENDCHAR
STARTCHAR uni257E
ENCODING 9598
SWIDTH 480 0
DWIDTH 10 0
BBX 10 20 0 -4
BITMAP
0000
0000
0000
0000
0000
0000
0000
0000
0000
FFC0
FC00
0000
0000
0000
0000
0000
0000
0000
0000
0000
ENDCHAR
STARTCHAR uni257F
ENCODING 9599
SWIDTH 480 0
DWIDTH 10 0
BBX 10 20 0 -4
BITMAP
0C00
0C00
0C00
0C00
0C00
0C00
0C00
0C00
0C00
0C00
0C00
0800
0800
0800
0800
0800
0800
0800
0800
0800
ENDCHAR
STARTCHAR upblock
ENCODING 9600
SWIDTH 480 0
DWIDTH 10 0
BBX 10 20 0 -4
BITMAP
FFC0
FFC0
FFC0
FFC0
FFC0
FFC0
FFC0
FFC0
FFC0
FFC0
0000
0000
0000
0000
0000
0000
0000
0000
0000
0000
ENDCHAR
STARTCHAR uni2581
ENCODING 9601
SWIDTH 480 0
DWIDTH 10 0
BBX 10 20 0 -4
BITMAP
0000
0000
0000
0000
0000
0000
0000
0000
0000
0000
0000
0000
0000
0000
0000
0000
0000
FFC0
FFC0
FFC0
ENDCHAR
STARTCHAR uni2582
ENCODING 9602
SWIDTH 480 0
DWIDTH 10 0
BBX 10 20 0 -4
BITMAP
0000
0000
0000
0000
0000
0000
0000
0000
0000
0000
0000
0000
0000
0000
0000
FFC0
FFC0
FFC0
FFC0
FFC0
ENDCHAR
STARTCHAR uni2583
ENCODING 9603
SWIDTH 480 0
DWIDTH 10 0
BBX 10 20 0 -4
BITMAP
0000
0000
0000
0000
0000
0000
0000
0000
0000
0000
0000
0000
FFC0
FFC0
FFC0
FFC0
FFC0
FFC0
FFC0
FFC0
ENDCHAR
STARTCHAR dnblock
ENCODING 9604
SWIDTH 480 0
DWIDTH 10 0
BBX 10 20 0 -4
BITMAP
0000
0000
0000
0000
0000
0000
0000
0000
0000
0000
FFC0
FFC0
FFC0
FFC0
FFC0
FFC0
FFC0
FFC0
FFC0
FFC0
ENDCHAR
STARTCHAR uni2585
ENCODING 9605
SWIDTH 480 0
DWIDTH 10 0
BBX 10 20 0 -4
BITMAP
0000
0000
0000
0000
0000
0000
0000
0000
FFC0
FFC0
FFC0
FFC0
FFC0
FFC0
FFC0
FFC0
FFC0
FFC0
FFC0
FFC0
ENDCHAR
STARTCHAR uni2586
ENCODING 9606
SWIDTH 480 0
DWIDTH 10 0
BBX 10 20 0 -4
BITMAP
0000
0000
0000
0000
0000
FFC0
FFC0
FFC0
FFC0
FFC0
FFC0
FFC0
FFC0
FFC0
FFC0
FFC0
FFC0
FFC0
FFC0
FFC0
ENDCHAR
STARTCHAR uni2587
ENCODING 9607
SWIDTH 480 0
DWIDTH 10 0
BBX 10 20 0 -4
BITMAP
0000
0000
0000
FFC0
FFC0
FFC0
FFC0
FFC0
FFC0
FFC0
FFC0
FFC0
FFC0
FFC0
FFC0
FFC0
FFC0
FFC0
FFC0
FFC0
ENDCHAR
STARTCHAR block
ENCODING 9608
SWIDTH 480 0
DWIDTH 10 0
BBX 10 20 0 -4
BITMAP
FFC0
FFC0
FFC0
FFC0
FFC0
FFC0
FFC0
FFC0
FFC0
FFC0
FFC0
FFC0
FFC0
FFC0
FFC0
FFC0
FFC0
FFC0
FFC0
FFC0
ENDCHAR
STARTCHAR uni2589
ENCODING 9609
SWIDTH 480 0
DWIDTH 10 0
BBX 10 20 0 -4
BITMAP
FF80
FF80
FF80
FF80
FF80
FF80
FF80
FF80
FF80
FF80
FF80
FF80
FF80
FF80
FF80
FF80
FF80
FF80
FF80
FF80
ENDCHAR
STARTCHAR uni258A
ENCODING 9610
SWIDTH 480 0
DWIDTH 10 0
BBX 10 20 0 -4
BITMAP
FE00
FE00
FE00
FE00
FE00
FE00
FE00
FE00
FE00
FE00
FE00
FE00
FE00
FE00
FE00
FE00
FE00
FE00
FE00
FE00
ENDCHAR
STARTCHAR uni258B
ENCODING 9611
SWIDTH 480 0
DWIDTH 10 0
BBX 10 20 0 -4
BITMAP
FC00
FC00
FC00
FC00
FC00
FC00
FC00
FC00
FC00
FC00
FC00
FC00
FC00
FC00
FC00
FC00
FC00
FC00
FC00
FC00
ENDCHAR
STARTCHAR lfblock
ENCODING 9612
SWIDTH 480 0
DWIDTH 10 0
BBX 10 20 0 -4
BITMAP
F800
F800
F800
F800
F800
F800
F800
F800
F800
F800
F800
F800
F800
F800
F800
F800
F800
F800
F800
F800
ENDCHAR
STARTCHAR uni258D
ENCODING 9613
SWIDTH 480 0
DWIDTH 10 0
BBX 10 20 0 -4
BITMAP
F000
F000
F000
F000
F000
F000
F000
F000
F000
F000
F000
F000
F000
F000
F000
F000
F000
F000
F000
F000
ENDCHAR
STARTCHAR uni258E
ENCODING 9614
SWIDTH 480 0
DWIDTH 10 0
BBX 10 20 0 -4
BITMAP
E000
E000
E000
E000
E000
E000
E000
E000
E000
E000
E000
E000
E000
E000
E000
E000
E000
E000
E000
E000
ENDCHAR
STARTCHAR uni258F
ENCODING 9615
SWIDTH 480 0
DWIDTH 10 0
BBX 10 20 0 -4
BITMAP
8000
8000
8000
8000
8000
8000
8000
8000
8000
8000
8000
8000
8000
8000
8000
8000
8000
8000
8000
8000
ENDCHAR
STARTCHAR rtblock
ENCODING 9616
SWIDTH 480 0
DWIDTH 10 0
BBX 10 20 0 -4
BITMAP
07C0
07C0
07C0
07C0
07C0
07C0
07C0
07C0
07C0
07C0
07C0
07C0
07C0
07C0
07C0
07C0
07C0
07C0
07C0
07C0
ENDCHAR
STARTCHAR ltshade
ENCODING 9617
SWIDTH 480 0
DWIDTH 10 0
BBX 10 20 0 -4
BITMAP
5540
0000
AA80
0000
5540
0000
AA80
0000
5540
0000
AA80
0000
5540
0000
AA80
0000
5540
0000
AA80
0000
ENDCHAR
STARTCHAR shade
ENCODING 9618
SWIDTH 480 0
DWIDTH 10 0
BBX 10 20 0 -4
BITMAP
5540
AA80
5540
AA80
5540
AA80
5540
AA80
5540
AA80
5540
AA80
5540
AA80
5540
AA80
5540
AA80
5540
AA80
ENDCHAR
STARTCHAR dkshade
ENCODING 9619
SWIDTH 480 0
DWIDTH 10 0
BBX 10 20 0 -4
BITMAP
5540
FFC0
AA80
FFC0
5540
FFC0
AA80
FFC0
5540
FFC0
AA80
FFC0
5540
FFC0
AA80
FFC0
5540
FFC0
AA80
FFC0
ENDCHAR
STARTCHAR uni2594
ENCODING 9620
SWIDTH 480 0
DWIDTH 10 0
BBX 10 20 0 -4
BITMAP
FFC0
FFC0
FFC0
0000
0000
0000
0000
0000
0000
0000
0000
0000
0000
0000
0000
0000
0000
0000
0000
0000
ENDCHAR
STARTCHAR uni2595
ENCODING 9621
SWIDTH 480 0
DWIDTH 10 0
BBX 10 20 0 -4
BITMAP
0040
0040
0040
0040
0040
0040
0040
0040
0040
0040
0040
0040
0040
0040
0040
0040
0040
0040
0040
0040
ENDCHAR
STARTCHAR uni2596
ENCODING 9622
SWIDTH 480 0
DWIDTH 10 0
BBX 10 20 0 -4
BITMAP
0000
0000
0000
0000
0000
0000
0000
0000
0000
0000
F800
F800
F800
F800
F800
F800
F800
F800
F800
F800
ENDCHAR
STARTCHAR uni2597
ENCODING 9623
SWIDTH 480 0
DWIDTH 10 0
BBX 10 20 0 -4
BITMAP
0000
0000
0000
0000
0000
0000
0000
0000
0000
0000
07C0
07C0
07C0
07C0
07C0
07C0
07C0
07C0
07C0
07C0
ENDCHAR
STARTCHAR uni2598
ENCODING 9624
SWIDTH 480 0
DWIDTH 10 0
BBX 10 20 0 -4
BITMAP
F800
F800
F800
F800
F800
F800
F800
F800
F800
F800
0000
0000
0000
0000
0000
0000
0000
0000
0000
0000
ENDCHAR
STARTCHAR uni2599
ENCODING 9625
SWIDTH 480 0
DWIDTH 10 0
BBX 10 20 0 -4
BITMAP
F800
F800
F800
F800
F800
F800
F800
F800
F800
F800
FFC0
FFC0
FFC0
FFC0
FFC0
FFC0
FFC0
FFC0
FFC0
FFC0
ENDCHAR
STARTCHAR uni259A
ENCODING 9626
SWIDTH 480 0
DWIDTH 10 0
BBX 10 20 0 -4
BITMAP
F800
F800
F800
F800
F800
F800
F800
F800
F800
F800
07C0
07C0
07C0
07C0
07C0
07C0
07C0
07C0
07C0
07C0
ENDCHAR
STARTCHAR uni259B
ENCODING 9627
SWIDTH 480 0
DWIDTH 10 0
BBX 10 20 0 -4
BITMAP
FFC0
FFC0
FFC0
FFC0
FFC0
FFC0
FFC0
FFC0
FFC0
FFC0
F800
F800
F800
F800
F800
F800
F800
F800
F800
F800
ENDCHAR
STARTCHAR uni259C
ENCODING 9628
SWIDTH 480 0
DWIDTH 10 0
BBX 10 20 0 -4
BITMAP
FFC0
FFC0
FFC0
FFC0
FFC0
FFC0
FFC0
FFC0
FFC0
FFC0
07C0
07C0
07C0
07C0
07C0
07C0
07C0
07C0
07C0
07C0
ENDCHAR
STARTCHAR uni259D
ENCODING 9629
SWIDTH 480 0
DWIDTH 10 0
BBX 10 20 0 -4
BITMAP
07C0
07C0
07C0
07C0
07C0
07C0
07C0
07C0
07C0
07C0
0000
0000
0000
0000
0000
0000
0000
0000
0000
0000
ENDCHAR
STARTCHAR uni259E
ENCODING 9630
SWIDTH 480 0
DWIDTH 10 0
BBX 10 20 0 -4
BITMAP
07C0
07C0
07C0
07C0
07C0
07C0
07C0
07C0
07C0
07C0
F800
F800
F800
F800
F800
F800
F800
F800
F800
F800
ENDCHAR
STARTCHAR uni259F
ENCODING 9631
SWIDTH 480 0
DWIDTH 10 0
BBX 10 20 0 -4
BITMAP
07C0
07C0
07C0
07C0
07C0
07C0
07C0
07C0
07C0
07C0
FFC0
FFC0
FFC0
FFC0
FFC0
FFC0
FFC0
FFC0
FFC0
FFC0
ENDCHAR
STARTCHAR filledbox
ENCODING 9632
SWIDTH 480 0
DWIDTH 10 0
BBX 10 20 0 -4
BITMAP
0000
0000
0000
0000
0000
0000
0000
7F80
7F80
7F80
7F80
7F80
7F80
7F80
7F80
0000
0000
0000
0000
0000
ENDCHAR
STARTCHAR H22073
ENCODING 9633
SWIDTH 480 0
DWIDTH 10 0
BBX 10 20 0 -4
BITMAP
0000
0000
0000
0000
0000
0000
0000
7F80
4080
4080
4080
4080
4080
4080
7F80
0000
0000
0000
0000
0000
ENDCHAR
STARTCHAR uni25A2
ENCODING 9634
SWIDTH 480 0
DWIDTH 10 0
BBX 10 20 0 -4
BITMAP
0000
0000
0000
0000
0000
0000
0000
3F00
4080
4080
4080
4080
4080
4080
3F00
0000
0000
0000
0000
0000
ENDCHAR
STARTCHAR uni25A3
ENCODING 9635
SWIDTH 480 0
DWIDTH 10 0
BBX 10 20 0 -4
BITMAP
0000
0000
0000
0000
0000
0000
0000
7F80
4080
5E80
5E80
5E80
5E80
4080
7F80
0000
0000
0000
0000
0000
ENDCHAR
STARTCHAR uni25A4
ENCODING 9636
SWIDTH 480 0
DWIDTH 10 0
BBX 10 20 0 -4
BITMAP
0000
0000
0000
0000
0000
0000
0000
FF80
8080
FF80
8080
FF80
8080
FF80
8080
FF80
0000
0000
0000
0000
ENDCHAR
STARTCHAR uni25A5
ENCODING 9637
SWIDTH 480 0
DWIDTH 10 0
BBX 10 20 0 -4
BITMAP
0000
0000
0000
0000
0000
0000
0000
FF80
AA80
AA80
AA80
AA80
AA80
AA80
AA80
FF80
0000
0000
0000
0000
ENDCHAR
STARTCHAR uni25A6
ENCODING 9638
SWIDTH 480 0
DWIDTH 10 0
BBX 10 20 0 -4
BITMAP
0000
0000
0000
0000
0000
0000
0000
FF80
AA80
FF80
AA80
FF80
AA80
FF80
AA80
FF80
0000
0000
0000
0000
ENDCHAR
STARTCHAR uni25A7
ENCODING 9639
SWIDTH 480 0
DWIDTH 10 0
BBX 10 20 0 -4
BITMAP
0000
0000
0000
0000
0000
0000
0000
7F80
6480
5280
4980
6480
5280
4980
7F80
0000
0000
0000
0000
0000
ENDCHAR
STARTCHAR uni25A8
ENCODING 9640
SWIDTH 480 0
DWIDTH 10 0
BBX 10 20 0 -4
BITMAP
0000
0000
0000
0000
0000
0000
0000
7F80
4980
5280
6480
4980
5280
6480
7F80
0000
0000
0000
0000
0000
ENDCHAR
STARTCHAR uni25A9
ENCODING 9641
SWIDTH 480 0
DWIDTH 10 0
BBX 10 20 0 -4
BITMAP
0000
0000
0000
0000
0000
0000
0000
7F80
5580
6280
5580
4880
5580
6280
7F80
0000
0000
0000
0000
0000
ENDCHAR
STARTCHAR H18543
ENCODING 9642
SWIDTH 480 0
DWIDTH 10 0
BBX 10 20 0 -4
BITMAP
0000
0000
0000
0000
0000
0000
0000
0000
0000
1E00
1E00
1E00
1E00
0000
0000
0000
0000
0000
0000
0000
ENDCHAR
STARTCHAR H18551
ENCODING 9643
SWIDTH 480 0
DWIDTH 10 0
BBX 10 20 0 -4
BITMAP
0000
0000
0000
0000
0000
0000
0000
0000
0000
1E00
1200
1200
1E00
0000
0000
0000
0000
0000
0000
0000
ENDCHAR
STARTCHAR filledrect
ENCODING 9644
SWIDTH 480 0
DWIDTH 10 0
BBX 10 20 0 -4
BITMAP
0000
0000
0000
0000
0000
0000
0000
7F80
7F80
7F80
7F80
7F80
7F80
0000
0000
0000
0000
0000
0000
0000
ENDCHAR
STARTCHAR uni25AD
ENCODING 9645
SWIDTH 480 0
DWIDTH 10 0
BBX 10 20 0 -4
BITMAP
0000
0000
0000
0000
0000
0000
0000
7F80
4080
4080
4080
4080
7F80
0000
0000
0000
0000
0000
0000
0000
ENDCHAR
STARTCHAR uni25AE
ENCODING 9646
SWIDTH 480 0
DWIDTH 10 0
BBX 10 20 0 -4
BITMAP
0000
0000
0000
3F00
3F00
3F00
3F00
3F00
3F00
3F00
3F00
3F00
3F00
3F00
3F00
3F00
0000
0000
0000
0000
ENDCHAR
STARTCHAR uni25AF
ENCODING 9647
SWIDTH 480 0
DWIDTH 10 0
BBX 10 20 0 -4
BITMAP
0000
0000
0000
3F00
2100
2100
2100
2100
2100
2100
2100
2100
2100
2100
2100
3F00
0000
0000
0000
0000
ENDCHAR
STARTCHAR uni25B0
ENCODING 9648
SWIDTH 480 0
DWIDTH 10 0
BBX 10 20 0 -4
BITMAP
0000
0000
0000
0000
0000
0000
0000
0000
0000
0F80
1F00
3E00
7C00
0000
0000
0000
0000
0000
0000
0000
ENDCHAR
STARTCHAR uni25B1
ENCODING 9649
SWIDTH 480 0
DWIDTH 10 0
BBX 10 20 0 -4
BITMAP
0000
0000
0000
0000
0000
0000
0000
0000
0000
0F80
1100
2200
7C00
0000
0000
0000
0000
0000
0000
0000
ENDCHAR
STARTCHAR triagup
ENCODING 9650
SWIDTH 480 0
DWIDTH 10 0
BBX 10 20 0 -4
BITMAP
0000
0000
0000
0000
0000
0000
0C00
0C00
1E00
1E00
3F00
3F00
7F80
7F80
0000
0000
0000
0000
0000
0000
ENDCHAR
STARTCHAR uni25B3
ENCODING 9651
SWIDTH 480 0
DWIDTH 10 0
BBX 10 20 0 -4
BITMAP
0000
0000
0000
0000
0000
0000
0C00
0C00
1200
1200
2100
2100
4080
7F80
0000
0000
0000
0000
0000
0000
ENDCHAR
STARTCHAR uni25B4
ENCODING 9652
SWIDTH 480 0
DWIDTH 10 0
BBX 10 20 0 -4
BITMAP
0000
0000
0000
0000
0000
0000
0000
0000
0400
0E00
0E00
1F00
1F00
0000
0000
0000
0000
0000
0000
0000
ENDCHAR
STARTCHAR uni25B5
ENCODING 9653
SWIDTH 480 0
DWIDTH 10 0
BBX 10 20 0 -4
BITMAP
0000
0000
0000
0000
0000
0000
0000
0000
0400
0A00
0A00
1100
1F00
0000
0000
0000
0000
0000
0000
0000
ENDCHAR
STARTCHAR uni25B6
ENCODING 9654
SWIDTH 480 0
DWIDTH 10 0
BBX 10 20 0 -4
BITMAP
0000
0000
0000
0000
0000
0000
6000
7800
7E00
7F80
7F80
7E00
7800
6000
0000
0000
0000
0000
0000
0000
ENDCHAR
STARTCHAR uni25B7
ENCODING 9655
SWIDTH 480 0
DWIDTH 10 0
BBX 10 20 0 -4
BITMAP
0000
0000
0000
0000
0000
0000
6000
5800
4600
4180
4180
4600
5800
6000
0000
0000
0000
0000
0000
0000
ENDCHAR
STARTCHAR uni25B8
ENCODING 9656
SWIDTH 480 0
DWIDTH 10 0
BBX 10 20 0 -4
BITMAP
0000
0000
0000
0000
0000
0000
0000
0000
1800
1E00
1F00
1E00
1800
0000
0000
0000
0000
0000
0000
0000
ENDCHAR
STARTCHAR uni25B9
ENCODING 9657
SWIDTH 480 0
DWIDTH 10 0
BBX 10 20 0 -4
BITMAP
0000
0000
0000
0000
0000
0000
0000
0000
1800
1600
1100
1600
1800
0000
0000
0000
0000
0000
0000
0000
ENDCHAR
STARTCHAR triagrt
ENCODING 9658
SWIDTH 480 0
DWIDTH 10 0
BBX 10 20 0 -4
BITMAP
0000
0000
0000
0000
0000
0000
0000
7000
7E00
7F80
7E00
7000
0000
0000
0000
0000
0000
0000
0000
0000
ENDCHAR
STARTCHAR uni25BB
ENCODING 9659
SWIDTH 480 0
DWIDTH 10 0
BBX 10 20 0 -4
BITMAP
0000
0000
0000
0000
0000
0000
0000
7000
4E00
4180
4E00
7000
0000
0000
0000
0000
0000
0000
0000
0000
ENDCHAR
STARTCHAR triagdn
ENCODING 9660
SWIDTH 480 0
DWIDTH 10 0
BBX 10 20 0 -4
BITMAP
0000
0000
0000
0000
0000
0000
7F80
7F80
3F00
3F00
1E00
1E00
0C00
0C00
0000
0000
0000
0000
0000
0000
ENDCHAR
STARTCHAR uni25BD
ENCODING 9661
SWIDTH 480 0
DWIDTH 10 0
BBX 10 20 0 -4
BITMAP
0000
0000
0000
0000
0000
0000
7F80
4080
2100
2100
1200
1200
0C00
0C00
0000
0000
0000
0000
0000
0000
ENDCHAR
STARTCHAR uni25BE
ENCODING 9662
SWIDTH 480 0
DWIDTH 10 0
BBX 10 20 0 -4
BITMAP
0000
0000
0000
0000
0000
0000
0000
0000
1F00
1F00
0E00
0E00
0400
0000
0000
0000
0000
0000
0000
0000
ENDCHAR
STARTCHAR uni25BF
ENCODING 9663
SWIDTH 480 0
DWIDTH 10 0
BBX 10 20 0 -4
BITMAP
0000
0000
0000
0000
0000
0000
0000
0000
1F00
1100
0A00
0A00
0400
0000
0000
0000
0000
0000
0000
0000
ENDCHAR
STARTCHAR uni25C0
ENCODING 9664
SWIDTH 480 0
DWIDTH 10 0
BBX 10 20 0 -4
BITMAP
0000
0000
0000
0000
0000
0000
0180
0780
1F80
7F80
7F80
1F80
0780
0180
0000
0000
0000
0000
0000
0000
ENDCHAR
STARTCHAR uni25C1
ENCODING 9665
SWIDTH 480 0
DWIDTH 10 0
BBX 10 20 0 -4
BITMAP
0000
0000
0000
0000
0000
0000
0180
0680
1880
6080
6080
1880
0680
0180
0000
0000
0000
0000
0000
0000
ENDCHAR
STARTCHAR uni25C2
ENCODING 9666
SWIDTH 480 0
DWIDTH 10 0
BBX 10 20 0 -4
BITMAP
0000
0000
0000
0000
0000
0000
0000
0000
0300
0F00
1F00
0F00
0300
0000
0000
0000
0000
0000
0000
0000
ENDCHAR
STARTCHAR uni25C3
ENCODING 9667
SWIDTH 480 0
DWIDTH 10 0
BBX 10 20 0 -4
BITMAP
0000
0000
0000
0000
0000
0000
0000
0000
0300
0D00
1100
0D00
0300
0000
0000
0000
0000
0000
0000
0000
ENDCHAR
STARTCHAR triaglf
ENCODING 9668
SWIDTH 480 0
DWIDTH 10 0
BBX 10 20 0 -4
BITMAP
0000
0000
0000
0000
0000
0000
0000
0380
1F80
7F80
1F80
0380
0000
0000
0000
0000
0000
0000
0000
0000
ENDCHAR
STARTCHAR uni25C5
ENCODING 9669
SWIDTH 480 0
DWIDTH 10 0
BBX 10 20 0 -4
BITMAP
0000
0000
0000
0000
0000
0000
0000
0380
1C80
6080
1C80
0380
0000
0000
0000
0000
0000
0000
0000
0000
ENDCHAR
STARTCHAR uni25C6
ENCODING 9670
SWIDTH 480 0
DWIDTH 10 0
BBX 10 20 0 -4
BITMAP
0000
0000
0000
0000
0000
0000
0C00
1E00
3F00
7F80
7F80
3F00
1E00
0C00
0000
0000
0000
0000
0000
0000
ENDCHAR
STARTCHAR uni25C7
ENCODING 9671
SWIDTH 480 0
DWIDTH 10 0
BBX 10 20 0 -4
BITMAP
0000
0000
0000
0000
0000
0000
0C00
1200
2100
4080
4080
2100
1200
0C00
0000
0000
0000
0000
0000
0000
ENDCHAR
STARTCHAR uni25C8
ENCODING 9672
SWIDTH 480 0
DWIDTH 10 0
BBX 10 20 0 -4
BITMAP
0000
0000
0000
0000
0000
0000
0C00
1200
2D00
5E80
5E80
2D00
1200
0C00
0000
0000
0000
0000
0000
0000
ENDCHAR
STARTCHAR uni25C9
ENCODING 9673
SWIDTH 480 0
DWIDTH 10 0
BBX 10 20 0 -4
BITMAP
0000
0000
0000
0000
0000
0000
0000
1E00
2100
4C80
5E80
5E80
4C80
2100
1E00
0000
0000
0000
0000
0000
ENDCHAR
STARTCHAR lozenge
ENCODING 9674
SWIDTH 480 0
DWIDTH 10 0
BBX 10 20 0 -4
BITMAP
0000
0000
0400
0A00
0A00
1100
1100
2080
2080
4040
2080
2080
1100
1100
0A00
0A00
0400
0000
0000
0000
ENDCHAR
STARTCHAR circle
ENCODING 9675
SWIDTH 480 0
DWIDTH 10 0
BBX 10 20 0 -4
BITMAP
0000
0000
0000
0000
0000
0000
0000
1E00
2100
4080
4080
4080
4080
2100
1E00
0000
0000
0000
0000
0000
ENDCHAR
STARTCHAR uni25CC
ENCODING 9676
SWIDTH 480 0
DWIDTH 10 0
BBX 10 20 0 -4
BITMAP
0000
0000
0000
0000
0000
0000
0000
1400
0000
4100
0000
4100
0000
1400
0000
0000
0000
0000
0000
0000
ENDCHAR
STARTCHAR uni25CD
ENCODING 9677
SWIDTH 480 0
DWIDTH 10 0
BBX 10 20 0 -4
BITMAP
0000
0000
0000
0000
0000
0000
0000
1C00
3600
5500
5500
5500
3600
1C00
0000
0000
0000
0000
0000
0000
ENDCHAR
STARTCHAR uni25CE
ENCODING 9678
SWIDTH 480 0
DWIDTH 10 0
BBX 10 20 0 -4
BITMAP
0000
0000
0000
0000
0000
0000
0000
1E00
2100
4C80
5280
5280
4C80
2100
1E00
0000
0000
0000
0000
0000
ENDCHAR
STARTCHAR H18533
ENCODING 9679
SWIDTH 480 0
DWIDTH 10 0
BBX 10 20 0 -4
BITMAP
0000
0000
0000
0000
0000
0000
0000
1E00
3F00
7F80
7F80
7F80
7F80
3F00
1E00
0000
0000
0000
0000
0000
ENDCHAR
STARTCHAR uni25D0
ENCODING 9680
SWIDTH 480 0
DWIDTH 10 0
BBX 10 20 0 -4
BITMAP
0000
0000
0000
0000
0000
0000
0000
1E00
3900
7880
7880
7880
7880
3900
1E00
0000
0000
0000
0000
0000
ENDCHAR
STARTCHAR uni25D1
ENCODING 9681
SWIDTH 480 0
DWIDTH 10 0
BBX 10 20 0 -4
BITMAP
0000
0000
0000
0000
0000
0000
0000
1E00
2700
4780
4780
4780
4780
2700
1E00
0000
0000
0000
0000
0000
ENDCHAR
STARTCHAR uni25D2
ENCODING 9682
SWIDTH 480 0
DWIDTH 10 0
BBX 10 20 0 -4
BITMAP
0000
0000
0000
0000
0000
0000
0000
1E00
2100
4080
4080
7F80
7F80
3F00
1E00
0000
0000
0000
0000
0000
ENDCHAR
STARTCHAR uni25D3
ENCODING 9683
SWIDTH 480 0
DWIDTH 10 0
BBX 10 20 0 -4
BITMAP
0000
0000
0000
0000
0000
0000
0000
1E00
3F00
7F80
7F80
4080
4080
2100
1E00
0000
0000
0000
0000
0000
ENDCHAR
STARTCHAR uni25D4
ENCODING 9684
SWIDTH 480 0
DWIDTH 10 0
BBX 10 20 0 -4
BITMAP
0000
0000
0000
0000
0000
0000
0000
1E00
2700
4780
4780
4080
4080
2100
1E00
0000
0000
0000
0000
0000
ENDCHAR
STARTCHAR uni25D5
ENCODING 9685
SWIDTH 480 0
DWIDTH 10 0
BBX 10 20 0 -4
BITMAP
0000
0000
0000
0000
0000
0000
0000
1E00
2700
4780
4780
7F80
7F80
3F00
1E00
0000
0000
0000
0000
0000
ENDCHAR
STARTCHAR uni25D6
ENCODING 9686
SWIDTH 480 0
DWIDTH 10 0
BBX 10 20 0 -4
BITMAP
0000
0000
0000
0000
0000
0000
0000
1800
3800
7800
7800
7800
7800
3800
1800
0000
0000
0000
0000
0000
ENDCHAR
STARTCHAR uni25D7
ENCODING 9687
SWIDTH 480 0
DWIDTH 10 0
BBX 10 20 0 -4
BITMAP
0000
0000
0000
0000
0000
0000
0000
0600
0700
0780
0780
0780
0780
0700
0600
0000
0000
0000
0000
0000
ENDCHAR
STARTCHAR invbullet
ENCODING 9688
SWIDTH 480 0
DWIDTH 10 0
BBX 10 20 0 -4
BITMAP
FFC0
FFC0
FFC0
FFC0
FFC0
FFC0
E1C0
C0C0
8040
8040
8040
8040
C0C0
E1C0
FFC0
FFC0
FFC0
FFC0
FFC0
FFC0
ENDCHAR
STARTCHAR invcircle
ENCODING 9689
SWIDTH 480 0
DWIDTH 10 0
BBX 10 20 0 -4
BITMAP
FFC0
FFC0
FFC0
FFC0
FFC0
FFC0
E1C0
DEC0
BF40
BF40
BF40
BF40
DEC0
E1C0
FFC0
FFC0
FFC0
FFC0
FFC0
FFC0
ENDCHAR
STARTCHAR uni25DA
ENCODING 9690
SWIDTH 480 0
DWIDTH 10 0
BBX 10 20 0 -4
BITMAP
FFC0
FFC0
FFC0
FFC0
FFC0
FFC0
E1C0
DEC0
BF40
BF40
0000
0000
0000
0000
0000
0000
0000
0000
0000
0000
ENDCHAR
STARTCHAR uni25DB
ENCODING 9691
SWIDTH 480 0
DWIDTH 10 0
BBX 10 20 0 -4
BITMAP
0000
0000
0000
0000
0000
0000
0000
0000
0000
0000
BF40
BF40
DEC0
E1C0
FFC0
FFC0
FFC0
FFC0
FFC0
FFC0
ENDCHAR
STARTCHAR uni25DC
ENCODING 9692
SWIDTH 480 0
DWIDTH 10 0
BBX 10 20 0 -4
BITMAP
0000
0000
0000
0000
0000
0000
0000
1800
2000
4000
4000
0000
0000
0000
0000
0000
0000
0000
0000
0000
ENDCHAR
STARTCHAR uni25DD
ENCODING 9693
SWIDTH 480 0
DWIDTH 10 0
BBX 10 20 0 -4
BITMAP
0000
0000
0000
0000
0000
0000
0000
0600
0100
0080
0080
0000
0000
0000
0000
0000
0000
0000
0000
0000
ENDCHAR
STARTCHAR uni25DE
ENCODING 9694
SWIDTH 480 0
DWIDTH 10 0
BBX 10 20 0 -4
BITMAP
0000
0000
0000
0000
0000
0000
0000
0000
0000
0000
0000
0080
0080
0100
0600
0000
0000
0000
0000
0000
ENDCHAR
STARTCHAR uni25DF
ENCODING 9695
SWIDTH 480 0
DWIDTH 10 0
BBX 10 20 0 -4
BITMAP
0000
0000
0000
0000
0000
0000
0000
0000
0000
0000
0000
4000
4000
2000
1800
0000
0000
0000
0000
0000
ENDCHAR
STARTCHAR uni25E0
ENCODING 9696
SWIDTH 480 0
DWIDTH 10 0
BBX 10 20 0 -4
BITMAP
0000
0000
0000
0000
0000
0000
0000
1E00
2100
4080
4080
0000
0000
0000
0000
0000
0000
0000
0000
0000
ENDCHAR
STARTCHAR uni25E1
ENCODING 9697
SWIDTH 480 0
DWIDTH 10 0
BBX 10 20 0 -4
BITMAP
0000
0000
0000
0000
0000
0000
0000
0000
0000
0000
0000
4080
4080
2100
1E00
0000
0000
0000
0000
0000
ENDCHAR
STARTCHAR uni25E2
ENCODING 9698
SWIDTH 480 0
DWIDTH 10 0
BBX 10 20 0 -4
BITMAP
0000
0040
0040
00C0
00C0
01C0
01C0
03C0
03C0
07C0
07C0
0FC0
0FC0
1FC0
1FC0
3FC0
3FC0
7FC0
7FC0
FFC0
ENDCHAR
STARTCHAR uni25E3
ENCODING 9699
SWIDTH 480 0
DWIDTH 10 0
BBX 10 20 0 -4
BITMAP
0000
8000
8000
C000
C000
E000
E000
F000
F000
F800
F800
FC00
FC00
FE00
FE00
FF00
FF00
FF80
FF80
FFC0
ENDCHAR
STARTCHAR uni25E4
ENCODING 9700
SWIDTH 480 0
DWIDTH 10 0
BBX 10 20 0 -4
BITMAP
FFC0
FF80
FF80
FF00
FF00
FE00
FE00
FC00
FC00
F800
F800
F000
F000
E000
E000
C000
C000
8000
8000
0000
ENDCHAR
STARTCHAR uni25E5
ENCODING 9701
SWIDTH 480 0
DWIDTH 10 0
BBX 10 20 0 -4
BITMAP
FFC0
7FC0
7FC0
3FC0
3FC0
1FC0
1FC0
0FC0
0FC0
07C0
07C0
03C0
03C0
01C0
01C0
00C0
00C0
0040
0040
0000
ENDCHAR
STARTCHAR openbullet
ENCODING 9702
SWIDTH 480 0
DWIDTH 10 0
BBX 10 20 0 -4
BITMAP
0000
0000
0000
0000
0000
0000
0000
0E00
1100
1100
1100
0E00
0000
0000
0000
0000
0000
0000
0000
0000
ENDCHAR
STARTCHAR uni25E7
ENCODING 9703
SWIDTH 480 0
DWIDTH 10 0
BBX 10 20 0 -4
BITMAP
0000
0000
0000
0000
0000
0000
0000
7F80
7880
7880
7880
7880
7880
7880
7F80
0000
0000
0000
0000
0000
ENDCHAR
STARTCHAR uni25E8
ENCODING 9704
SWIDTH 480 0
DWIDTH 10 0
BBX 10 20 0 -4
BITMAP
0000
0000
0000
0000
0000
0000
0000
7F80
4780
4780
4780
4780
4780
4780
7F80
0000
0000
0000
0000
0000
ENDCHAR
STARTCHAR uni25E9
ENCODING 9705
SWIDTH 480 0
DWIDTH 10 0
BBX 10 20 0 -4
BITMAP
0000
0000
0000
0000
0000
0000
0000
7F80
7E80
7C80
7880
7080
6080
4080
7F80
0000
0000
0000
0000
0000
ENDCHAR
STARTCHAR uni25EA
ENCODING 9706
SWIDTH 480 0
DWIDTH 10 0
BBX 10 20 0 -4
BITMAP
0000
0000
0000
0000
0000
0000
0000
7F80
4080
4180
4380
4780
4F80
5F80
7F80
0000
0000
0000
0000
0000
ENDCHAR
STARTCHAR uni25EB
ENCODING 9707
SWIDTH 480 0
DWIDTH 10 0
BBX 10 20 0 -4
BITMAP
0000
0000
0000
0000
0000
0000
0000
FF80
8880
8880
8880
8880
8880
8880
8880
FF80
0000
0000
0000
0000
ENDCHAR
STARTCHAR uni25EC
ENCODING 9708
SWIDTH 480 0
DWIDTH 10 0
BBX 10 20 0 -4
BITMAP
0000
0000
0000
0000
0000
0000
0C00
0C00
1200
1200
2D00
2D00
4080
7F80
0000
0000
0000
0000
0000
0000
ENDCHAR
STARTCHAR uni25ED
ENCODING 9709
SWIDTH 480 0
DWIDTH 10 0
BBX 10 20 0 -4
BITMAP
0000
0000
0000
0000
0000
0000
0C00
0C00
1A00
1A00
3900
3900
7880
7F80
0000
0000
0000
0000
0000
0000
ENDCHAR
STARTCHAR uni25EE
ENCODING 9710
SWIDTH 480 0
DWIDTH 10 0
BBX 10 20 0 -4
BITMAP
0000
0000
0000
0000
0000
0000
0C00
0C00
1600
1600
2700
2700
4780
7F80
0000
0000
0000
0000
0000
0000
ENDCHAR
STARTCHAR uni25EF
ENCODING 9711
SWIDTH 480 0
DWIDTH 10 0
BBX 10 20 0 -4
BITMAP
0000
0000
0000
0000
0000
0000
1E00
2100
4080
8040
8040
8040
8040
4080
2100
1E00
0000
0000
0000
0000
ENDCHAR
STARTCHAR uni25F0
ENCODING 9712
SWIDTH 480 0
DWIDTH 10 0
BBX 10 20 0 -4
BITMAP
0000
0000
0000
0000
0000
0000
0000
FF80
8880
8880
8880
F880
8080
8080
8080
FF80
0000
0000
0000
0000
ENDCHAR
STARTCHAR uni25F1
ENCODING 9713
SWIDTH 480 0
DWIDTH 10 0
BBX 10 20 0 -4
BITMAP
0000
0000
0000
0000
0000
0000
0000
FF80
8080
8080
8080
F880
8880
8880
8880
FF80
0000
0000
0000
0000
ENDCHAR
STARTCHAR uni25F2
ENCODING 9714
SWIDTH 480 0
DWIDTH 10 0
BBX 10 20 0 -4
BITMAP
0000
0000
0000
0000
0000
0000
0000
FF80
8080
8080
8080
8F80
8880
8880
8880
FF80
0000
0000
0000
0000
ENDCHAR
STARTCHAR uni25F3
ENCODING 9715
SWIDTH 480 0
DWIDTH 10 0
BBX 10 20 0 -4
BITMAP
0000
0000
0000
0000
0000
0000
0000
FF80
8880
8880
8880
8F80
8080
8080
8080
FF80
0000
0000
0000
0000
ENDCHAR
STARTCHAR uni25F4
ENCODING 9716
SWIDTH 480 0
DWIDTH 10 0
BBX 10 20 0 -4
BITMAP
0000
0000
0000
0000
0000
0000
0000
3E00
4900
8880
8880
F880
8080
8080
4100
3E00
0000
0000
0000
0000
ENDCHAR
STARTCHAR uni25F5
ENCODING 9717
SWIDTH 480 0
DWIDTH 10 0
BBX 10 20 0 -4
BITMAP
0000
0000
0000
0000
0000
0000
0000
3E00
4100
8080
8080
F880
8880
8880
4900
3E00
0000
0000
0000
0000
ENDCHAR
STARTCHAR uni25F6
ENCODING 9718
SWIDTH 480 0
DWIDTH 10 0
BBX 10 20 0 -4
BITMAP
0000
0000
0000
0000
0000
0000
0000
3E00
4100
8080
8080
8F80
8880
8880
4900
3E00
0000
0000
0000
0000
ENDCHAR
STARTCHAR uni25F7
ENCODING 9719
SWIDTH 480 0
DWIDTH 10 0
BBX 10 20 0 -4
BITMAP
0000
0000
0000
0000
0000
0000
0000
3E00
4900
8880
8880
8F80
8080
8080
4100
3E00
0000
0000
0000
0000
ENDCHAR
STARTCHAR uni25F8
ENCODING 9720
SWIDTH 480 0
DWIDTH 10 0
BBX 10 20 0 -4
BITMAP
0000
0000
0000
0000
0000
0000
0000
0000
3F00
2200
2400
2800
3000
2000
0000
0000
0000
0000
0000
0000
ENDCHAR
STARTCHAR uni25F9
ENCODING 9721
SWIDTH 480 0
DWIDTH 10 0
BBX 10 20 0 -4
BITMAP
0000
0000
0000
0000
0000
0000
0000
0000
3F00
1100
0900
0500
0300
0100
0000
0000
0000
0000
0000
0000
ENDCHAR
STARTCHAR uni25FA
ENCODING 9722
SWIDTH 480 0
DWIDTH 10 0
BBX 10 20 0 -4
BITMAP
0000
0000
0000
0000
0000
0000
0000
0000
2000
3000
2800
2400
2200
3F00
0000
0000
0000
0000
0000
0000
ENDCHAR
STARTCHAR uni25FB
ENCODING 9723
SWIDTH 480 0
DWIDTH 10 0
BBX 10 20 0 -4
BITMAP
0000
0000
0000
0000
0000
0000
0000
0000
3F00
2100
2100
2100
2100
3F00
0000
0000
0000
0000
0000
0000
ENDCHAR
STARTCHAR uni25FC
ENCODING 9724
SWIDTH 480 0
DWIDTH 10 0
BBX 10 20 0 -4
BITMAP
0000
0000
0000
0000
0000
0000
0000
0000
3F00
3F00
3F00
3F00
3F00
3F00
0000
0000
0000
0000
0000
0000
ENDCHAR
STARTCHAR uni25FD
ENCODING 9725
SWIDTH 480 0
DWIDTH 10 0
BBX 10 20 0 -4
BITMAP
0000
0000
0000
0000
0000
0000
0000
0000
0000
1E00
1200
1200
1E00
0000
0000
0000
0000
0000
0000
0000
ENDCHAR
STARTCHAR uni25FE
ENCODING 9726
SWIDTH 480 0
DWIDTH 10 0
BBX 10 20 0 -4
BITMAP
0000
0000
0000
0000
0000
0000
0000
0000
0000
1E00
1E00
1E00
1E00
0000
0000
0000
0000
0000
0000
0000
ENDCHAR
STARTCHAR uni25FF
ENCODING 9727
SWIDTH 480 0
DWIDTH 10 0
BBX 10 20 0 -4
BITMAP
0000
0000
0000
0000
0000
0000
0000
0000
0100
0300
0500
0900
1100
3F00
0000
0000
0000
0000
0000
0000
ENDCHAR
ENDFONT
