STARTFONT 2.1
COMMENT $ucs-fonts: 6x13.bdf,v 1.115 2009-04-06 18:50:15+01 mgk25 Rel $
COMMENT Send bug reports to Markus Kuhn <http://www.cl.cam.ac.uk/~mgk25/>
FONT -Misc-Fixed-Medium-R-SemiCondensed--13-120-75-75-C-60-ISO10646-1
SIZE 12 75 75
FONTBOUNDINGBOX 6 13 0 -2
STARTPROPERTIES 22
FONTNAME_REGISTRY ""
FOUNDRY "Misc"
FAMILY_NAME "Fixed"
WEIGHT_NAME "Medium"
SLANT "R"
SETWIDTH_NAME "SemiCondensed"
ADD_STYLE_NAME ""
PIXEL_SIZE 13
POINT_SIZE 120
RESOLUTION_X 75
RESOLUTION_Y 75
SPACING "C"
AVERAGE_WIDTH 60
CHARSET_REGISTRY "ISO10646"
CHARSET_ENCODING "1"
DEFAULT_CHAR 0
FONT_DESCENT 2
FONT_ASCENT 11
COPYRIGHT "Public domain font.  Share and enjoy."
CAP_HEIGHT 9
X_HEIGHT 6
_GBDFED_INFO "Edited with gbdfed 1.3."
ENDPROPERTIES
CHARS 950
STARTCHAR char0
ENCODING 0
SWIDTH 480 0
DWIDTH 6 0
BBX 6 13 0 -2
BITMAP
00
00
A8
00
88
00
88
00
88
00
A8
00
00
ENDCHAR
STARTCHAR space
ENCODING 32
SWIDTH 480 0
DWIDTH 6 0
BBX 6 13 0 -2
BITMAP
00
00
00
00
00
00
00
00
00
00
00
00
00
ENDCHAR
STARTCHAR exclam
ENCODING 33
SWIDTH 480 0
DWIDTH 6 0
BBX 6 13 0 -2
BITMAP
00
00
20
20
20
20
20
20
20
00
20
00
00
ENDCHAR
STARTCHAR quotedbl
ENCODING 34
SWIDTH 480 0
DWIDTH 6 0
BBX 6 13 0 -2
BITMAP
00
00
50
50
50
00
00
00
00
00
00
00
00
ENDCHAR
STARTCHAR numbersign
ENCODING 35
SWIDTH 480 0
DWIDTH 6 0
BBX 6 13 0 -2
BITMAP
00
00
00
50
50
F8
50
F8
50
50
00
00
00
ENDCHAR
STARTCHAR dollar
ENCODING 36
SWIDTH 480 0
DWIDTH 6 0
BBX 6 13 0 -2
BITMAP
00
00
20
78
A0
A0
70
28
28
F0
20
00
00
ENDCHAR
STARTCHAR percent
ENCODING 37
SWIDTH 480 0
DWIDTH 6 0
BBX 6 13 0 -2
BITMAP
00
00
48
A8
50
10
20
40
50
A8
90
00
00
ENDCHAR
STARTCHAR ampersand
ENCODING 38
SWIDTH 480 0
DWIDTH 6 0
BBX 6 13 0 -2
BITMAP
00
00
00
40
A0
A0
40
A0
98
90
68
00
00
ENDCHAR
STARTCHAR quotesingle
ENCODING 39
SWIDTH 480 0
DWIDTH 6 0
BBX 6 13 0 -2
BITMAP
00
00
20
20
20
00
00
00
00
00
00
00
00
ENDCHAR
STARTCHAR parenleft
ENCODING 40
SWIDTH 480 0
DWIDTH 6 0
BBX 6 13 0 -2
BITMAP
00
10
20
20
40
40
40
40
40
20
20
10
00
ENDCHAR
STARTCHAR parenright
ENCODING 41
SWIDTH 480 0
DWIDTH 6 0
BBX 6 13 0 -2
BITMAP
00
40
20
20
10
10
10
10
10
20
20
40
00
ENDCHAR
STARTCHAR asterisk
ENCODING 42
SWIDTH 480 0
DWIDTH 6 0
BBX 6 13 0 -2
BITMAP
00
00
20
A8
70
A8
20
00
00
00
00
00
00
ENDCHAR
STARTCHAR plus
ENCODING 43
SWIDTH 480 0
DWIDTH 6 0
BBX 6 13 0 -2
BITMAP
00
00
00
00
20
20
F8
20
20
00
00
00
00
ENDCHAR
STARTCHAR comma
ENCODING 44
SWIDTH 480 0
DWIDTH 6 0
BBX 6 13 0 -2
BITMAP
00
00
00
00
00
00
00
00
00
30
20
40
00
ENDCHAR
STARTCHAR hyphen
ENCODING 45
SWIDTH 480 0
DWIDTH 6 0
BBX 6 13 0 -2
BITMAP
00
00
00
00
00
00
F8
00
00
00
00
00
00
ENDCHAR
STARTCHAR period
ENCODING 46
SWIDTH 480 0
DWIDTH 6 0
BBX 6 13 0 -2
BITMAP
00
00
00
00
00
00
00
00
00
20
70
20
00
ENDCHAR
STARTCHAR slash
ENCODING 47
SWIDTH 480 0
DWIDTH 6 0
BBX 6 13 0 -2
BITMAP
00
00
08
08
10
10
20
40
40
80
80
00
00
ENDCHAR
STARTCHAR zero
ENCODING 48
SWIDTH 480 0
DWIDTH 6 0
BBX 6 13 0 -2
BITMAP
00
00
20
50
88
88
88
88
88
50
20
00
00
ENDCHAR
STARTCHAR one
ENCODING 49
SWIDTH 480 0
DWIDTH 6 0
BBX 6 13 0 -2
BITMAP
00
00
20
60
A0
20
20
20
20
20
F8
00
00
ENDCHAR
STARTCHAR two
ENCODING 50
SWIDTH 480 0
DWIDTH 6 0
BBX 6 13 0 -2
BITMAP
00
00
70
88
88
08
10
20
40
80
F8
00
00
ENDCHAR
STARTCHAR three
ENCODING 51
SWIDTH 480 0
DWIDTH 6 0
BBX 6 13 0 -2
BITMAP
00
00
F8
08
10
20
70
08
08
88
70
00
00
ENDCHAR
STARTCHAR four
ENCODING 52
SWIDTH 480 0
DWIDTH 6 0
BBX 6 13 0 -2
BITMAP
00
00
10
10
30
50
50
90
F8
10
10
00
00
ENDCHAR
STARTCHAR five
ENCODING 53
SWIDTH 480 0
DWIDTH 6 0
BBX 6 13 0 -2
BITMAP
00
00
F8
80
80
B0
C8
08
08
88
70
00
00
ENDCHAR
STARTCHAR six
ENCODING 54
SWIDTH 480 0
DWIDTH 6 0
BBX 6 13 0 -2
BITMAP
00
00
70
88
80
80
F0
88
88
88
70
00
00
ENDCHAR
STARTCHAR seven
ENCODING 55
SWIDTH 480 0
DWIDTH 6 0
BBX 6 13 0 -2
BITMAP
00
00
F8
08
10
10
20
20
40
40
40
00
00
ENDCHAR
STARTCHAR eight
ENCODING 56
SWIDTH 480 0
DWIDTH 6 0
BBX 6 13 0 -2
BITMAP
00
00
70
88
88
88
70
88
88
88
70
00
00
ENDCHAR
STARTCHAR nine
ENCODING 57
SWIDTH 480 0
DWIDTH 6 0
BBX 6 13 0 -2
BITMAP
00
00
70
88
88
88
78
08
08
88
70
00
00
ENDCHAR
STARTCHAR colon
ENCODING 58
SWIDTH 480 0
DWIDTH 6 0
BBX 6 13 0 -2
BITMAP
00
00
00
00
20
70
20
00
00
20
70
20
00
ENDCHAR
STARTCHAR semicolon
ENCODING 59
SWIDTH 480 0
DWIDTH 6 0
BBX 6 13 0 -2
BITMAP
00
00
00
00
20
70
20
00
00
30
20
40
00
ENDCHAR
STARTCHAR less
ENCODING 60
SWIDTH 480 0
DWIDTH 6 0
BBX 6 13 0 -2
BITMAP
00
00
08
10
20
40
80
40
20
10
08
00
00
ENDCHAR
STARTCHAR equal
ENCODING 61
SWIDTH 480 0
DWIDTH 6 0
BBX 6 13 0 -2
BITMAP
00
00
00
00
00
F8
00
00
F8
00
00
00
00
ENDCHAR
STARTCHAR greater
ENCODING 62
SWIDTH 480 0
DWIDTH 6 0
BBX 6 13 0 -2
BITMAP
00
00
80
40
20
10
08
10
20
40
80
00
00
ENDCHAR
STARTCHAR question
ENCODING 63
SWIDTH 480 0
DWIDTH 6 0
BBX 6 13 0 -2
BITMAP
00
00
70
88
88
08
10
20
20
00
20
00
00
ENDCHAR
STARTCHAR at
ENCODING 64
SWIDTH 480 0
DWIDTH 6 0
BBX 6 13 0 -2
BITMAP
00
00
70
88
88
98
A8
A8
B0
80
78
00
00
ENDCHAR
STARTCHAR A
ENCODING 65
SWIDTH 480 0
DWIDTH 6 0
BBX 6 13 0 -2
BITMAP
00
00
20
50
88
88
88
F8
88
88
88
00
00
ENDCHAR
STARTCHAR B
ENCODING 66
SWIDTH 480 0
DWIDTH 6 0
BBX 6 13 0 -2
BITMAP
00
00
F0
48
48
48
70
48
48
48
F0
00
00
ENDCHAR
STARTCHAR C
ENCODING 67
SWIDTH 480 0
DWIDTH 6 0
BBX 6 13 0 -2
BITMAP
00
00
70
88
80
80
80
80
80
88
70
00
00
ENDCHAR
STARTCHAR D
ENCODING 68
SWIDTH 480 0
DWIDTH 6 0
BBX 6 13 0 -2
BITMAP
00
00
F0
48
48
48
48
48
48
48
F0
00
00
ENDCHAR
STARTCHAR E
ENCODING 69
SWIDTH 480 0
DWIDTH 6 0
BBX 6 13 0 -2
BITMAP
00
00
F8
80
80
80
F0
80
80
80
F8
00
00
ENDCHAR
STARTCHAR F
ENCODING 70
SWIDTH 480 0
DWIDTH 6 0
BBX 6 13 0 -2
BITMAP
00
00
F8
80
80
80
F0
80
80
80
80
00
00
ENDCHAR
STARTCHAR G
ENCODING 71
SWIDTH 480 0
DWIDTH 6 0
BBX 6 13 0 -2
BITMAP
00
00
70
88
80
80
80
98
88
88
70
00
00
ENDCHAR
STARTCHAR H
ENCODING 72
SWIDTH 480 0
DWIDTH 6 0
BBX 6 13 0 -2
BITMAP
00
00
88
88
88
88
F8
88
88
88
88
00
00
ENDCHAR
STARTCHAR I
ENCODING 73
SWIDTH 480 0
DWIDTH 6 0
BBX 6 13 0 -2
BITMAP
00
00
70
20
20
20
20
20
20
20
70
00
00
ENDCHAR
STARTCHAR J
ENCODING 74
SWIDTH 480 0
DWIDTH 6 0
BBX 6 13 0 -2
BITMAP
00
00
38
10
10
10
10
10
10
90
60
00
00
ENDCHAR
STARTCHAR K
ENCODING 75
SWIDTH 480 0
DWIDTH 6 0
BBX 6 13 0 -2
BITMAP
00
00
88
88
90
A0
C0
A0
90
88
88
00
00
ENDCHAR
STARTCHAR L
ENCODING 76
SWIDTH 480 0
DWIDTH 6 0
BBX 6 13 0 -2
BITMAP
00
00
80
80
80
80
80
80
80
80
F8
00
00
ENDCHAR
STARTCHAR M
ENCODING 77
SWIDTH 480 0
DWIDTH 6 0
BBX 6 13 0 -2
BITMAP
00
00
88
88
D8
A8
A8
88
88
88
88
00
00
ENDCHAR
STARTCHAR N
ENCODING 78
SWIDTH 480 0
DWIDTH 6 0
BBX 6 13 0 -2
BITMAP
00
00
88
C8
C8
A8
A8
98
98
88
88
00
00
ENDCHAR
STARTCHAR O
ENCODING 79
SWIDTH 480 0
DWIDTH 6 0
BBX 6 13 0 -2
BITMAP
00
00
70
88
88
88
88
88
88
88
70
00
00
ENDCHAR
STARTCHAR P
ENCODING 80
SWIDTH 480 0
DWIDTH 6 0
BBX 6 13 0 -2
BITMAP
00
00
F0
88
88
88
F0
80
80
80
80
00
00
ENDCHAR
STARTCHAR Q
ENCODING 81
SWIDTH 480 0
DWIDTH 6 0
BBX 6 13 0 -2
BITMAP
00
00
70
88
88
88
88
88
88
A8
70
08
00
ENDCHAR
STARTCHAR R
ENCODING 82
SWIDTH 480 0
DWIDTH 6 0
BBX 6 13 0 -2
BITMAP
00
00
F0
88
88
88
F0
A0
90
88
88
00
00
ENDCHAR
STARTCHAR S
ENCODING 83
SWIDTH 480 0
DWIDTH 6 0
BBX 6 13 0 -2
BITMAP
00
00
70
88
80
80
70
08
08
88
70
00
00
ENDCHAR
STARTCHAR T
ENCODING 84
SWIDTH 480 0
DWIDTH 6 0
BBX 6 13 0 -2
BITMAP
00
00
F8
20
20
20
20
20
20
20
20
00
00
ENDCHAR
STARTCHAR U
ENCODING 85
SWIDTH 480 0
DWIDTH 6 0
BBX 6 13 0 -2
BITMAP
00
00
88
88
88
88
88
88
88
88
70
00
00
ENDCHAR
STARTCHAR V
ENCODING 86
SWIDTH 480 0
DWIDTH 6 0
BBX 6 13 0 -2
BITMAP
00
00
88
88
88
88
50
50
50
20
20
00
00
ENDCHAR
STARTCHAR W
ENCODING 87
SWIDTH 480 0
DWIDTH 6 0
BBX 6 13 0 -2
BITMAP
00
00
88
88
88
88
A8
A8
A8
A8
50
00
00
ENDCHAR
STARTCHAR X
ENCODING 88
SWIDTH 480 0
DWIDTH 6 0
BBX 6 13 0 -2
BITMAP
00
00
88
88
50
50
20
50
50
88
88
00
00
ENDCHAR
STARTCHAR Y
ENCODING 89
SWIDTH 480 0
DWIDTH 6 0
BBX 6 13 0 -2
BITMAP
00
00
88
88
50
50
20
20
20
20
20
00
00
ENDCHAR
STARTCHAR Z
ENCODING 90
SWIDTH 480 0
DWIDTH 6 0
BBX 6 13 0 -2
BITMAP
00
00
F8
08
10
10
20
40
40
80
F8
00
00
ENDCHAR
STARTCHAR bracketleft
ENCODING 91
SWIDTH 480 0
DWIDTH 6 0
BBX 6 13 0 -2
BITMAP
00
70
40
40
40
40
40
40
40
40
40
70
00
ENDCHAR
STARTCHAR backslash
ENCODING 92
SWIDTH 480 0
DWIDTH 6 0
BBX 6 13 0 -2
BITMAP
00
00
80
80
40
40
20
10
10
08
08
00
00
ENDCHAR
STARTCHAR bracketright
ENCODING 93
SWIDTH 480 0
DWIDTH 6 0
BBX 6 13 0 -2
BITMAP
00
70
10
10
10
10
10
10
10
10
10
70
00
ENDCHAR
STARTCHAR asciicircum
ENCODING 94
SWIDTH 480 0
DWIDTH 6 0
BBX 6 13 0 -2
BITMAP
00
00
20
50
88
00
00
00
00
00
00
00
00
ENDCHAR
STARTCHAR underscore
ENCODING 95
SWIDTH 480 0
DWIDTH 6 0
BBX 6 13 0 -2
BITMAP
00
00
00
00
00
00
00
00
00
00
00
F8
00
ENDCHAR
STARTCHAR grave
ENCODING 96
SWIDTH 480 0
DWIDTH 6 0
BBX 6 13 0 -2
BITMAP
00
20
10
00
00
00
00
00
00
00
00
00
00
ENDCHAR
STARTCHAR a
ENCODING 97
SWIDTH 480 0
DWIDTH 6 0
BBX 6 13 0 -2
BITMAP
00
00
00
00
00
70
08
78
88
98
68
00
00
ENDCHAR
STARTCHAR b
ENCODING 98
SWIDTH 480 0
DWIDTH 6 0
BBX 6 13 0 -2
BITMAP
00
00
80
80
80
F0
88
88
88
88
F0
00
00
ENDCHAR
STARTCHAR c
ENCODING 99
SWIDTH 480 0
DWIDTH 6 0
BBX 6 13 0 -2
BITMAP
00
00
00
00
00
70
88
80
80
88
70
00
00
ENDCHAR
STARTCHAR d
ENCODING 100
SWIDTH 480 0
DWIDTH 6 0
BBX 6 13 0 -2
BITMAP
00
00
08
08
08
78
88
88
88
88
78
00
00
ENDCHAR
STARTCHAR e
ENCODING 101
SWIDTH 480 0
DWIDTH 6 0
BBX 6 13 0 -2
BITMAP
00
00
00
00
00
70
88
F8
80
88
70
00
00
ENDCHAR
STARTCHAR f
ENCODING 102
SWIDTH 480 0
DWIDTH 6 0
BBX 6 13 0 -2
BITMAP
00
00
30
48
40
40
F0
40
40
40
40
00
00
ENDCHAR
STARTCHAR g
ENCODING 103
SWIDTH 480 0
DWIDTH 6 0
BBX 6 13 0 -2
BITMAP
00
00
00
00
00
70
88
88
88
78
08
88
70
ENDCHAR
STARTCHAR h
ENCODING 104
SWIDTH 480 0
DWIDTH 6 0
BBX 6 13 0 -2
BITMAP
00
00
80
80
80
B0
C8
88
88
88
88
00
00
ENDCHAR
STARTCHAR i
ENCODING 105
SWIDTH 480 0
DWIDTH 6 0
BBX 6 13 0 -2
BITMAP
00
00
00
20
00
60
20
20
20
20
70
00
00
ENDCHAR
STARTCHAR j
ENCODING 106
SWIDTH 480 0
DWIDTH 6 0
BBX 6 13 0 -2
BITMAP
00
00
00
10
00
30
10
10
10
10
90
90
60
ENDCHAR
STARTCHAR k
ENCODING 107
SWIDTH 480 0
DWIDTH 6 0
BBX 6 13 0 -2
BITMAP
00
00
80
80
80
90
A0
C0
A0
90
88
00
00
ENDCHAR
STARTCHAR l
ENCODING 108
SWIDTH 480 0
DWIDTH 6 0
BBX 6 13 0 -2
BITMAP
00
00
60
20
20
20
20
20
20
20
70
00
00
ENDCHAR
STARTCHAR m
ENCODING 109
SWIDTH 480 0
DWIDTH 6 0
BBX 6 13 0 -2
BITMAP
00
00
00
00
00
D0
A8
A8
A8
A8
88
00
00
ENDCHAR
STARTCHAR n
ENCODING 110
SWIDTH 480 0
DWIDTH 6 0
BBX 6 13 0 -2
BITMAP
00
00
00
00
00
B0
C8
88
88
88
88
00
00
ENDCHAR
STARTCHAR o
ENCODING 111
SWIDTH 480 0
DWIDTH 6 0
BBX 6 13 0 -2
BITMAP
00
00
00
00
00
70
88
88
88
88
70
00
00
ENDCHAR
STARTCHAR p
ENCODING 112
SWIDTH 480 0
DWIDTH 6 0
BBX 6 13 0 -2
BITMAP
00
00
00
00
00
F0
88
88
88
F0
80
80
80
ENDCHAR
STARTCHAR q
ENCODING 113
SWIDTH 480 0
DWIDTH 6 0
BBX 6 13 0 -2
BITMAP
00
00
00
00
00
78
88
88
88
78
08
08
08
ENDCHAR
STARTCHAR r
ENCODING 114
SWIDTH 480 0
DWIDTH 6 0
BBX 6 13 0 -2
BITMAP
00
00
00
00
00
B0
C8
80
80
80
80
00
00
ENDCHAR
STARTCHAR s
ENCODING 115
SWIDTH 480 0
DWIDTH 6 0
BBX 6 13 0 -2
BITMAP
00
00
00
00
00
70
88
60
10
88
70
00
00
ENDCHAR
STARTCHAR t
ENCODING 116
SWIDTH 480 0
DWIDTH 6 0
BBX 6 13 0 -2
BITMAP
00
00
00
40
40
F0
40
40
40
48
30
00
00
ENDCHAR
STARTCHAR u
ENCODING 117
SWIDTH 480 0
DWIDTH 6 0
BBX 6 13 0 -2
BITMAP
00
00
00
00
00
88
88
88
88
98
68
00
00
ENDCHAR
STARTCHAR v
ENCODING 118
SWIDTH 480 0
DWIDTH 6 0
BBX 6 13 0 -2
BITMAP
00
00
00
00
00
88
88
88
50
50
20
00
00
ENDCHAR
STARTCHAR w
ENCODING 119
SWIDTH 480 0
DWIDTH 6 0
BBX 6 13 0 -2
BITMAP
00
00
00
00
00
88
88
A8
A8
A8
50
00
00
ENDCHAR
STARTCHAR x
ENCODING 120
SWIDTH 480 0
DWIDTH 6 0
BBX 6 13 0 -2
BITMAP
00
00
00
00
00
88
50
20
20
50
88
00
00
ENDCHAR
STARTCHAR y
ENCODING 121
SWIDTH 480 0
DWIDTH 6 0
BBX 6 13 0 -2
BITMAP
00
00
00
00
00
88
88
88
98
68
08
88
70
ENDCHAR
STARTCHAR z
ENCODING 122
SWIDTH 480 0
DWIDTH 6 0
BBX 6 13 0 -2
BITMAP
00
00
00
00
00
F8
10
20
40
80
F8
00
00
ENDCHAR
STARTCHAR braceleft
ENCODING 123
SWIDTH 480 0
DWIDTH 6 0
BBX 6 13 0 -2
BITMAP
00
18
20
20
20
20
C0
20
20
20
20
18
00
ENDCHAR
STARTCHAR bar
ENCODING 124
SWIDTH 480 0
DWIDTH 6 0
BBX 6 13 0 -2
BITMAP
00
00
20
20
20
20
20
20
20
20
20
00
00
ENDCHAR
STARTCHAR braceright
ENCODING 125
SWIDTH 480 0
DWIDTH 6 0
BBX 6 13 0 -2
BITMAP
00
C0
20
20
20
20
18
20
20
20
20
C0
00
ENDCHAR
STARTCHAR asciitilde
ENCODING 126
SWIDTH 480 0
DWIDTH 6 0
BBX 6 13 0 -2
BITMAP
00
00
48
A8
90
00
00
00
00
00
00
00
00
ENDCHAR
STARTCHAR space
ENCODING 160
SWIDTH 480 0
DWIDTH 6 0
BBX 6 13 0 -2
BITMAP
00
00
00
00
00
00
00
00
00
00
00
00
00
ENDCHAR
STARTCHAR exclamdown
ENCODING 161
SWIDTH 480 0
DWIDTH 6 0
BBX 6 13 0 -2
BITMAP
00
00
20
00
20
20
20
20
20
20
20
00
00
ENDCHAR
STARTCHAR cent
ENCODING 162
SWIDTH 480 0
DWIDTH 6 0
BBX 6 13 0 -2
BITMAP
00
00
20
70
A8
A0
A0
A8
70
20
00
00
00
ENDCHAR
STARTCHAR sterling
ENCODING 163
SWIDTH 480 0
DWIDTH 6 0
BBX 6 13 0 -2
BITMAP
00
00
30
48
40
40
E0
40
40
48
B0
00
00
ENDCHAR
STARTCHAR currency
ENCODING 164
SWIDTH 480 0
DWIDTH 6 0
BBX 6 13 0 -2
BITMAP
00
00
00
00
88
70
50
50
70
88
00
00
00
ENDCHAR
STARTCHAR yen
ENCODING 165
SWIDTH 480 0
DWIDTH 6 0
BBX 6 13 0 -2
BITMAP
00
00
88
88
50
50
F8
20
F8
20
20
00
00
ENDCHAR
STARTCHAR brokenbar
ENCODING 166
SWIDTH 480 0
DWIDTH 6 0
BBX 6 13 0 -2
BITMAP
00
00
20
20
20
20
00
20
20
20
20
00
00
ENDCHAR
STARTCHAR section
ENCODING 167
SWIDTH 480 0
DWIDTH 6 0
BBX 6 13 0 -2
BITMAP
00
30
48
40
30
48
48
30
08
48
30
00
00
ENDCHAR
STARTCHAR dieresis
ENCODING 168
SWIDTH 480 0
DWIDTH 6 0
BBX 6 13 0 -2
BITMAP
00
50
50
00
00
00
00
00
00
00
00
00
00
ENDCHAR
STARTCHAR copyright
ENCODING 169
SWIDTH 480 0
DWIDTH 6 0
BBX 6 13 0 -2
BITMAP
00
70
88
A8
D8
C8
D8
A8
88
70
00
00
00
ENDCHAR
STARTCHAR ordfeminine
ENCODING 170
SWIDTH 480 0
DWIDTH 6 0
BBX 6 13 0 -2
BITMAP
00
00
70
08
78
88
78
00
F8
00
00
00
00
ENDCHAR
STARTCHAR guillemotleft
ENCODING 171
SWIDTH 480 0
DWIDTH 6 0
BBX 6 13 0 -2
BITMAP
00
00
00
00
28
50
A0
A0
50
28
00
00
00
ENDCHAR
STARTCHAR logicalnot
ENCODING 172
SWIDTH 480 0
DWIDTH 6 0
BBX 6 13 0 -2
BITMAP
00
00
00
00
00
00
F8
08
08
00
00
00
00
ENDCHAR
STARTCHAR hyphen
ENCODING 173
SWIDTH 480 0
DWIDTH 6 0
BBX 6 13 0 -2
BITMAP
00
00
00
00
00
00
70
00
00
00
00
00
00
ENDCHAR
STARTCHAR registered
ENCODING 174
SWIDTH 480 0
DWIDTH 6 0
BBX 6 13 0 -2
BITMAP
00
70
88
E8
D8
D8
E8
D8
88
70
00
00
00
ENDCHAR
STARTCHAR macron
ENCODING 175
SWIDTH 480 0
DWIDTH 6 0
BBX 6 13 0 -2
BITMAP
00
00
F8
00
00
00
00
00
00
00
00
00
00
ENDCHAR
STARTCHAR degree
ENCODING 176
SWIDTH 480 0
DWIDTH 6 0
BBX 6 13 0 -2
BITMAP
00
00
30
48
48
30
00
00
00
00
00
00
00
ENDCHAR
STARTCHAR plusminus
ENCODING 177
SWIDTH 480 0
DWIDTH 6 0
BBX 6 13 0 -2
BITMAP
00
00
00
20
20
F8
20
20
00
F8
00
00
00
ENDCHAR
STARTCHAR twosuperior
ENCODING 178
SWIDTH 480 0
DWIDTH 6 0
BBX 6 13 0 -2
BITMAP
00
40
A0
20
40
E0
00
00
00
00
00
00
00
ENDCHAR
STARTCHAR threesuperior
ENCODING 179
SWIDTH 480 0
DWIDTH 6 0
BBX 6 13 0 -2
BITMAP
00
40
A0
40
20
C0
00
00
00
00
00
00
00
ENDCHAR
STARTCHAR acute
ENCODING 180
SWIDTH 480 0
DWIDTH 6 0
BBX 6 13 0 -2
BITMAP
00
10
20
00
00
00
00
00
00
00
00
00
00
ENDCHAR
STARTCHAR mu
ENCODING 181
SWIDTH 480 0
DWIDTH 6 0
BBX 6 13 0 -2
BITMAP
00
00
00
00
00
88
88
88
88
98
E8
80
80
ENDCHAR
STARTCHAR paragraph
ENCODING 182
SWIDTH 480 0
DWIDTH 6 0
BBX 6 13 0 -2
BITMAP
00
00
78
E8
E8
E8
E8
68
28
28
28
00
00
ENDCHAR
STARTCHAR periodcentered
ENCODING 183
SWIDTH 480 0
DWIDTH 6 0
BBX 6 13 0 -2
BITMAP
00
00
00
00
00
00
30
00
00
00
00
00
00
ENDCHAR
STARTCHAR cedilla
ENCODING 184
SWIDTH 480 0
DWIDTH 6 0
BBX 6 13 0 -2
BITMAP
00
00
00
00
00
00
00
00
00
00
00
10
20
ENDCHAR
STARTCHAR onesuperior
ENCODING 185
SWIDTH 480 0
DWIDTH 6 0
BBX 6 13 0 -2
BITMAP
00
40
C0
40
40
E0
00
00
00
00
00
00
00
ENDCHAR
STARTCHAR ordmasculine
ENCODING 186
SWIDTH 480 0
DWIDTH 6 0
BBX 6 13 0 -2
BITMAP
00
00
70
88
88
88
70
00
F8
00
00
00
00
ENDCHAR
STARTCHAR guillemotright
ENCODING 187
SWIDTH 480 0
DWIDTH 6 0
BBX 6 13 0 -2
BITMAP
00
00
00
00
A0
50
28
28
50
A0
00
00
00
ENDCHAR
STARTCHAR onequarter
ENCODING 188
SWIDTH 480 0
DWIDTH 6 0
BBX 6 13 0 -2
BITMAP
00
40
C0
40
40
E0
08
18
28
38
08
00
00
ENDCHAR
STARTCHAR onehalf
ENCODING 189
SWIDTH 480 0
DWIDTH 6 0
BBX 6 13 0 -2
BITMAP
00
40
C0
40
40
E0
10
28
08
10
38
00
00
ENDCHAR
STARTCHAR threequarters
ENCODING 190
SWIDTH 480 0
DWIDTH 6 0
BBX 6 13 0 -2
BITMAP
00
40
A0
40
20
A0
48
18
28
38
08
00
00
ENDCHAR
STARTCHAR questiondown
ENCODING 191
SWIDTH 480 0
DWIDTH 6 0
BBX 6 13 0 -2
BITMAP
00
00
20
00
20
20
40
80
88
88
70
00
00
ENDCHAR
STARTCHAR Agrave
ENCODING 192
SWIDTH 480 0
DWIDTH 6 0
BBX 6 13 0 -2
BITMAP
00
40
20
00
20
50
88
88
F8
88
88
00
00
ENDCHAR
STARTCHAR Aacute
ENCODING 193
SWIDTH 480 0
DWIDTH 6 0
BBX 6 13 0 -2
BITMAP
00
10
20
00
20
50
88
88
F8
88
88
00
00
ENDCHAR
STARTCHAR Acircumflex
ENCODING 194
SWIDTH 480 0
DWIDTH 6 0
BBX 6 13 0 -2
BITMAP
00
30
48
00
20
50
88
88
F8
88
88
00
00
ENDCHAR
STARTCHAR Atilde
ENCODING 195
SWIDTH 480 0
DWIDTH 6 0
BBX 6 13 0 -2
BITMAP
00
28
50
00
20
50
88
88
F8
88
88
00
00
ENDCHAR
STARTCHAR Adieresis
ENCODING 196
SWIDTH 480 0
DWIDTH 6 0
BBX 6 13 0 -2
BITMAP
00
50
50
00
20
50
88
88
F8
88
88
00
00
ENDCHAR
STARTCHAR Aring
ENCODING 197
SWIDTH 480 0
DWIDTH 6 0
BBX 6 13 0 -2
BITMAP
00
20
50
20
20
50
88
88
F8
88
88
00
00
ENDCHAR
STARTCHAR AE
ENCODING 198
SWIDTH 480 0
DWIDTH 6 0
BBX 6 13 0 -2
BITMAP
00
00
58
A0
A0
A0
B0
E0
A0
A0
B8
00
00
ENDCHAR
STARTCHAR Ccedilla
ENCODING 199
SWIDTH 480 0
DWIDTH 6 0
BBX 6 13 0 -2
BITMAP
00
00
70
88
80
80
80
80
80
88
70
20
40
ENDCHAR
STARTCHAR Egrave
ENCODING 200
SWIDTH 480 0
DWIDTH 6 0
BBX 6 13 0 -2
BITMAP
00
40
20
00
F8
80
80
F0
80
80
F8
00
00
ENDCHAR
STARTCHAR Eacute
ENCODING 201
SWIDTH 480 0
DWIDTH 6 0
BBX 6 13 0 -2
BITMAP
00
10
20
00
F8
80
80
F0
80
80
F8
00
00
ENDCHAR
STARTCHAR Ecircumflex
ENCODING 202
SWIDTH 480 0
DWIDTH 6 0
BBX 6 13 0 -2
BITMAP
00
30
48
00
F8
80
80
F0
80
80
F8
00
00
ENDCHAR
STARTCHAR Edieresis
ENCODING 203
SWIDTH 480 0
DWIDTH 6 0
BBX 6 13 0 -2
BITMAP
00
50
50
00
F8
80
80
F0
80
80
F8
00
00
ENDCHAR
STARTCHAR Igrave
ENCODING 204
SWIDTH 480 0
DWIDTH 6 0
BBX 6 13 0 -2
BITMAP
00
40
20
00
70
20
20
20
20
20
70
00
00
ENDCHAR
STARTCHAR Iacute
ENCODING 205
SWIDTH 480 0
DWIDTH 6 0
BBX 6 13 0 -2
BITMAP
00
10
20
00
70
20
20
20
20
20
70
00
00
ENDCHAR
STARTCHAR Icircumflex
ENCODING 206
SWIDTH 480 0
DWIDTH 6 0
BBX 6 13 0 -2
BITMAP
00
30
48
00
70
20
20
20
20
20
70
00
00
ENDCHAR
STARTCHAR Idieresis
ENCODING 207
SWIDTH 480 0
DWIDTH 6 0
BBX 6 13 0 -2
BITMAP
00
50
50
00
70
20
20
20
20
20
70
00
00
ENDCHAR
STARTCHAR Eth
ENCODING 208
SWIDTH 480 0
DWIDTH 6 0
BBX 6 13 0 -2
BITMAP
00
00
F0
48
48
48
E8
48
48
48
F0
00
00
ENDCHAR
STARTCHAR Ntilde
ENCODING 209
SWIDTH 480 0
DWIDTH 6 0
BBX 6 13 0 -2
BITMAP
00
28
50
00
88
88
C8
A8
98
88
88
00
00
ENDCHAR
STARTCHAR Ograve
ENCODING 210
SWIDTH 480 0
DWIDTH 6 0
BBX 6 13 0 -2
BITMAP
00
40
20
00
70
88
88
88
88
88
70
00
00
ENDCHAR
STARTCHAR Oacute
ENCODING 211
SWIDTH 480 0
DWIDTH 6 0
BBX 6 13 0 -2
BITMAP
00
10
20
00
70
88
88
88
88
88
70
00
00
ENDCHAR
STARTCHAR Ocircumflex
ENCODING 212
SWIDTH 480 0
DWIDTH 6 0
BBX 6 13 0 -2
BITMAP
00
30
48
00
70
88
88
88
88
88
70
00
00
ENDCHAR
STARTCHAR Otilde
ENCODING 213
SWIDTH 480 0
DWIDTH 6 0
BBX 6 13 0 -2
BITMAP
00
28
50
00
70
88
88
88
88
88
70
00
00
ENDCHAR
STARTCHAR Odieresis
ENCODING 214
SWIDTH 480 0
DWIDTH 6 0
BBX 6 13 0 -2
BITMAP
00
50
50
00
70
88
88
88
88
88
70
00
00
ENDCHAR
STARTCHAR multiply
ENCODING 215
SWIDTH 480 0
DWIDTH 6 0
BBX 6 13 0 -2
BITMAP
00
00
00
00
00
88
50
20
50
88
00
00
00
ENDCHAR
STARTCHAR Oslash
ENCODING 216
SWIDTH 480 0
DWIDTH 6 0
BBX 6 13 0 -2
BITMAP
00
08
70
98
98
A8
A8
A8
C8
C8
70
80
00
ENDCHAR
STARTCHAR Ugrave
ENCODING 217
SWIDTH 480 0
DWIDTH 6 0
BBX 6 13 0 -2
BITMAP
00
40
20
00
88
88
88
88
88
88
70
00
00
ENDCHAR
STARTCHAR Uacute
ENCODING 218
SWIDTH 480 0
DWIDTH 6 0
BBX 6 13 0 -2
BITMAP
00
10
20
00
88
88
88
88
88
88
70
00
00
ENDCHAR
STARTCHAR Ucircumflex
ENCODING 219
SWIDTH 480 0
DWIDTH 6 0
BBX 6 13 0 -2
BITMAP
00
30
48
00
88
88
88
88
88
88
70
00
00
ENDCHAR
STARTCHAR Udieresis
ENCODING 220
SWIDTH 480 0
DWIDTH 6 0
BBX 6 13 0 -2
BITMAP
00
50
50
00
88
88
88
88
88
88
70
00
00
ENDCHAR
STARTCHAR Yacute
ENCODING 221
SWIDTH 480 0
DWIDTH 6 0
BBX 6 13 0 -2
BITMAP
00
10
20
00
88
88
50
20
20
20
20
00
00
ENDCHAR
STARTCHAR Thorn
ENCODING 222
SWIDTH 480 0
DWIDTH 6 0
BBX 6 13 0 -2
BITMAP
00
00
80
F0
88
88
88
F0
80
80
80
00
00
ENDCHAR
STARTCHAR germandbls
ENCODING 223
SWIDTH 480 0
DWIDTH 6 0
BBX 6 13 0 -2
BITMAP
00
00
60
90
90
A0
A0
90
88
88
B0
00
00
ENDCHAR
STARTCHAR agrave
ENCODING 224
SWIDTH 480 0
DWIDTH 6 0
BBX 6 13 0 -2
BITMAP
00
00
40
20
00
70
08
78
88
98
68
00
00
ENDCHAR
STARTCHAR aacute
ENCODING 225
SWIDTH 480 0
DWIDTH 6 0
BBX 6 13 0 -2
BITMAP
00
00
10
20
00
70
08
78
88
98
68
00
00
ENDCHAR
STARTCHAR acircumflex
ENCODING 226
SWIDTH 480 0
DWIDTH 6 0
BBX 6 13 0 -2
BITMAP
00
00
30
48
00
70
08
78
88
98
68
00
00
ENDCHAR
STARTCHAR atilde
ENCODING 227
SWIDTH 480 0
DWIDTH 6 0
BBX 6 13 0 -2
BITMAP
00
00
28
50
00
70
08
78
88
98
68
00
00
ENDCHAR
STARTCHAR adieresis
ENCODING 228
SWIDTH 480 0
DWIDTH 6 0
BBX 6 13 0 -2
BITMAP
00
00
50
50
00
70
08
78
88
98
68
00
00
ENDCHAR
STARTCHAR aring
ENCODING 229
SWIDTH 480 0
DWIDTH 6 0
BBX 6 13 0 -2
BITMAP
00
30
48
30
00
70
08
78
88
98
68
00
00
ENDCHAR
STARTCHAR ae
ENCODING 230
SWIDTH 480 0
DWIDTH 6 0
BBX 6 13 0 -2
BITMAP
00
00
00
00
00
70
28
70
A0
A8
50
00
00
ENDCHAR
STARTCHAR ccedilla
ENCODING 231
SWIDTH 480 0
DWIDTH 6 0
BBX 6 13 0 -2
BITMAP
00
00
00
00
00
70
88
80
80
88
70
20
40
ENDCHAR
STARTCHAR egrave
ENCODING 232
SWIDTH 480 0
DWIDTH 6 0
BBX 6 13 0 -2
BITMAP
00
00
40
20
00
70
88
F8
80
88
70
00
00
ENDCHAR
STARTCHAR eacute
ENCODING 233
SWIDTH 480 0
DWIDTH 6 0
BBX 6 13 0 -2
BITMAP
00
00
10
20
00
70
88
F8
80
88
70
00
00
ENDCHAR
STARTCHAR ecircumflex
ENCODING 234
SWIDTH 480 0
DWIDTH 6 0
BBX 6 13 0 -2
BITMAP
00
00
30
48
00
70
88
F8
80
88
70
00
00
ENDCHAR
STARTCHAR edieresis
ENCODING 235
SWIDTH 480 0
DWIDTH 6 0
BBX 6 13 0 -2
BITMAP
00
00
50
50
00
70
88
F8
80
88
70
00
00
ENDCHAR
STARTCHAR igrave
ENCODING 236
SWIDTH 480 0
DWIDTH 6 0
BBX 6 13 0 -2
BITMAP
00
00
40
20
00
60
20
20
20
20
70
00
00
ENDCHAR
STARTCHAR iacute
ENCODING 237
SWIDTH 480 0
DWIDTH 6 0
BBX 6 13 0 -2
BITMAP
00
00
10
20
00
60
20
20
20
20
70
00
00
ENDCHAR
STARTCHAR icircumflex
ENCODING 238
SWIDTH 480 0
DWIDTH 6 0
BBX 6 13 0 -2
BITMAP
00
00
30
48
00
60
20
20
20
20
70
00
00
ENDCHAR
STARTCHAR idieresis
ENCODING 239
SWIDTH 480 0
DWIDTH 6 0
BBX 6 13 0 -2
BITMAP
00
00
50
50
00
60
20
20
20
20
70
00
00
ENDCHAR
STARTCHAR eth
ENCODING 240
SWIDTH 480 0
DWIDTH 6 0
BBX 6 13 0 -2
BITMAP
00
50
20
60
10
70
88
88
88
88
70
00
00
ENDCHAR
STARTCHAR ntilde
ENCODING 241
SWIDTH 480 0
DWIDTH 6 0
BBX 6 13 0 -2
BITMAP
00
00
28
50
00
B0
C8
88
88
88
88
00
00
ENDCHAR
STARTCHAR ograve
ENCODING 242
SWIDTH 480 0
DWIDTH 6 0
BBX 6 13 0 -2
BITMAP
00
00
40
20
00
70
88
88
88
88
70
00
00
ENDCHAR
STARTCHAR oacute
ENCODING 243
SWIDTH 480 0
DWIDTH 6 0
BBX 6 13 0 -2
BITMAP
00
00
10
20
00
70
88
88
88
88
70
00
00
ENDCHAR
STARTCHAR ocircumflex
ENCODING 244
SWIDTH 480 0
DWIDTH 6 0
BBX 6 13 0 -2
BITMAP
00
00
30
48
00
70
88
88
88
88
70
00
00
ENDCHAR
STARTCHAR otilde
ENCODING 245
SWIDTH 480 0
DWIDTH 6 0
BBX 6 13 0 -2
BITMAP
00
00
28
50
00
70
88
88
88
88
70
00
00
ENDCHAR
STARTCHAR odieresis
ENCODING 246
SWIDTH 480 0
DWIDTH 6 0
BBX 6 13 0 -2
BITMAP
00
00
50
50
00
70
88
88
88
88
70
00
00
ENDCHAR
STARTCHAR divide
ENCODING 247
SWIDTH 480 0
DWIDTH 6 0
BBX 6 13 0 -2
BITMAP
00
00
00
20
20
00
F8
00
20
20
00
00
00
ENDCHAR
STARTCHAR oslash
ENCODING 248
SWIDTH 480 0
DWIDTH 6 0
BBX 6 13 0 -2
BITMAP
00
00
00
00
08
70
98
A8
A8
C8
70
80
00
ENDCHAR
STARTCHAR ugrave
ENCODING 249
SWIDTH 480 0
DWIDTH 6 0
BBX 6 13 0 -2
BITMAP
00
00
40
20
00
88
88
88
88
98
68
00
00
ENDCHAR
STARTCHAR uacute
ENCODING 250
SWIDTH 480 0
DWIDTH 6 0
BBX 6 13 0 -2
BITMAP
00
00
10
20
00
88
88
88
88
98
68
00
00
ENDCHAR
STARTCHAR ucircumflex
ENCODING 251
SWIDTH 480 0
DWIDTH 6 0
BBX 6 13 0 -2
BITMAP
00
00
30
48
00
88
88
88
88
98
68
00
00
ENDCHAR
STARTCHAR udieresis
ENCODING 252
SWIDTH 480 0
DWIDTH 6 0
BBX 6 13 0 -2
BITMAP
00
00
50
50
00
88
88
88
88
98
68
00
00
ENDCHAR
STARTCHAR yacute
ENCODING 253
SWIDTH 480 0
DWIDTH 6 0
BBX 6 13 0 -2
BITMAP
00
00
10
20
00
88
88
88
98
68
08
88
70
ENDCHAR
STARTCHAR thorn
ENCODING 254
SWIDTH 480 0
DWIDTH 6 0
BBX 6 13 0 -2
BITMAP
00
00
00
80
80
B0
C8
88
88
C8
B0
80
80
ENDCHAR
STARTCHAR ydieresis
ENCODING 255
SWIDTH 480 0
DWIDTH 6 0
BBX 6 13 0 -2
BITMAP
00
00
50
50
00
88
88
88
98
68
08
88
70
ENDCHAR
STARTCHAR Amacron
ENCODING 256
SWIDTH 480 0
DWIDTH 6 0
BBX 6 13 0 -2
BITMAP
00
F8
00
20
50
88
88
F8
88
88
88
00
00
ENDCHAR
STARTCHAR amacron
ENCODING 257
SWIDTH 480 0
DWIDTH 6 0
BBX 6 13 0 -2
BITMAP
00
00
00
F8
00
70
08
78
88
98
68
00
00
ENDCHAR
STARTCHAR Abreve
ENCODING 258
SWIDTH 480 0
DWIDTH 6 0
BBX 6 13 0 -2
BITMAP
00
88
70
00
20
50
88
88
F8
88
88
00
00
ENDCHAR
STARTCHAR abreve
ENCODING 259
SWIDTH 480 0
DWIDTH 6 0
BBX 6 13 0 -2
BITMAP
00
00
88
70
00
70
08
78
88
98
68
00
00
ENDCHAR
STARTCHAR Aogonek
ENCODING 260
SWIDTH 480 0
DWIDTH 6 0
BBX 6 13 0 -2
BITMAP
00
00
20
50
88
88
88
F8
88
88
88
08
04
ENDCHAR
STARTCHAR aogonek
ENCODING 261
SWIDTH 480 0
DWIDTH 6 0
BBX 6 13 0 -2
BITMAP
00
00
00
00
00
70
08
78
88
98
68
08
04
ENDCHAR
STARTCHAR Cacute
ENCODING 262
SWIDTH 480 0
DWIDTH 6 0
BBX 6 13 0 -2
BITMAP
00
10
20
00
70
88
80
80
80
88
70
00
00
ENDCHAR
STARTCHAR cacute
ENCODING 263
SWIDTH 480 0
DWIDTH 6 0
BBX 6 13 0 -2
BITMAP
00
00
10
20
00
70
88
80
80
88
70
00
00
ENDCHAR
STARTCHAR Ccircumflex
ENCODING 264
SWIDTH 480 0
DWIDTH 6 0
BBX 6 13 0 -2
BITMAP
00
30
48
00
70
88
80
80
80
88
70
00
00
ENDCHAR
STARTCHAR ccircumflex
ENCODING 265
SWIDTH 480 0
DWIDTH 6 0
BBX 6 13 0 -2
BITMAP
00
00
30
48
00
70
88
80
80
88
70
00
00
ENDCHAR
STARTCHAR Cdotaccent
ENCODING 266
SWIDTH 480 0
DWIDTH 6 0
BBX 6 13 0 -2
BITMAP
00
20
20
00
70
88
80
80
80
88
70
00
00
ENDCHAR
STARTCHAR cdotaccent
ENCODING 267
SWIDTH 480 0
DWIDTH 6 0
BBX 6 13 0 -2
BITMAP
00
00
20
20
00
70
88
80
80
88
70
00
00
ENDCHAR
STARTCHAR Ccaron
ENCODING 268
SWIDTH 480 0
DWIDTH 6 0
BBX 6 13 0 -2
BITMAP
00
48
30
00
70
88
80
80
80
88
70
00
00
ENDCHAR
STARTCHAR ccaron
ENCODING 269
SWIDTH 480 0
DWIDTH 6 0
BBX 6 13 0 -2
BITMAP
00
00
48
30
00
70
88
80
80
88
70
00
00
ENDCHAR
STARTCHAR Dcaron
ENCODING 270
SWIDTH 480 0
DWIDTH 6 0
BBX 6 13 0 -2
BITMAP
00
48
30
00
F0
48
48
48
48
48
F0
00
00
ENDCHAR
STARTCHAR dcaron
ENCODING 271
SWIDTH 480 0
DWIDTH 6 0
BBX 6 13 0 -2
BITMAP
48
30
00
08
08
78
88
88
88
88
78
00
00
ENDCHAR
STARTCHAR Dcroat
ENCODING 272
SWIDTH 480 0
DWIDTH 6 0
BBX 6 13 0 -2
BITMAP
00
00
F0
48
48
48
E8
48
48
48
F0
00
00
ENDCHAR
STARTCHAR dcroat
ENCODING 273
SWIDTH 480 0
DWIDTH 6 0
BBX 6 13 0 -2
BITMAP
00
00
08
1C
08
78
88
88
88
88
78
00
00
ENDCHAR
STARTCHAR Emacron
ENCODING 274
SWIDTH 480 0
DWIDTH 6 0
BBX 6 13 0 -2
BITMAP
00
F8
00
F8
80
80
F0
80
80
80
F8
00
00
ENDCHAR
STARTCHAR emacron
ENCODING 275
SWIDTH 480 0
DWIDTH 6 0
BBX 6 13 0 -2
BITMAP
00
00
00
F8
00
70
88
F8
80
88
70
00
00
ENDCHAR
STARTCHAR Ebreve
ENCODING 276
SWIDTH 480 0
DWIDTH 6 0
BBX 6 13 0 -2
BITMAP
00
88
70
00
F8
80
80
F0
80
80
F8
00
00
ENDCHAR
STARTCHAR ebreve
ENCODING 277
SWIDTH 480 0
DWIDTH 6 0
BBX 6 13 0 -2
BITMAP
00
00
88
70
00
70
88
F8
80
88
70
00
00
ENDCHAR
STARTCHAR Edotaccent
ENCODING 278
SWIDTH 480 0
DWIDTH 6 0
BBX 6 13 0 -2
BITMAP
00
20
20
00
F8
80
80
F0
80
80
F8
00
00
ENDCHAR
STARTCHAR edotaccent
ENCODING 279
SWIDTH 480 0
DWIDTH 6 0
BBX 6 13 0 -2
BITMAP
00
00
20
20
00
70
88
F8
80
88
70
00
00
ENDCHAR
STARTCHAR Eogonek
ENCODING 280
SWIDTH 480 0
DWIDTH 6 0
BBX 6 13 0 -2
BITMAP
00
00
F8
80
80
80
F0
80
80
80
F8
20
10
ENDCHAR
STARTCHAR eogonek
ENCODING 281
SWIDTH 480 0
DWIDTH 6 0
BBX 6 13 0 -2
BITMAP
00
00
00
00
00
70
88
F8
80
88
70
20
10
ENDCHAR
STARTCHAR Ecaron
ENCODING 282
SWIDTH 480 0
DWIDTH 6 0
BBX 6 13 0 -2
BITMAP
00
48
30
00
F8
80
80
F0
80
80
F8
00
00
ENDCHAR
STARTCHAR ecaron
ENCODING 283
SWIDTH 480 0
DWIDTH 6 0
BBX 6 13 0 -2
BITMAP
00
00
48
30
00
70
88
F8
80
88
70
00
00
ENDCHAR
STARTCHAR Gcircumflex
ENCODING 284
SWIDTH 480 0
DWIDTH 6 0
BBX 6 13 0 -2
BITMAP
00
30
48
00
70
88
80
80
98
88
70
00
00
ENDCHAR
STARTCHAR gcircumflex
ENCODING 285
SWIDTH 480 0
DWIDTH 6 0
BBX 6 13 0 -2
BITMAP
00
00
30
48
00
70
88
88
88
78
08
88
70
ENDCHAR
STARTCHAR Gbreve
ENCODING 286
SWIDTH 480 0
DWIDTH 6 0
BBX 6 13 0 -2
BITMAP
00
88
70
00
70
88
80
80
98
88
70
00
00
ENDCHAR
STARTCHAR gbreve
ENCODING 287
SWIDTH 480 0
DWIDTH 6 0
BBX 6 13 0 -2
BITMAP
00
00
88
70
00
70
88
88
88
78
08
88
70
ENDCHAR
STARTCHAR Gdotaccent
ENCODING 288
SWIDTH 480 0
DWIDTH 6 0
BBX 6 13 0 -2
BITMAP
00
20
20
00
70
88
80
80
98
88
70
00
00
ENDCHAR
STARTCHAR gdotaccent
ENCODING 289
SWIDTH 480 0
DWIDTH 6 0
BBX 6 13 0 -2
BITMAP
00
00
20
20
00
70
88
88
88
78
08
88
70
ENDCHAR
STARTCHAR Gcommaaccent
ENCODING 290
SWIDTH 480 0
DWIDTH 6 0
BBX 6 13 0 -2
BITMAP
00
00
70
88
80
80
80
98
88
88
70
20
40
ENDCHAR
STARTCHAR gcommaaccent
ENCODING 291
SWIDTH 480 0
DWIDTH 6 0
BBX 6 13 0 -2
BITMAP
00
10
20
60
00
70
88
88
88
78
08
88
70
ENDCHAR
STARTCHAR Hcircumflex
ENCODING 292
SWIDTH 480 0
DWIDTH 6 0
BBX 6 13 0 -2
BITMAP
00
30
48
00
88
88
88
F8
88
88
88
00
00
ENDCHAR
STARTCHAR hcircumflex
ENCODING 293
SWIDTH 480 0
DWIDTH 6 0
BBX 6 13 0 -2
BITMAP
00
30
48
00
80
80
B0
C8
88
88
88
00
00
ENDCHAR
STARTCHAR Hbar
ENCODING 294
SWIDTH 480 0
DWIDTH 6 0
BBX 6 13 0 -2
BITMAP
00
00
88
88
F8
88
F8
88
88
88
88
00
00
ENDCHAR
STARTCHAR hbar
ENCODING 295
SWIDTH 480 0
DWIDTH 6 0
BBX 6 13 0 -2
BITMAP
00
00
80
F0
80
B0
C8
88
88
88
88
00
00
ENDCHAR
STARTCHAR Itilde
ENCODING 296
SWIDTH 480 0
DWIDTH 6 0
BBX 6 13 0 -2
BITMAP
00
28
50
00
70
20
20
20
20
20
70
00
00
ENDCHAR
STARTCHAR itilde
ENCODING 297
SWIDTH 480 0
DWIDTH 6 0
BBX 6 13 0 -2
BITMAP
00
00
50
A0
00
60
20
20
20
20
70
00
00
ENDCHAR
STARTCHAR Imacron
ENCODING 298
SWIDTH 480 0
DWIDTH 6 0
BBX 6 13 0 -2
BITMAP
00
F8
00
70
20
20
20
20
20
20
70
00
00
ENDCHAR
STARTCHAR imacron
ENCODING 299
SWIDTH 480 0
DWIDTH 6 0
BBX 6 13 0 -2
BITMAP
00
00
00
F8
00
60
20
20
20
20
70
00
00
ENDCHAR
STARTCHAR Ibreve
ENCODING 300
SWIDTH 480 0
DWIDTH 6 0
BBX 6 13 0 -2
BITMAP
00
88
70
00
70
20
20
20
20
20
70
00
00
ENDCHAR
STARTCHAR ibreve
ENCODING 301
SWIDTH 480 0
DWIDTH 6 0
BBX 6 13 0 -2
BITMAP
00
00
88
70
00
60
20
20
20
20
70
00
00
ENDCHAR
STARTCHAR Iogonek
ENCODING 302
SWIDTH 480 0
DWIDTH 6 0
BBX 6 13 0 -2
BITMAP
00
00
70
20
20
20
20
20
20
20
70
20
10
ENDCHAR
STARTCHAR iogonek
ENCODING 303
SWIDTH 480 0
DWIDTH 6 0
BBX 6 13 0 -2
BITMAP
00
00
00
20
00
60
20
20
20
20
70
20
10
ENDCHAR
STARTCHAR Idotaccent
ENCODING 304
SWIDTH 480 0
DWIDTH 6 0
BBX 6 13 0 -2
BITMAP
00
20
20
00
70
20
20
20
20
20
70
00
00
ENDCHAR
STARTCHAR dotlessi
ENCODING 305
SWIDTH 480 0
DWIDTH 6 0
BBX 6 13 0 -2
BITMAP
00
00
00
00
00
60
20
20
20
20
70
00
00
ENDCHAR
STARTCHAR IJ
ENCODING 306
SWIDTH 480 0
DWIDTH 6 0
BBX 6 13 0 -2
BITMAP
00
00
DC
88
88
88
88
88
88
A8
D0
00
00
ENDCHAR
STARTCHAR ij
ENCODING 307
SWIDTH 480 0
DWIDTH 6 0
BBX 6 13 0 -2
BITMAP
00
00
00
48
00
D8
48
48
48
48
E8
48
30
ENDCHAR
STARTCHAR Jcircumflex
ENCODING 308
SWIDTH 480 0
DWIDTH 6 0
BBX 6 13 0 -2
BITMAP
00
30
48
00
38
10
10
10
10
90
60
00
00
ENDCHAR
STARTCHAR jcircumflex
ENCODING 309
SWIDTH 480 0
DWIDTH 6 0
BBX 6 13 0 -2
BITMAP
00
00
30
48
00
30
10
10
10
10
90
90
60
ENDCHAR
STARTCHAR Kcommaaccent
ENCODING 310
SWIDTH 480 0
DWIDTH 6 0
BBX 6 13 0 -2
BITMAP
00
00
88
88
90
A0
C0
A0
90
88
88
40
80
ENDCHAR
STARTCHAR kcommaaccent
ENCODING 311
SWIDTH 480 0
DWIDTH 6 0
BBX 6 13 0 -2
BITMAP
00
00
80
80
80
90
A0
C0
A0
90
88
40
80
ENDCHAR
STARTCHAR kgreenlandic
ENCODING 312
SWIDTH 480 0
DWIDTH 6 0
BBX 6 13 0 -2
BITMAP
00
00
00
00
00
88
90
A0
E0
90
88
00
00
ENDCHAR
STARTCHAR Lacute
ENCODING 313
SWIDTH 480 0
DWIDTH 6 0
BBX 6 13 0 -2
BITMAP
00
40
80
00
80
80
80
80
80
80
F8
00
00
ENDCHAR
STARTCHAR lacute
ENCODING 314
SWIDTH 480 0
DWIDTH 6 0
BBX 6 13 0 -2
BITMAP
10
20
00
60
20
20
20
20
20
20
70
00
00
ENDCHAR
STARTCHAR Lcommaaccent
ENCODING 315
SWIDTH 480 0
DWIDTH 6 0
BBX 6 13 0 -2
BITMAP
00
00
80
80
80
80
80
80
80
80
F8
20
40
ENDCHAR
STARTCHAR lcommaaccent
ENCODING 316
SWIDTH 480 0
DWIDTH 6 0
BBX 6 13 0 -2
BITMAP
00
00
60
20
20
20
20
20
20
20
70
20
40
ENDCHAR
STARTCHAR Lcaron
ENCODING 317
SWIDTH 480 0
DWIDTH 6 0
BBX 6 13 0 -2
BITMAP
00
90
60
00
40
40
40
40
40
40
78
00
00
ENDCHAR
STARTCHAR lcaron
ENCODING 318
SWIDTH 480 0
DWIDTH 6 0
BBX 6 13 0 -2
BITMAP
90
60
00
60
20
20
20
20
20
20
70
00
00
ENDCHAR
STARTCHAR Ldot
ENCODING 319
SWIDTH 480 0
DWIDTH 6 0
BBX 6 13 0 -2
BITMAP
00
00
80
80
80
90
90
80
80
80
F8
00
00
ENDCHAR
STARTCHAR ldot
ENCODING 320
SWIDTH 480 0
DWIDTH 6 0
BBX 6 13 0 -2
BITMAP
00
00
60
20
20
28
28
20
20
20
70
00
00
ENDCHAR
STARTCHAR Lslash
ENCODING 321
SWIDTH 480 0
DWIDTH 6 0
BBX 6 13 0 -2
BITMAP
00
00
40
40
60
40
C0
40
40
40
78
00
00
ENDCHAR
STARTCHAR lslash
ENCODING 322
SWIDTH 480 0
DWIDTH 6 0
BBX 6 13 0 -2
BITMAP
00
00
60
20
30
20
60
20
20
20
70
00
00
ENDCHAR
STARTCHAR Nacute
ENCODING 323
SWIDTH 480 0
DWIDTH 6 0
BBX 6 13 0 -2
BITMAP
00
10
20
00
88
C8
C8
A8
98
98
88
00
00
ENDCHAR
STARTCHAR nacute
ENCODING 324
SWIDTH 480 0
DWIDTH 6 0
BBX 6 13 0 -2
BITMAP
00
00
10
20
00
B0
C8
88
88
88
88
00
00
ENDCHAR
STARTCHAR Ncommaaccent
ENCODING 325
SWIDTH 480 0
DWIDTH 6 0
BBX 6 13 0 -2
BITMAP
00
00
88
C8
C8
A8
A8
98
98
88
88
40
80
ENDCHAR
STARTCHAR ncommaaccent
ENCODING 326
SWIDTH 480 0
DWIDTH 6 0
BBX 6 13 0 -2
BITMAP
00
00
00
00
00
B0
C8
88
88
88
88
40
80
ENDCHAR
STARTCHAR Ncaron
ENCODING 327
SWIDTH 480 0
DWIDTH 6 0
BBX 6 13 0 -2
BITMAP
00
48
30
00
88
C8
C8
A8
98
98
88
00
00
ENDCHAR
STARTCHAR ncaron
ENCODING 328
SWIDTH 480 0
DWIDTH 6 0
BBX 6 13 0 -2
BITMAP
00
00
48
30
00
B0
C8
88
88
88
88
00
00
ENDCHAR
STARTCHAR napostrophe
ENCODING 329
SWIDTH 480 0
DWIDTH 6 0
BBX 6 13 0 -2
BITMAP
00
C0
40
80
00
B0
C8
88
88
88
88
00
00
ENDCHAR
STARTCHAR Eng
ENCODING 330
SWIDTH 480 0
DWIDTH 6 0
BBX 6 13 0 -2
BITMAP
00
00
88
C8
C8
A8
A8
98
98
88
88
28
10
ENDCHAR
STARTCHAR eng
ENCODING 331
SWIDTH 480 0
DWIDTH 6 0
BBX 6 13 0 -2
BITMAP
00
00
00
00
00
B0
C8
88
88
88
88
28
10
ENDCHAR
STARTCHAR Omacron
ENCODING 332
SWIDTH 480 0
DWIDTH 6 0
BBX 6 13 0 -2
BITMAP
00
F8
00
70
88
88
88
88
88
88
70
00
00
ENDCHAR
STARTCHAR omacron
ENCODING 333
SWIDTH 480 0
DWIDTH 6 0
BBX 6 13 0 -2
BITMAP
00
00
00
F8
00
70
88
88
88
88
70
00
00
ENDCHAR
STARTCHAR Obreve
ENCODING 334
SWIDTH 480 0
DWIDTH 6 0
BBX 6 13 0 -2
BITMAP
00
88
70
00
70
88
88
88
88
88
70
00
00
ENDCHAR
STARTCHAR obreve
ENCODING 335
SWIDTH 480 0
DWIDTH 6 0
BBX 6 13 0 -2
BITMAP
00
00
88
70
00
70
88
88
88
88
70
00
00
ENDCHAR
STARTCHAR Ohungarumlaut
ENCODING 336
SWIDTH 480 0
DWIDTH 6 0
BBX 6 13 0 -2
BITMAP
00
48
90
00
70
88
88
88
88
88
70
00
00
ENDCHAR
STARTCHAR ohungarumlaut
ENCODING 337
SWIDTH 480 0
DWIDTH 6 0
BBX 6 13 0 -2
BITMAP
00
00
48
90
00
70
88
88
88
88
70
00
00
ENDCHAR
STARTCHAR OE
ENCODING 338
SWIDTH 480 0
DWIDTH 6 0
BBX 6 13 0 -2
BITMAP
00
00
78
A0
A0
A0
B0
A0
A0
A0
78
00
00
ENDCHAR
STARTCHAR oe
ENCODING 339
SWIDTH 480 0
DWIDTH 6 0
BBX 6 13 0 -2
BITMAP
00
00
00
00
00
50
A8
B8
A0
A8
50
00
00
ENDCHAR
STARTCHAR Racute
ENCODING 340
SWIDTH 480 0
DWIDTH 6 0
BBX 6 13 0 -2
BITMAP
00
10
20
00
F0
88
88
F0
90
88
88
00
00
ENDCHAR
STARTCHAR racute
ENCODING 341
SWIDTH 480 0
DWIDTH 6 0
BBX 6 13 0 -2
BITMAP
00
00
10
20
00
B0
C8
80
80
80
80
00
00
ENDCHAR
STARTCHAR Rcommaaccent
ENCODING 342
SWIDTH 480 0
DWIDTH 6 0
BBX 6 13 0 -2
BITMAP
00
00
F0
88
88
88
F0
A0
90
88
88
40
80
ENDCHAR
STARTCHAR rcommaaccent
ENCODING 343
SWIDTH 480 0
DWIDTH 6 0
BBX 6 13 0 -2
BITMAP
00
00
00
00
00
B0
C8
80
80
80
80
40
80
ENDCHAR
STARTCHAR Rcaron
ENCODING 344
SWIDTH 480 0
DWIDTH 6 0
BBX 6 13 0 -2
BITMAP
00
90
60
00
F0
88
88
F0
90
88
88
00
00
ENDCHAR
STARTCHAR rcaron
ENCODING 345
SWIDTH 480 0
DWIDTH 6 0
BBX 6 13 0 -2
BITMAP
00
00
90
60
00
B0
C8
80
80
80
80
00
00
ENDCHAR
STARTCHAR Sacute
ENCODING 346
SWIDTH 480 0
DWIDTH 6 0
BBX 6 13 0 -2
BITMAP
00
10
20
00
70
88
80
70
08
88
70
00
00
ENDCHAR
STARTCHAR sacute
ENCODING 347
SWIDTH 480 0
DWIDTH 6 0
BBX 6 13 0 -2
BITMAP
00
00
10
20
00
70
88
60
10
88
70
00
00
ENDCHAR
STARTCHAR Scircumflex
ENCODING 348
SWIDTH 480 0
DWIDTH 6 0
BBX 6 13 0 -2
BITMAP
00
30
48
00
70
88
80
70
08
88
70
00
00
ENDCHAR
STARTCHAR scircumflex
ENCODING 349
SWIDTH 480 0
DWIDTH 6 0
BBX 6 13 0 -2
BITMAP
00
00
30
48
00
70
88
60
10
88
70
00
00
ENDCHAR
STARTCHAR Scedilla
ENCODING 350
SWIDTH 480 0
DWIDTH 6 0
BBX 6 13 0 -2
BITMAP
00
00
70
88
80
80
70
08
08
88
70
20
40
ENDCHAR
STARTCHAR scedilla
ENCODING 351
SWIDTH 480 0
DWIDTH 6 0
BBX 6 13 0 -2
BITMAP
00
00
00
00
00
70
88
60
10
88
70
20
40
ENDCHAR
STARTCHAR Scaron
ENCODING 352
SWIDTH 480 0
DWIDTH 6 0
BBX 6 13 0 -2
BITMAP
00
48
30
00
70
88
80
70
08
88
70
00
00
ENDCHAR
STARTCHAR scaron
ENCODING 353
SWIDTH 480 0
DWIDTH 6 0
BBX 6 13 0 -2
BITMAP
00
00
90
60
00
70
88
60
10
88
70
00
00
ENDCHAR
STARTCHAR Tcommaaccent
ENCODING 354
SWIDTH 480 0
DWIDTH 6 0
BBX 6 13 0 -2
BITMAP
00
00
F8
20
20
20
20
20
20
20
20
10
20
ENDCHAR
STARTCHAR tcommaaccent
ENCODING 355
SWIDTH 480 0
DWIDTH 6 0
BBX 6 13 0 -2
BITMAP
00
00
00
40
40
F0
40
40
40
48
30
20
40
ENDCHAR
STARTCHAR Tcaron
ENCODING 356
SWIDTH 480 0
DWIDTH 6 0
BBX 6 13 0 -2
BITMAP
00
48
30
00
F8
20
20
20
20
20
20
00
00
ENDCHAR
STARTCHAR tcaron
ENCODING 357
SWIDTH 480 0
DWIDTH 6 0
BBX 6 13 0 -2
BITMAP
00
90
60
00
40
F0
40
40
40
48
30
00
00
ENDCHAR
STARTCHAR Tbar
ENCODING 358
SWIDTH 480 0
DWIDTH 6 0
BBX 6 13 0 -2
BITMAP
00
00
F8
20
20
70
20
20
20
20
20
00
00
ENDCHAR
STARTCHAR tbar
ENCODING 359
SWIDTH 480 0
DWIDTH 6 0
BBX 6 13 0 -2
BITMAP
00
00
00
40
40
F0
40
E0
40
48
30
00
00
ENDCHAR
STARTCHAR Utilde
ENCODING 360
SWIDTH 480 0
DWIDTH 6 0
BBX 6 13 0 -2
BITMAP
00
28
50
00
88
88
88
88
88
88
70
00
00
ENDCHAR
STARTCHAR utilde
ENCODING 361
SWIDTH 480 0
DWIDTH 6 0
BBX 6 13 0 -2
BITMAP
00
00
28
50
00
88
88
88
88
98
68
00
00
ENDCHAR
STARTCHAR Umacron
ENCODING 362
SWIDTH 480 0
DWIDTH 6 0
BBX 6 13 0 -2
BITMAP
00
F8
00
88
88
88
88
88
88
88
70
00
00
ENDCHAR
STARTCHAR umacron
ENCODING 363
SWIDTH 480 0
DWIDTH 6 0
BBX 6 13 0 -2
BITMAP
00
00
00
F8
00
88
88
88
88
98
68
00
00
ENDCHAR
STARTCHAR Ubreve
ENCODING 364
SWIDTH 480 0
DWIDTH 6 0
BBX 6 13 0 -2
BITMAP
00
88
70
00
88
88
88
88
88
88
70
00
00
ENDCHAR
STARTCHAR ubreve
ENCODING 365
SWIDTH 480 0
DWIDTH 6 0
BBX 6 13 0 -2
BITMAP
00
00
88
70
00
88
88
88
88
98
68
00
00
ENDCHAR
STARTCHAR Uring
ENCODING 366
SWIDTH 480 0
DWIDTH 6 0
BBX 6 13 0 -2
BITMAP
20
50
20
00
88
88
88
88
88
88
70
00
00
ENDCHAR
STARTCHAR uring
ENCODING 367
SWIDTH 480 0
DWIDTH 6 0
BBX 6 13 0 -2
BITMAP
00
20
50
20
00
88
88
88
88
98
68
00
00
ENDCHAR
STARTCHAR Uhungarumlaut
ENCODING 368
SWIDTH 480 0
DWIDTH 6 0
BBX 6 13 0 -2
BITMAP
00
48
90
00
88
88
88
88
88
88
70
00
00
ENDCHAR
STARTCHAR uhungarumlaut
ENCODING 369
SWIDTH 480 0
DWIDTH 6 0
BBX 6 13 0 -2
BITMAP
00
00
48
90
00
88
88
88
88
98
68
00
00
ENDCHAR
STARTCHAR Uogonek
ENCODING 370
SWIDTH 480 0
DWIDTH 6 0
BBX 6 13 0 -2
BITMAP
00
00
88
88
88
88
88
88
88
88
70
20
10
ENDCHAR
STARTCHAR uogonek
ENCODING 371
SWIDTH 480 0
DWIDTH 6 0
BBX 6 13 0 -2
BITMAP
00
00
00
00
00
88
88
88
88
98
68
20
10
ENDCHAR
STARTCHAR Wcircumflex
ENCODING 372
SWIDTH 480 0
DWIDTH 6 0
BBX 6 13 0 -2
BITMAP
00
30
48
00
88
88
88
A8
A8
D8
88
00
00
ENDCHAR
STARTCHAR wcircumflex
ENCODING 373
SWIDTH 480 0
DWIDTH 6 0
BBX 6 13 0 -2
BITMAP
00
00
30
48
00
88
88
A8
A8
A8
50
00
00
ENDCHAR
STARTCHAR Ycircumflex
ENCODING 374
SWIDTH 480 0
DWIDTH 6 0
BBX 6 13 0 -2
BITMAP
00
30
48
00
88
50
50
20
20
20
20
00
00
ENDCHAR
STARTCHAR ycircumflex
ENCODING 375
SWIDTH 480 0
DWIDTH 6 0
BBX 6 13 0 -2
BITMAP
00
00
30
48
00
88
88
88
98
68
08
88
70
ENDCHAR
STARTCHAR Ydieresis
ENCODING 376
SWIDTH 480 0
DWIDTH 6 0
BBX 6 13 0 -2
BITMAP
00
50
50
00
88
50
50
20
20
20
20
00
00
ENDCHAR
STARTCHAR Zacute
ENCODING 377
SWIDTH 480 0
DWIDTH 6 0
BBX 6 13 0 -2
BITMAP
00
10
20
00
F8
08
10
20
40
80
F8
00
00
ENDCHAR
STARTCHAR zacute
ENCODING 378
SWIDTH 480 0
DWIDTH 6 0
BBX 6 13 0 -2
BITMAP
00
00
10
20
00
F8
10
20
40
80
F8
00
00
ENDCHAR
STARTCHAR Zdotaccent
ENCODING 379
SWIDTH 480 0
DWIDTH 6 0
BBX 6 13 0 -2
BITMAP
00
20
20
00
F8
08
10
20
40
80
F8
00
00
ENDCHAR
STARTCHAR zdotaccent
ENCODING 380
SWIDTH 480 0
DWIDTH 6 0
BBX 6 13 0 -2
BITMAP
00
00
20
20
00
F8
10
20
40
80
F8
00
00
ENDCHAR
STARTCHAR Zcaron
ENCODING 381
SWIDTH 480 0
DWIDTH 6 0
BBX 6 13 0 -2
BITMAP
00
48
30
00
F8
08
10
20
40
80
F8
00
00
ENDCHAR
STARTCHAR zcaron
ENCODING 382
SWIDTH 480 0
DWIDTH 6 0
BBX 6 13 0 -2
BITMAP
00
00
48
30
00
F8
10
20
40
80
F8
00
00
ENDCHAR
STARTCHAR longs
ENCODING 383
SWIDTH 480 0
DWIDTH 6 0
BBX 6 13 0 -2
BITMAP
00
00
30
48
40
40
C0
40
40
40
40
00
00
ENDCHAR
STARTCHAR uni0180
ENCODING 384
SWIDTH 480 0
DWIDTH 6 0
BBX 6 13 0 -2
BITMAP
00
00
40
E0
40
70
48
48
48
48
70
00
00
ENDCHAR
STARTCHAR uni0181
ENCODING 385
SWIDTH 480 0
DWIDTH 6 0
BBX 6 13 0 -2
BITMAP
00
00
70
A8
28
28
30
28
28
28
70
00
00
ENDCHAR
STARTCHAR uni0182
ENCODING 386
SWIDTH 480 0
DWIDTH 6 0
BBX 6 13 0 -2
BITMAP
00
00
F8
88
80
80
F0
88
88
88
F0
00
00
ENDCHAR
STARTCHAR uni0183
ENCODING 387
SWIDTH 480 0
DWIDTH 6 0
BBX 6 13 0 -2
BITMAP
00
00
78
48
40
40
70
48
48
48
70
00
00
ENDCHAR
STARTCHAR uni0184
ENCODING 388
SWIDTH 480 0
DWIDTH 6 0
BBX 6 13 0 -2
BITMAP
00
00
40
C0
40
40
70
48
48
48
70
00
00
ENDCHAR
STARTCHAR uni0185
ENCODING 389
SWIDTH 480 0
DWIDTH 6 0
BBX 6 13 0 -2
BITMAP
00
00
40
C0
40
40
60
50
50
50
60
00
00
ENDCHAR
STARTCHAR uni0186
ENCODING 390
SWIDTH 480 0
DWIDTH 6 0
BBX 6 13 0 -2
BITMAP
00
00
70
88
08
08
08
08
08
88
70
00
00
ENDCHAR
STARTCHAR uni0187
ENCODING 391
SWIDTH 480 0
DWIDTH 6 0
BBX 6 13 0 -2
BITMAP
00
04
78
88
80
80
80
80
80
88
70
00
00
ENDCHAR
STARTCHAR uni0188
ENCODING 392
SWIDTH 480 0
DWIDTH 6 0
BBX 6 13 0 -2
BITMAP
00
00
00
00
04
78
88
80
80
88
70
00
00
ENDCHAR
STARTCHAR uni0189
ENCODING 393
SWIDTH 480 0
DWIDTH 6 0
BBX 6 13 0 -2
BITMAP
00
00
F0
48
48
48
E8
48
48
48
F0
00
00
ENDCHAR
STARTCHAR uni018A
ENCODING 394
SWIDTH 480 0
DWIDTH 6 0
BBX 6 13 0 -2
BITMAP
00
00
70
A8
28
28
28
28
28
28
70
00
00
ENDCHAR
STARTCHAR uni018B
ENCODING 395
SWIDTH 480 0
DWIDTH 6 0
BBX 6 13 0 -2
BITMAP
00
00
F8
88
08
08
78
88
88
88
78
00
00
ENDCHAR
STARTCHAR uni018C
ENCODING 396
SWIDTH 480 0
DWIDTH 6 0
BBX 6 13 0 -2
BITMAP
00
00
78
48
08
08
38
48
48
48
38
00
00
ENDCHAR
STARTCHAR uni018D
ENCODING 397
SWIDTH 480 0
DWIDTH 6 0
BBX 6 13 0 -2
BITMAP
00
00
00
00
00
70
88
88
88
70
08
88
70
ENDCHAR
STARTCHAR uni018E
ENCODING 398
SWIDTH 480 0
DWIDTH 6 0
BBX 6 13 0 -2
BITMAP
00
00
F8
08
08
08
78
08
08
08
F8
00
00
ENDCHAR
STARTCHAR uni018F
ENCODING 399
SWIDTH 480 0
DWIDTH 6 0
BBX 6 13 0 -2
BITMAP
00
00
70
88
08
08
F8
88
88
88
70
00
00
ENDCHAR
STARTCHAR uni0190
ENCODING 400
SWIDTH 480 0
DWIDTH 6 0
BBX 6 13 0 -2
BITMAP
00
00
70
88
80
80
60
80
88
88
70
00
00
ENDCHAR
STARTCHAR uni0191
ENCODING 401
SWIDTH 480 0
DWIDTH 6 0
BBX 6 13 0 -2
BITMAP
00
00
38
20
20
20
38
20
20
20
20
A0
40
ENDCHAR
STARTCHAR florin
ENCODING 402
SWIDTH 480 0
DWIDTH 6 0
BBX 6 13 0 -2
BITMAP
00
00
10
28
20
20
70
20
20
20
20
A0
40
ENDCHAR
STARTCHAR uni0193
ENCODING 403
SWIDTH 480 0
DWIDTH 6 0
BBX 6 13 0 -2
BITMAP
00
04
78
88
80
80
80
98
88
88
70
00
00
ENDCHAR
STARTCHAR uni0194
ENCODING 404
SWIDTH 480 0
DWIDTH 6 0
BBX 6 13 0 -2
BITMAP
00
00
00
00
00
88
88
50
20
20
50
50
20
ENDCHAR
STARTCHAR uni0195
ENCODING 405
SWIDTH 480 0
DWIDTH 6 0
BBX 6 13 0 -2
BITMAP
00
00
80
80
80
C8
A8
A8
A8
A8
90
00
00
ENDCHAR
STARTCHAR uni0196
ENCODING 406
SWIDTH 480 0
DWIDTH 6 0
BBX 6 13 0 -2
BITMAP
00
00
60
20
20
20
20
20
20
28
10
00
00
ENDCHAR
STARTCHAR uni0197
ENCODING 407
SWIDTH 480 0
DWIDTH 6 0
BBX 6 13 0 -2
BITMAP
00
00
70
20
20
20
70
20
20
20
70
00
00
ENDCHAR
STARTCHAR uni0198
ENCODING 408
SWIDTH 480 0
DWIDTH 6 0
BBX 6 13 0 -2
BITMAP
00
00
88
94
90
A0
C0
A0
90
88
88
00
00
ENDCHAR
STARTCHAR uni0199
ENCODING 409
SWIDTH 480 0
DWIDTH 6 0
BBX 6 13 0 -2
BITMAP
00
00
40
A0
80
90
A0
C0
A0
90
88
00
00
ENDCHAR
STARTCHAR uni019A
ENCODING 410
SWIDTH 480 0
DWIDTH 6 0
BBX 6 13 0 -2
BITMAP
00
00
60
20
20
20
70
20
20
20
70
00
00
ENDCHAR
STARTCHAR uni019B
ENCODING 411
SWIDTH 480 0
DWIDTH 6 0
BBX 6 13 0 -2
BITMAP
00
00
90
60
40
A0
20
50
50
88
88
00
00
ENDCHAR
STARTCHAR uni019C
ENCODING 412
SWIDTH 480 0
DWIDTH 6 0
BBX 6 13 0 -2
BITMAP
00
00
A8
A8
A8
A8
A8
A8
A8
A8
58
00
00
ENDCHAR
STARTCHAR uni019D
ENCODING 413
SWIDTH 480 0
DWIDTH 6 0
BBX 6 13 0 -2
BITMAP
00
00
48
48
68
68
78
58
58
48
48
C0
40
ENDCHAR
STARTCHAR uni019E
ENCODING 414
SWIDTH 480 0
DWIDTH 6 0
BBX 6 13 0 -2
BITMAP
00
00
00
00
00
B0
C8
88
88
88
88
08
08
ENDCHAR
STARTCHAR uni019F
ENCODING 415
SWIDTH 480 0
DWIDTH 6 0
BBX 6 13 0 -2
BITMAP
00
00
70
88
88
88
F8
88
88
88
70
00
00
ENDCHAR
STARTCHAR Ohorn
ENCODING 416
SWIDTH 480 0
DWIDTH 6 0
BBX 6 13 0 -2
BITMAP
00
00
64
94
98
90
90
90
90
90
60
00
00
ENDCHAR
STARTCHAR ohorn
ENCODING 417
SWIDTH 480 0
DWIDTH 6 0
BBX 6 13 0 -2
BITMAP
00
00
00
00
00
64
94
98
90
90
60
00
00
ENDCHAR
STARTCHAR uni01A2
ENCODING 418
SWIDTH 480 0
DWIDTH 6 0
BBX 6 13 0 -2
BITMAP
00
00
50
A8
A8
A8
A8
A8
A8
A8
48
00
00
ENDCHAR
STARTCHAR uni01A3
ENCODING 419
SWIDTH 480 0
DWIDTH 6 0
BBX 6 13 0 -2
BITMAP
00
00
00
00
00
50
A8
A8
A8
A8
48
08
08
ENDCHAR
STARTCHAR uni01A4
ENCODING 420
SWIDTH 480 0
DWIDTH 6 0
BBX 6 13 0 -2
BITMAP
00
00
70
A8
A8
28
30
20
20
20
20
00
00
ENDCHAR
STARTCHAR uni01A5
ENCODING 421
SWIDTH 480 0
DWIDTH 6 0
BBX 6 13 0 -2
BITMAP
00
00
40
A0
80
F0
88
88
88
F0
80
80
80
ENDCHAR
STARTCHAR uni01A6
ENCODING 422
SWIDTH 480 0
DWIDTH 6 0
BBX 6 13 0 -2
BITMAP
00
00
80
80
F0
88
88
88
F0
A0
90
08
08
ENDCHAR
STARTCHAR uni01A7
ENCODING 423
SWIDTH 480 0
DWIDTH 6 0
BBX 6 13 0 -2
BITMAP
00
00
70
88
08
08
70
80
80
88
70
00
00
ENDCHAR
STARTCHAR uni01A8
ENCODING 424
SWIDTH 480 0
DWIDTH 6 0
BBX 6 13 0 -2
BITMAP
00
00
00
00
00
70
88
30
40
88
70
00
00
ENDCHAR
STARTCHAR uni01A9
ENCODING 425
SWIDTH 480 0
DWIDTH 6 0
BBX 6 13 0 -2
BITMAP
00
00
F8
80
40
20
10
20
40
80
F8
00
00
ENDCHAR
STARTCHAR uni01AA
ENCODING 426
SWIDTH 480 0
DWIDTH 6 0
BBX 6 13 0 -2
BITMAP
00
00
40
A0
60
20
20
20
20
20
28
10
00
ENDCHAR
STARTCHAR uni01AB
ENCODING 427
SWIDTH 480 0
DWIDTH 6 0
BBX 6 13 0 -2
BITMAP
00
00
00
40
40
F0
40
40
40
48
30
10
20
ENDCHAR
STARTCHAR uni01AC
ENCODING 428
SWIDTH 480 0
DWIDTH 6 0
BBX 6 13 0 -2
BITMAP
00
00
78
A0
A0
20
20
20
20
20
20
00
00
ENDCHAR
STARTCHAR uni01AD
ENCODING 429
SWIDTH 480 0
DWIDTH 6 0
BBX 6 13 0 -2
BITMAP
00
00
20
50
40
F0
40
40
40
48
30
00
00
ENDCHAR
STARTCHAR uni01AE
ENCODING 430
SWIDTH 480 0
DWIDTH 6 0
BBX 6 13 0 -2
BITMAP
00
00
F8
20
20
20
20
20
20
20
20
28
10
ENDCHAR
STARTCHAR Uhorn
ENCODING 431
SWIDTH 480 0
DWIDTH 6 0
BBX 6 13 0 -2
BITMAP
00
00
94
94
98
90
90
90
90
90
60
00
00
ENDCHAR
STARTCHAR uhorn
ENCODING 432
SWIDTH 480 0
DWIDTH 6 0
BBX 6 13 0 -2
BITMAP
00
00
00
00
00
94
94
98
90
B0
50
00
00
ENDCHAR
STARTCHAR uni01B1
ENCODING 433
SWIDTH 480 0
DWIDTH 6 0
BBX 6 13 0 -2
BITMAP
00
00
D8
50
50
88
88
88
88
88
70
00
00
ENDCHAR
STARTCHAR uni01B2
ENCODING 434
SWIDTH 480 0
DWIDTH 6 0
BBX 6 13 0 -2
BITMAP
00
00
90
88
88
88
88
88
88
88
70
00
00
ENDCHAR
STARTCHAR uni01B3
ENCODING 435
SWIDTH 480 0
DWIDTH 6 0
BBX 6 13 0 -2
BITMAP
00
00
68
A8
A8
28
10
10
10
10
10
00
00
ENDCHAR
STARTCHAR uni01B4
ENCODING 436
SWIDTH 480 0
DWIDTH 6 0
BBX 6 13 0 -2
BITMAP
00
00
00
00
08
94
90
90
90
70
10
90
60
ENDCHAR
STARTCHAR uni01B5
ENCODING 437
SWIDTH 480 0
DWIDTH 6 0
BBX 6 13 0 -2
BITMAP
00
00
F8
08
10
10
F8
40
40
80
F8
00
00
ENDCHAR
STARTCHAR uni01B6
ENCODING 438
SWIDTH 480 0
DWIDTH 6 0
BBX 6 13 0 -2
BITMAP
00
00
00
00
00
F8
10
F8
40
80
F8
00
00
ENDCHAR
STARTCHAR uni01B7
ENCODING 439
SWIDTH 480 0
DWIDTH 6 0
BBX 6 13 0 -2
BITMAP
00
00
F8
08
10
20
70
08
08
88
70
00
00
ENDCHAR
STARTCHAR uni01B8
ENCODING 440
SWIDTH 480 0
DWIDTH 6 0
BBX 6 13 0 -2
BITMAP
00
00
F8
80
40
20
70
80
80
88
70
00
00
ENDCHAR
STARTCHAR uni01B9
ENCODING 441
SWIDTH 480 0
DWIDTH 6 0
BBX 6 13 0 -2
BITMAP
00
00
00
00
00
F8
40
20
70
80
80
88
70
ENDCHAR
STARTCHAR uni01BA
ENCODING 442
SWIDTH 480 0
DWIDTH 6 0
BBX 6 13 0 -2
BITMAP
00
00
00
00
00
F8
10
20
70
10
60
88
70
ENDCHAR
STARTCHAR uni01BB
ENCODING 443
SWIDTH 480 0
DWIDTH 6 0
BBX 6 13 0 -2
BITMAP
00
00
70
88
88
08
10
F8
40
80
F8
00
00
ENDCHAR
STARTCHAR uni01BC
ENCODING 444
SWIDTH 480 0
DWIDTH 6 0
BBX 6 13 0 -2
BITMAP
00
00
F8
88
80
B0
C8
08
08
88
70
00
00
ENDCHAR
STARTCHAR uni01BD
ENCODING 445
SWIDTH 480 0
DWIDTH 6 0
BBX 6 13 0 -2
BITMAP
00
00
78
48
40
50
68
08
08
48
30
00
00
ENDCHAR
STARTCHAR uni01BE
ENCODING 446
SWIDTH 480 0
DWIDTH 6 0
BBX 6 13 0 -2
BITMAP
00
00
00
00
20
20
70
20
10
50
20
00
00
ENDCHAR
STARTCHAR uni01BF
ENCODING 447
SWIDTH 480 0
DWIDTH 6 0
BBX 6 13 0 -2
BITMAP
00
00
00
00
00
50
68
48
48
50
60
40
C0
ENDCHAR
STARTCHAR uni01C0
ENCODING 448
SWIDTH 480 0
DWIDTH 6 0
BBX 6 13 0 -2
BITMAP
00
00
20
20
20
20
20
20
20
20
20
20
20
ENDCHAR
STARTCHAR uni01C1
ENCODING 449
SWIDTH 480 0
DWIDTH 6 0
BBX 6 13 0 -2
BITMAP
00
00
50
50
50
50
50
50
50
50
50
50
50
ENDCHAR
STARTCHAR uni01C2
ENCODING 450
SWIDTH 480 0
DWIDTH 6 0
BBX 6 13 0 -2
BITMAP
00
00
00
00
20
20
F8
20
F8
20
20
00
00
ENDCHAR
STARTCHAR uni01C3
ENCODING 451
SWIDTH 480 0
DWIDTH 6 0
BBX 6 13 0 -2
BITMAP
00
00
20
20
20
20
20
20
20
00
20
00
00
ENDCHAR
STARTCHAR uni01C4
ENCODING 452
SWIDTH 480 0
DWIDTH 6 0
BBX 6 13 0 -2
BITMAP
00
28
10
00
D8
A8
A8
B0
B0
B0
D8
00
00
ENDCHAR
STARTCHAR uni01C5
ENCODING 453
SWIDTH 480 0
DWIDTH 6 0
BBX 6 13 0 -2
BITMAP
00
00
28
10
C0
A0
B8
A8
A8
B0
D8
00
00
ENDCHAR
STARTCHAR uni01C6
ENCODING 454
SWIDTH 480 0
DWIDTH 6 0
BBX 6 13 0 -2
BITMAP
00
28
10
00
20
20
78
A8
A8
B0
78
00
00
ENDCHAR
STARTCHAR uni01C7
ENCODING 455
SWIDTH 480 0
DWIDTH 6 0
BBX 6 13 0 -2
BITMAP
00
00
88
88
88
88
88
88
88
A8
F0
00
00
ENDCHAR
STARTCHAR uni01C8
ENCODING 456
SWIDTH 480 0
DWIDTH 6 0
BBX 6 13 0 -2
BITMAP
00
00
80
88
80
98
88
88
88
88
F8
28
10
ENDCHAR
STARTCHAR uni01C9
ENCODING 457
SWIDTH 480 0
DWIDTH 6 0
BBX 6 13 0 -2
BITMAP
00
00
C0
48
40
58
48
48
48
48
E8
28
10
ENDCHAR
STARTCHAR uni01CA
ENCODING 458
SWIDTH 480 0
DWIDTH 6 0
BBX 6 13 0 -2
BITMAP
00
00
B8
A8
E8
E8
E8
E8
E8
B8
B8
00
00
ENDCHAR
STARTCHAR uni01CB
ENCODING 459
SWIDTH 480 0
DWIDTH 6 0
BBX 6 13 0 -2
BITMAP
00
00
A0
A8
E0
F8
E8
E8
E8
A8
A8
28
10
ENDCHAR
STARTCHAR uni01CC
ENCODING 460
SWIDTH 480 0
DWIDTH 6 0
BBX 6 13 0 -2
BITMAP
00
00
00
08
00
C8
A8
A8
A8
A8
A8
28
10
ENDCHAR
STARTCHAR uni01CD
ENCODING 461
SWIDTH 480 0
DWIDTH 6 0
BBX 6 13 0 -2
BITMAP
00
48
30
00
20
50
88
88
F8
88
88
00
00
ENDCHAR
STARTCHAR uni01CE
ENCODING 462
SWIDTH 480 0
DWIDTH 6 0
BBX 6 13 0 -2
BITMAP
00
00
48
30
00
70
08
78
88
98
68
00
00
ENDCHAR
STARTCHAR uni01CF
ENCODING 463
SWIDTH 480 0
DWIDTH 6 0
BBX 6 13 0 -2
BITMAP
00
48
30
00
70
20
20
20
20
20
70
00
00
ENDCHAR
STARTCHAR uni01D0
ENCODING 464
SWIDTH 480 0
DWIDTH 6 0
BBX 6 13 0 -2
BITMAP
00
00
90
60
00
60
20
20
20
20
70
00
00
ENDCHAR
STARTCHAR uni01D1
ENCODING 465
SWIDTH 480 0
DWIDTH 6 0
BBX 6 13 0 -2
BITMAP
00
48
30
00
70
88
88
88
88
88
70
00
00
ENDCHAR
STARTCHAR uni01D2
ENCODING 466
SWIDTH 480 0
DWIDTH 6 0
BBX 6 13 0 -2
BITMAP
00
00
48
30
00
70
88
88
88
88
70
00
00
ENDCHAR
STARTCHAR uni01D3
ENCODING 467
SWIDTH 480 0
DWIDTH 6 0
BBX 6 13 0 -2
BITMAP
00
48
30
00
88
88
88
88
88
88
70
00
00
ENDCHAR
STARTCHAR uni01D4
ENCODING 468
SWIDTH 480 0
DWIDTH 6 0
BBX 6 13 0 -2
BITMAP
00
00
48
30
00
88
88
88
88
98
68
00
00
ENDCHAR
STARTCHAR uni01D5
ENCODING 469
SWIDTH 480 0
DWIDTH 6 0
BBX 6 13 0 -2
BITMAP
00
F8
00
50
00
88
88
88
88
88
70
00
00
ENDCHAR
STARTCHAR uni01D6
ENCODING 470
SWIDTH 480 0
DWIDTH 6 0
BBX 6 13 0 -2
BITMAP
00
F8
00
50
50
00
88
88
88
98
68
00
00
ENDCHAR
STARTCHAR uni01D7
ENCODING 471
SWIDTH 480 0
DWIDTH 6 0
BBX 6 13 0 -2
BITMAP
10
20
00
50
00
88
88
88
88
88
70
00
00
ENDCHAR
STARTCHAR uni01D8
ENCODING 472
SWIDTH 480 0
DWIDTH 6 0
BBX 6 13 0 -2
BITMAP
10
20
00
50
50
00
88
88
88
98
68
00
00
ENDCHAR
STARTCHAR uni01D9
ENCODING 473
SWIDTH 480 0
DWIDTH 6 0
BBX 6 13 0 -2
BITMAP
48
30
00
50
00
88
88
88
88
88
70
00
00
ENDCHAR
STARTCHAR uni01DA
ENCODING 474
SWIDTH 480 0
DWIDTH 6 0
BBX 6 13 0 -2
BITMAP
48
30
00
50
50
00
88
88
88
98
68
00
00
ENDCHAR
STARTCHAR uni01DB
ENCODING 475
SWIDTH 480 0
DWIDTH 6 0
BBX 6 13 0 -2
BITMAP
40
20
00
50
00
88
88
88
88
88
70
00
00
ENDCHAR
STARTCHAR uni01DC
ENCODING 476
SWIDTH 480 0
DWIDTH 6 0
BBX 6 13 0 -2
BITMAP
40
20
00
50
50
00
88
88
88
98
68
00
00
ENDCHAR
STARTCHAR uni01DD
ENCODING 477
SWIDTH 480 0
DWIDTH 6 0
BBX 6 13 0 -2
BITMAP
00
00
00
00
00
70
88
08
F8
88
70
00
00
ENDCHAR
STARTCHAR uni01DE
ENCODING 478
SWIDTH 480 0
DWIDTH 6 0
BBX 6 13 0 -2
BITMAP
F8
00
50
00
20
50
88
88
F8
88
88
00
00
ENDCHAR
STARTCHAR uni01DF
ENCODING 479
SWIDTH 480 0
DWIDTH 6 0
BBX 6 13 0 -2
BITMAP
F8
00
50
50
00
70
08
78
88
98
68
00
00
ENDCHAR
STARTCHAR uni01E0
ENCODING 480
SWIDTH 480 0
DWIDTH 6 0
BBX 6 13 0 -2
BITMAP
F8
00
20
00
20
50
88
88
F8
88
88
00
00
ENDCHAR
STARTCHAR uni01E1
ENCODING 481
SWIDTH 480 0
DWIDTH 6 0
BBX 6 13 0 -2
BITMAP
F8
00
20
20
00
70
08
78
88
98
68
00
00
ENDCHAR
STARTCHAR uni01E2
ENCODING 482
SWIDTH 480 0
DWIDTH 6 0
BBX 6 13 0 -2
BITMAP
00
00
F8
00
58
A0
A0
F0
A0
A0
B8
00
00
ENDCHAR
STARTCHAR uni01E3
ENCODING 483
SWIDTH 480 0
DWIDTH 6 0
BBX 6 13 0 -2
BITMAP
00
00
00
F8
00
70
28
70
A0
A8
50
00
00
ENDCHAR
STARTCHAR uni01E4
ENCODING 484
SWIDTH 480 0
DWIDTH 6 0
BBX 6 13 0 -2
BITMAP
00
00
60
90
80
80
80
B0
B8
90
60
00
00
ENDCHAR
STARTCHAR uni01E5
ENCODING 485
SWIDTH 480 0
DWIDTH 6 0
BBX 6 13 0 -2
BITMAP
00
00
00
00
00
60
90
90
90
70
10
F8
60
ENDCHAR
STARTCHAR Gcaron
ENCODING 486
SWIDTH 480 0
DWIDTH 6 0
BBX 6 13 0 -2
BITMAP
00
48
30
00
70
88
80
98
88
88
70
00
00
ENDCHAR
STARTCHAR gcaron
ENCODING 487
SWIDTH 480 0
DWIDTH 6 0
BBX 6 13 0 -2
BITMAP
00
48
30
00
00
70
88
88
88
78
08
88
70
ENDCHAR
STARTCHAR uni01E8
ENCODING 488
SWIDTH 480 0
DWIDTH 6 0
BBX 6 13 0 -2
BITMAP
00
48
30
00
88
90
A0
C0
A0
90
88
00
00
ENDCHAR
STARTCHAR uni01E9
ENCODING 489
SWIDTH 480 0
DWIDTH 6 0
BBX 6 13 0 -2
BITMAP
00
48
30
00
80
80
90
A0
C0
A0
90
00
00
ENDCHAR
STARTCHAR uni01EA
ENCODING 490
SWIDTH 480 0
DWIDTH 6 0
BBX 6 13 0 -2
BITMAP
00
00
70
88
88
88
88
88
88
88
70
20
10
ENDCHAR
STARTCHAR uni01EB
ENCODING 491
SWIDTH 480 0
DWIDTH 6 0
BBX 6 13 0 -2
BITMAP
00
00
00
00
00
70
88
88
88
88
70
20
10
ENDCHAR
STARTCHAR uni01EC
ENCODING 492
SWIDTH 480 0
DWIDTH 6 0
BBX 6 13 0 -2
BITMAP
00
00
F8
00
70
88
88
88
88
88
70
20
10
ENDCHAR
STARTCHAR uni01ED
ENCODING 493
SWIDTH 480 0
DWIDTH 6 0
BBX 6 13 0 -2
BITMAP
00
00
00
F8
00
70
88
88
88
88
70
20
10
ENDCHAR
STARTCHAR uni01EE
ENCODING 494
SWIDTH 480 0
DWIDTH 6 0
BBX 6 13 0 -2
BITMAP
00
48
30
00
F8
10
20
70
08
88
70
00
00
ENDCHAR
STARTCHAR uni01EF
ENCODING 495
SWIDTH 480 0
DWIDTH 6 0
BBX 6 13 0 -2
BITMAP
00
00
48
30
00
F8
10
20
70
08
08
88
70
ENDCHAR
STARTCHAR uni01F0
ENCODING 496
SWIDTH 480 0
DWIDTH 6 0
BBX 6 13 0 -2
BITMAP
00
00
48
30
00
30
10
10
10
10
90
90
60
ENDCHAR
STARTCHAR uni01F1
ENCODING 497
SWIDTH 480 0
DWIDTH 6 0
BBX 6 13 0 -2
BITMAP
00
00
D8
A8
A8
A8
A8
B0
B0
B0
D8
00
00
ENDCHAR
STARTCHAR uni01F2
ENCODING 498
SWIDTH 480 0
DWIDTH 6 0
BBX 6 13 0 -2
BITMAP
00
00
C0
A0
A0
B8
A8
A8
B0
B0
D8
00
00
ENDCHAR
STARTCHAR uni01F3
ENCODING 499
SWIDTH 480 0
DWIDTH 6 0
BBX 6 13 0 -2
BITMAP
00
00
20
20
20
78
A8
A8
B0
B0
78
00
00
ENDCHAR
STARTCHAR uni01F4
ENCODING 500
SWIDTH 480 0
DWIDTH 6 0
BBX 6 13 0 -2
BITMAP
00
10
20
00
70
88
80
98
88
88
70
00
00
ENDCHAR
STARTCHAR uni01F5
ENCODING 501
SWIDTH 480 0
DWIDTH 6 0
BBX 6 13 0 -2
BITMAP
00
00
10
20
00
70
88
88
88
78
08
88
70
ENDCHAR
STARTCHAR uni01F6
ENCODING 502
SWIDTH 480 0
DWIDTH 6 0
BBX 6 13 0 -2
BITMAP
00
00
A0
A0
A0
A8
E8
A8
A8
A8
90
00
00
ENDCHAR
STARTCHAR uni01F7
ENCODING 503
SWIDTH 480 0
DWIDTH 6 0
BBX 6 13 0 -2
BITMAP
00
00
B0
C8
88
88
90
A0
C0
80
80
80
00
ENDCHAR
STARTCHAR uni01F8
ENCODING 504
SWIDTH 480 0
DWIDTH 6 0
BBX 6 13 0 -2
BITMAP
00
40
20
00
88
C8
C8
A8
98
98
88
00
00
ENDCHAR
STARTCHAR uni01F9
ENCODING 505
SWIDTH 480 0
DWIDTH 6 0
BBX 6 13 0 -2
BITMAP
00
00
40
20
00
B0
C8
88
88
88
88
00
00
ENDCHAR
STARTCHAR Aringacute
ENCODING 506
SWIDTH 480 0
DWIDTH 6 0
BBX 6 13 0 -2
BITMAP
10
20
00
20
50
20
20
50
88
F8
88
00
00
ENDCHAR
STARTCHAR aringacute
ENCODING 507
SWIDTH 480 0
DWIDTH 6 0
BBX 6 13 0 -2
BITMAP
10
20
30
48
30
70
08
78
88
98
68
00
00
ENDCHAR
STARTCHAR AEacute
ENCODING 508
SWIDTH 480 0
DWIDTH 6 0
BBX 6 13 0 -2
BITMAP
00
10
20
00
58
A0
A0
F0
A0
A0
B8
00
00
ENDCHAR
STARTCHAR aeacute
ENCODING 509
SWIDTH 480 0
DWIDTH 6 0
BBX 6 13 0 -2
BITMAP
00
00
10
20
00
70
28
70
A0
A8
50
00
00
ENDCHAR
STARTCHAR Oslashacute
ENCODING 510
SWIDTH 480 0
DWIDTH 6 0
BBX 6 13 0 -2
BITMAP
00
10
20
08
70
98
98
A8
C8
C8
70
80
00
ENDCHAR
STARTCHAR oslashacute
ENCODING 511
SWIDTH 480 0
DWIDTH 6 0
BBX 6 13 0 -2
BITMAP
00
00
10
20
08
70
98
A8
A8
C8
70
80
00
ENDCHAR
STARTCHAR uni0200
ENCODING 512
SWIDTH 480 0
DWIDTH 6 0
BBX 6 13 0 -2
BITMAP
00
90
48
00
20
50
88
88
F8
88
88
00
00
ENDCHAR
STARTCHAR uni0201
ENCODING 513
SWIDTH 480 0
DWIDTH 6 0
BBX 6 13 0 -2
BITMAP
00
00
90
48
00
70
08
78
88
98
68
00
00
ENDCHAR
STARTCHAR uni0202
ENCODING 514
SWIDTH 480 0
DWIDTH 6 0
BBX 6 13 0 -2
BITMAP
00
70
88
00
20
50
88
88
F8
88
88
00
00
ENDCHAR
STARTCHAR uni0203
ENCODING 515
SWIDTH 480 0
DWIDTH 6 0
BBX 6 13 0 -2
BITMAP
00
00
70
88
00
70
08
78
88
98
68
00
00
ENDCHAR
STARTCHAR uni0204
ENCODING 516
SWIDTH 480 0
DWIDTH 6 0
BBX 6 13 0 -2
BITMAP
00
90
48
00
F8
80
80
F0
80
80
F8
00
00
ENDCHAR
STARTCHAR uni0205
ENCODING 517
SWIDTH 480 0
DWIDTH 6 0
BBX 6 13 0 -2
BITMAP
00
00
90
48
00
70
88
F8
80
88
70
00
00
ENDCHAR
STARTCHAR uni0206
ENCODING 518
SWIDTH 480 0
DWIDTH 6 0
BBX 6 13 0 -2
BITMAP
00
70
88
00
F8
80
80
F0
80
80
F8
00
00
ENDCHAR
STARTCHAR uni0207
ENCODING 519
SWIDTH 480 0
DWIDTH 6 0
BBX 6 13 0 -2
BITMAP
00
00
70
88
00
70
88
F8
80
88
70
00
00
ENDCHAR
STARTCHAR uni0208
ENCODING 520
SWIDTH 480 0
DWIDTH 6 0
BBX 6 13 0 -2
BITMAP
00
90
48
00
70
20
20
20
20
20
70
00
00
ENDCHAR
STARTCHAR uni0209
ENCODING 521
SWIDTH 480 0
DWIDTH 6 0
BBX 6 13 0 -2
BITMAP
00
00
90
48
00
60
20
20
20
20
70
00
00
ENDCHAR
STARTCHAR uni020A
ENCODING 522
SWIDTH 480 0
DWIDTH 6 0
BBX 6 13 0 -2
BITMAP
00
70
88
00
70
20
20
20
20
20
70
00
00
ENDCHAR
STARTCHAR uni020B
ENCODING 523
SWIDTH 480 0
DWIDTH 6 0
BBX 6 13 0 -2
BITMAP
00
00
70
88
00
60
20
20
20
20
70
00
00
ENDCHAR
STARTCHAR uni020C
ENCODING 524
SWIDTH 480 0
DWIDTH 6 0
BBX 6 13 0 -2
BITMAP
00
90
48
00
70
88
88
88
88
88
70
00
00
ENDCHAR
STARTCHAR uni020D
ENCODING 525
SWIDTH 480 0
DWIDTH 6 0
BBX 6 13 0 -2
BITMAP
00
00
90
48
00
70
88
88
88
88
70
00
00
ENDCHAR
STARTCHAR uni020E
ENCODING 526
SWIDTH 480 0
DWIDTH 6 0
BBX 6 13 0 -2
BITMAP
00
70
88
00
70
88
88
88
88
88
70
00
00
ENDCHAR
STARTCHAR uni020F
ENCODING 527
SWIDTH 480 0
DWIDTH 6 0
BBX 6 13 0 -2
BITMAP
00
00
70
88
00
70
88
88
88
88
70
00
00
ENDCHAR
STARTCHAR uni0210
ENCODING 528
SWIDTH 480 0
DWIDTH 6 0
BBX 6 13 0 -2
BITMAP
00
90
48
00
F0
88
88
F0
90
88
88
00
00
ENDCHAR
STARTCHAR uni0211
ENCODING 529
SWIDTH 480 0
DWIDTH 6 0
BBX 6 13 0 -2
BITMAP
00
00
90
48
00
B0
C8
80
80
80
80
00
00
ENDCHAR
STARTCHAR uni0212
ENCODING 530
SWIDTH 480 0
DWIDTH 6 0
BBX 6 13 0 -2
BITMAP
00
70
88
00
F0
88
88
F0
90
88
88
00
00
ENDCHAR
STARTCHAR uni0213
ENCODING 531
SWIDTH 480 0
DWIDTH 6 0
BBX 6 13 0 -2
BITMAP
00
00
70
88
00
B0
C8
80
80
80
80
00
00
ENDCHAR
STARTCHAR uni0214
ENCODING 532
SWIDTH 480 0
DWIDTH 6 0
BBX 6 13 0 -2
BITMAP
00
90
48
00
88
88
88
88
88
88
70
00
00
ENDCHAR
STARTCHAR uni0215
ENCODING 533
SWIDTH 480 0
DWIDTH 6 0
BBX 6 13 0 -2
BITMAP
00
00
90
48
00
88
88
88
88
98
68
00
00
ENDCHAR
STARTCHAR uni0216
ENCODING 534
SWIDTH 480 0
DWIDTH 6 0
BBX 6 13 0 -2
BITMAP
00
70
88
00
88
88
88
88
88
88
70
00
00
ENDCHAR
STARTCHAR uni0217
ENCODING 535
SWIDTH 480 0
DWIDTH 6 0
BBX 6 13 0 -2
BITMAP
00
00
70
88
00
88
88
88
88
98
68
00
00
ENDCHAR
STARTCHAR Scommaaccent
ENCODING 536
SWIDTH 480 0
DWIDTH 6 0
BBX 6 13 0 -2
BITMAP
00
00
70
88
80
80
70
08
08
88
70
20
40
ENDCHAR
STARTCHAR scommaaccent
ENCODING 537
SWIDTH 480 0
DWIDTH 6 0
BBX 6 13 0 -2
BITMAP
00
00
00
00
00
70
88
60
10
88
70
20
40
ENDCHAR
STARTCHAR Tcommaaccent
ENCODING 538
SWIDTH 480 0
DWIDTH 6 0
BBX 6 13 0 -2
BITMAP
00
00
F8
20
20
20
20
20
20
20
20
10
20
ENDCHAR
STARTCHAR tcommaaccent
ENCODING 539
SWIDTH 480 0
DWIDTH 6 0
BBX 6 13 0 -2
BITMAP
00
00
00
40
40
F0
40
40
40
48
30
10
20
ENDCHAR
STARTCHAR uni021C
ENCODING 540
SWIDTH 480 0
DWIDTH 6 0
BBX 6 13 0 -2
BITMAP
00
00
F0
88
08
10
30
48
08
10
E0
00
00
ENDCHAR
STARTCHAR uni021D
ENCODING 541
SWIDTH 480 0
DWIDTH 6 0
BBX 6 13 0 -2
BITMAP
00
00
00
00
00
F0
88
10
30
48
08
10
E0
ENDCHAR
STARTCHAR uni021E
ENCODING 542
SWIDTH 480 0
DWIDTH 6 0
BBX 6 13 0 -2
BITMAP
00
48
30
00
88
88
88
F8
88
88
88
00
00
ENDCHAR
STARTCHAR uni021F
ENCODING 543
SWIDTH 480 0
DWIDTH 6 0
BBX 6 13 0 -2
BITMAP
00
48
30
00
80
80
B0
C8
88
88
88
00
00
ENDCHAR
STARTCHAR uni0220
ENCODING 544
SWIDTH 480 0
DWIDTH 6 0
BBX 6 13 0 -2
BITMAP
00
00
B0
C8
88
88
88
88
88
88
88
08
08
ENDCHAR
STARTCHAR uni0222
ENCODING 546
SWIDTH 480 0
DWIDTH 6 0
BBX 6 13 0 -2
BITMAP
00
00
10
48
88
88
70
88
88
88
70
00
00
ENDCHAR
STARTCHAR uni0223
ENCODING 547
SWIDTH 480 0
DWIDTH 6 0
BBX 6 13 0 -2
BITMAP
00
00
00
00
50
88
88
70
88
88
70
00
00
ENDCHAR
STARTCHAR uni0224
ENCODING 548
SWIDTH 480 0
DWIDTH 6 0
BBX 6 13 0 -2
BITMAP
00
00
F8
08
10
10
20
40
40
80
F8
08
10
ENDCHAR
STARTCHAR uni0225
ENCODING 549
SWIDTH 480 0
DWIDTH 6 0
BBX 6 13 0 -2
BITMAP
00
00
00
00
00
F8
10
20
40
80
F8
08
10
ENDCHAR
STARTCHAR uni0226
ENCODING 550
SWIDTH 480 0
DWIDTH 6 0
BBX 6 13 0 -2
BITMAP
00
00
20
00
20
50
88
88
F8
88
88
00
00
ENDCHAR
STARTCHAR uni0227
ENCODING 551
SWIDTH 480 0
DWIDTH 6 0
BBX 6 13 0 -2
BITMAP
00
00
00
20
00
70
08
78
88
98
68
00
00
ENDCHAR
STARTCHAR uni0228
ENCODING 552
SWIDTH 480 0
DWIDTH 6 0
BBX 6 13 0 -2
BITMAP
00
00
F8
80
80
80
F0
80
80
80
F8
10
60
ENDCHAR
STARTCHAR uni0229
ENCODING 553
SWIDTH 480 0
DWIDTH 6 0
BBX 6 13 0 -2
BITMAP
00
00
00
00
00
70
88
F8
80
88
70
10
60
ENDCHAR
STARTCHAR uni022A
ENCODING 554
SWIDTH 480 0
DWIDTH 6 0
BBX 6 13 0 -2
BITMAP
70
00
50
00
70
88
88
88
88
88
70
00
00
ENDCHAR
STARTCHAR uni022B
ENCODING 555
SWIDTH 480 0
DWIDTH 6 0
BBX 6 13 0 -2
BITMAP
00
70
00
50
00
70
88
88
88
88
70
00
00
ENDCHAR
STARTCHAR uni022C
ENCODING 556
SWIDTH 480 0
DWIDTH 6 0
BBX 6 13 0 -2
BITMAP
78
00
28
50
70
88
88
88
88
88
70
00
00
ENDCHAR
STARTCHAR uni022D
ENCODING 557
SWIDTH 480 0
DWIDTH 6 0
BBX 6 13 0 -2
BITMAP
78
00
28
50
00
70
88
88
88
88
70
00
00
ENDCHAR
STARTCHAR uni022E
ENCODING 558
SWIDTH 480 0
DWIDTH 6 0
BBX 6 13 0 -2
BITMAP
00
00
20
00
70
88
88
88
88
88
70
00
00
ENDCHAR
STARTCHAR uni022F
ENCODING 559
SWIDTH 480 0
DWIDTH 6 0
BBX 6 13 0 -2
BITMAP
00
00
00
20
00
70
88
88
88
88
70
00
00
ENDCHAR
STARTCHAR uni0230
ENCODING 560
SWIDTH 480 0
DWIDTH 6 0
BBX 6 13 0 -2
BITMAP
70
00
20
00
70
88
88
88
88
88
70
00
00
ENDCHAR
STARTCHAR uni0231
ENCODING 561
SWIDTH 480 0
DWIDTH 6 0
BBX 6 13 0 -2
BITMAP
00
70
00
20
00
70
88
88
88
88
70
00
00
ENDCHAR
STARTCHAR uni0232
ENCODING 562
SWIDTH 480 0
DWIDTH 6 0
BBX 6 13 0 -2
BITMAP
00
70
00
88
88
50
50
20
20
20
20
00
00
ENDCHAR
STARTCHAR uni0233
ENCODING 563
SWIDTH 480 0
DWIDTH 6 0
BBX 6 13 0 -2
BITMAP
00
00
00
70
00
88
88
88
98
68
08
88
70
ENDCHAR
STARTCHAR uni2000
ENCODING 8192
SWIDTH 480 0
DWIDTH 6 0
BBX 6 13 0 -2
BITMAP
00
00
00
00
00
00
00
00
00
00
00
00
00
ENDCHAR
STARTCHAR uni2001
ENCODING 8193
SWIDTH 480 0
DWIDTH 6 0
BBX 6 13 0 -2
BITMAP
00
00
00
00
00
00
00
00
00
00
00
00
00
ENDCHAR
STARTCHAR uni2002
ENCODING 8194
SWIDTH 480 0
DWIDTH 6 0
BBX 6 13 0 -2
BITMAP
00
00
00
00
00
00
00
00
00
00
00
00
00
ENDCHAR
STARTCHAR uni2003
ENCODING 8195
SWIDTH 480 0
DWIDTH 6 0
BBX 6 13 0 -2
BITMAP
00
00
00
00
00
00
00
00
00
00
00
00
00
ENDCHAR
STARTCHAR uni2004
ENCODING 8196
SWIDTH 480 0
DWIDTH 6 0
BBX 6 13 0 -2
BITMAP
00
00
00
00
00
00
00
00
00
00
00
00
00
ENDCHAR
STARTCHAR uni2005
ENCODING 8197
SWIDTH 480 0
DWIDTH 6 0
BBX 6 13 0 -2
BITMAP
00
00
00
00
00
00
00
00
00
00
00
00
00
ENDCHAR
STARTCHAR uni2006
ENCODING 8198
SWIDTH 480 0
DWIDTH 6 0
BBX 6 13 0 -2
BITMAP
00
00
00
00
00
00
00
00
00
00
00
00
00
ENDCHAR
STARTCHAR uni2007
ENCODING 8199
SWIDTH 480 0
DWIDTH 6 0
BBX 6 13 0 -2
BITMAP
00
00
00
00
00
00
00
00
00
00
00
00
00
ENDCHAR
STARTCHAR uni2008
ENCODING 8200
SWIDTH 480 0
DWIDTH 6 0
BBX 6 13 0 -2
BITMAP
00
00
00
00
00
00
00
00
00
00
00
00
00
ENDCHAR
STARTCHAR uni2009
ENCODING 8201
SWIDTH 480 0
DWIDTH 6 0
BBX 6 13 0 -2
BITMAP
00
00
00
00
00
00
00
00
00
00
00
00
00
ENDCHAR
STARTCHAR uni200A
ENCODING 8202
SWIDTH 480 0
DWIDTH 6 0
BBX 6 13 0 -2
BITMAP
00
00
00
00
00
00
00
00
00
00
00
00
00
ENDCHAR
STARTCHAR uni200B
ENCODING 8203
SWIDTH 480 0
DWIDTH 6 0
BBX 6 13 0 -2
BITMAP
00
00
00
00
00
00
00
00
00
00
00
00
00
ENDCHAR
STARTCHAR afii61664
ENCODING 8204
SWIDTH 480 0
DWIDTH 6 0
BBX 6 13 0 -2
BITMAP
00
00
00
00
00
00
00
00
00
00
00
00
00
ENDCHAR
STARTCHAR afii301
ENCODING 8205
SWIDTH 480 0
DWIDTH 6 0
BBX 6 13 0 -2
BITMAP
00
00
00
00
00
00
00
00
00
00
00
00
00
ENDCHAR
STARTCHAR afii299
ENCODING 8206
SWIDTH 480 0
DWIDTH 6 0
BBX 6 13 0 -2
BITMAP
00
00
00
00
00
00
00
00
00
00
00
00
00
ENDCHAR
STARTCHAR afii300
ENCODING 8207
SWIDTH 480 0
DWIDTH 6 0
BBX 6 13 0 -2
BITMAP
00
00
00
00
00
00
00
00
00
00
00
00
00
ENDCHAR
STARTCHAR uni2010
ENCODING 8208
SWIDTH 480 0
DWIDTH 6 0
BBX 6 13 0 -2
BITMAP
00
00
00
00
00
00
70
00
00
00
00
00
00
ENDCHAR
STARTCHAR uni2011
ENCODING 8209
SWIDTH 480 0
DWIDTH 6 0
BBX 6 13 0 -2
BITMAP
00
00
00
00
00
00
70
00
00
00
00
00
00
ENDCHAR
STARTCHAR figuredash
ENCODING 8210
SWIDTH 480 0
DWIDTH 6 0
BBX 6 13 0 -2
BITMAP
00
00
00
00
00
00
F8
00
00
00
00
00
00
ENDCHAR
STARTCHAR endash
ENCODING 8211
SWIDTH 480 0
DWIDTH 6 0
BBX 6 13 0 -2
BITMAP
00
00
00
00
00
00
F8
00
00
00
00
00
00
ENDCHAR
STARTCHAR emdash
ENCODING 8212
SWIDTH 480 0
DWIDTH 6 0
BBX 6 13 0 -2
BITMAP
00
00
00
00
00
00
FC
00
00
00
00
00
00
ENDCHAR
STARTCHAR afii00208
ENCODING 8213
SWIDTH 480 0
DWIDTH 6 0
BBX 6 13 0 -2
BITMAP
00
00
00
00
00
00
FC
00
00
00
00
00
00
ENDCHAR
STARTCHAR uni2016
ENCODING 8214
SWIDTH 480 0
DWIDTH 6 0
BBX 6 13 0 -2
BITMAP
00
00
50
50
50
50
50
50
50
50
50
00
00
ENDCHAR
STARTCHAR underscoredbl
ENCODING 8215
SWIDTH 480 0
DWIDTH 6 0
BBX 6 13 0 -2
BITMAP
00
00
00
00
00
00
00
00
00
00
F8
00
F8
ENDCHAR
STARTCHAR quoteleft
ENCODING 8216
SWIDTH 480 0
DWIDTH 6 0
BBX 6 13 0 -2
BITMAP
00
00
10
20
30
00
00
00
00
00
00
00
00
ENDCHAR
STARTCHAR quoteright
ENCODING 8217
SWIDTH 480 0
DWIDTH 6 0
BBX 6 13 0 -2
BITMAP
00
00
30
10
20
00
00
00
00
00
00
00
00
ENDCHAR
STARTCHAR quotesinglbase
ENCODING 8218
SWIDTH 480 0
DWIDTH 6 0
BBX 6 13 0 -2
BITMAP
00
00
00
00
00
00
00
00
00
30
10
20
00
ENDCHAR
STARTCHAR quotereversed
ENCODING 8219
SWIDTH 480 0
DWIDTH 6 0
BBX 6 13 0 -2
BITMAP
00
00
30
20
10
00
00
00
00
00
00
00
00
ENDCHAR
STARTCHAR quotedblleft
ENCODING 8220
SWIDTH 480 0
DWIDTH 6 0
BBX 6 13 0 -2
BITMAP
00
00
48
90
D8
00
00
00
00
00
00
00
00
ENDCHAR
STARTCHAR quotedblright
ENCODING 8221
SWIDTH 480 0
DWIDTH 6 0
BBX 6 13 0 -2
BITMAP
00
00
D8
48
90
00
00
00
00
00
00
00
00
ENDCHAR
STARTCHAR quotedblbase
ENCODING 8222
SWIDTH 480 0
DWIDTH 6 0
BBX 6 13 0 -2
BITMAP
00
00
00
00
00
00
00
00
00
D8
48
90
00
ENDCHAR
STARTCHAR uni201F
ENCODING 8223
SWIDTH 480 0
DWIDTH 6 0
BBX 6 13 0 -2
BITMAP
00
00
D8
90
48
00
00
00
00
00
00
00
00
ENDCHAR
STARTCHAR dagger
ENCODING 8224
SWIDTH 480 0
DWIDTH 6 0
BBX 6 13 0 -2
BITMAP
00
00
20
20
F8
20
20
20
20
20
20
00
00
ENDCHAR
STARTCHAR daggerdbl
ENCODING 8225
SWIDTH 480 0
DWIDTH 6 0
BBX 6 13 0 -2
BITMAP
00
00
20
20
F8
20
20
F8
20
20
20
00
00
ENDCHAR
STARTCHAR bullet
ENCODING 8226
SWIDTH 480 0
DWIDTH 6 0
BBX 6 13 0 -2
BITMAP
00
00
00
00
70
F8
F8
F8
70
00
00
00
00
ENDCHAR
STARTCHAR uni2023
ENCODING 8227
SWIDTH 480 0
DWIDTH 6 0
BBX 6 13 0 -2
BITMAP
00
00
00
40
60
70
78
70
60
40
00
00
00
ENDCHAR
STARTCHAR onedotenleader
ENCODING 8228
SWIDTH 480 0
DWIDTH 6 0
BBX 6 13 0 -2
BITMAP
00
00
00
00
00
00
00
00
00
00
20
00
00
ENDCHAR
STARTCHAR twodotenleader
ENCODING 8229
SWIDTH 480 0
DWIDTH 6 0
BBX 6 13 0 -2
BITMAP
00
00
00
00
00
00
00
00
00
00
50
00
00
ENDCHAR
STARTCHAR ellipsis
ENCODING 8230
SWIDTH 480 0
DWIDTH 6 0
BBX 6 13 0 -2
BITMAP
00
00
00
00
00
00
00
00
00
00
A8
00
00
ENDCHAR
STARTCHAR uni2027
ENCODING 8231
SWIDTH 480 0
DWIDTH 6 0
BBX 6 13 0 -2
BITMAP
00
00
00
00
00
00
00
30
00
00
00
00
00
ENDCHAR
STARTCHAR uni202F
ENCODING 8239
SWIDTH 480 0
DWIDTH 6 0
BBX 6 13 0 -2
BITMAP
00
00
00
00
00
00
00
00
00
00
00
00
00
ENDCHAR
STARTCHAR perthousand
ENCODING 8240
SWIDTH 480 0
DWIDTH 6 0
BBX 6 13 0 -2
BITMAP
00
00
48
A8
50
10
20
40
68
D4
A8
00
00
ENDCHAR
STARTCHAR uni2031
ENCODING 8241
SWIDTH 480 0
DWIDTH 6 0
BBX 6 13 0 -2
BITMAP
00
00
48
A8
50
10
28
54
68
D4
A8
00
00
ENDCHAR
STARTCHAR minute
ENCODING 8242
SWIDTH 480 0
DWIDTH 6 0
BBX 6 13 0 -2
BITMAP
00
00
20
20
40
00
00
00
00
00
00
00
00
ENDCHAR
STARTCHAR second
ENCODING 8243
SWIDTH 480 0
DWIDTH 6 0
BBX 6 13 0 -2
BITMAP
00
00
50
50
A0
00
00
00
00
00
00
00
00
ENDCHAR
STARTCHAR uni2034
ENCODING 8244
SWIDTH 480 0
DWIDTH 6 0
BBX 6 13 0 -2
BITMAP
00
00
54
54
A8
00
00
00
00
00
00
00
00
ENDCHAR
STARTCHAR uni2035
ENCODING 8245
SWIDTH 480 0
DWIDTH 6 0
BBX 6 13 0 -2
BITMAP
00
00
40
40
20
00
00
00
00
00
00
00
00
ENDCHAR
STARTCHAR uni2036
ENCODING 8246
SWIDTH 480 0
DWIDTH 6 0
BBX 6 13 0 -2
BITMAP
00
00
A0
A0
50
00
00
00
00
00
00
00
00
ENDCHAR
STARTCHAR uni2037
ENCODING 8247
SWIDTH 480 0
DWIDTH 6 0
BBX 6 13 0 -2
BITMAP
00
00
A8
A8
54
00
00
00
00
00
00
00
00
ENDCHAR
STARTCHAR uni2038
ENCODING 8248
SWIDTH 480 0
DWIDTH 6 0
BBX 6 13 0 -2
BITMAP
00
00
00
00
00
00
00
00
00
20
20
50
50
ENDCHAR
STARTCHAR guilsinglleft
ENCODING 8249
SWIDTH 480 0
DWIDTH 6 0
BBX 6 13 0 -2
BITMAP
00
00
00
00
10
20
40
40
20
10
00
00
00
ENDCHAR
STARTCHAR guilsinglright
ENCODING 8250
SWIDTH 480 0
DWIDTH 6 0
BBX 6 13 0 -2
BITMAP
00
00
00
00
40
20
10
10
20
40
00
00
00
ENDCHAR
STARTCHAR uni203B
ENCODING 8251
SWIDTH 480 0
DWIDTH 6 0
BBX 6 13 0 -2
BITMAP
00
00
A8
88
50
20
A8
20
50
88
A8
00
00
ENDCHAR
STARTCHAR exclamdbl
ENCODING 8252
SWIDTH 480 0
DWIDTH 6 0
BBX 6 13 0 -2
BITMAP
00
00
50
50
50
50
50
50
50
00
50
00
00
ENDCHAR
STARTCHAR uni203D
ENCODING 8253
SWIDTH 480 0
DWIDTH 6 0
BBX 6 13 0 -2
BITMAP
00
00
70
A8
28
28
30
20
20
00
20
00
00
ENDCHAR
STARTCHAR uni203E
ENCODING 8254
SWIDTH 480 0
DWIDTH 6 0
BBX 6 13 0 -2
BITMAP
00
FC
00
00
00
00
00
00
00
00
00
00
00
ENDCHAR
STARTCHAR uni203F
ENCODING 8255
SWIDTH 480 0
DWIDTH 6 0
BBX 6 13 0 -2
BITMAP
00
00
00
00
00
00
00
00
00
00
00
88
70
ENDCHAR
STARTCHAR uni2040
ENCODING 8256
SWIDTH 480 0
DWIDTH 6 0
BBX 6 13 0 -2
BITMAP
00
70
88
00
00
00
00
00
00
00
00
00
00
ENDCHAR
STARTCHAR uni2041
ENCODING 8257
SWIDTH 480 0
DWIDTH 6 0
BBX 6 13 0 -2
BITMAP
00
00
00
00
00
08
08
10
10
20
20
50
50
ENDCHAR
STARTCHAR uni2042
ENCODING 8258
SWIDTH 480 0
DWIDTH 6 0
BBX 6 13 0 -2
BITMAP
00
00
00
00
20
70
20
50
F8
50
00
00
00
ENDCHAR
STARTCHAR uni2043
ENCODING 8259
SWIDTH 480 0
DWIDTH 6 0
BBX 6 13 0 -2
BITMAP
00
00
00
00
00
00
70
70
00
00
00
00
00
ENDCHAR
STARTCHAR fraction
ENCODING 8260
SWIDTH 480 0
DWIDTH 6 0
BBX 6 13 0 -2
BITMAP
00
00
08
10
10
20
20
40
40
80
80
00
00
ENDCHAR
STARTCHAR uni2045
ENCODING 8261
SWIDTH 480 0
DWIDTH 6 0
BBX 6 13 0 -2
BITMAP
00
00
70
40
40
40
70
40
40
40
70
00
00
ENDCHAR
STARTCHAR uni2046
ENCODING 8262
SWIDTH 480 0
DWIDTH 6 0
BBX 6 13 0 -2
BITMAP
00
00
70
10
10
10
70
10
10
10
70
00
00
ENDCHAR
STARTCHAR uni2047
ENCODING 8263
SWIDTH 480 0
DWIDTH 6 0
BBX 6 13 0 -2
BITMAP
00
00
48
B4
B4
24
48
48
48
00
48
00
00
ENDCHAR
STARTCHAR uni2048
ENCODING 8264
SWIDTH 480 0
DWIDTH 6 0
BBX 6 13 0 -2
BITMAP
00
00
48
A8
A8
28
48
48
48
00
48
00
00
ENDCHAR
STARTCHAR uni2049
ENCODING 8265
SWIDTH 480 0
DWIDTH 6 0
BBX 6 13 0 -2
BITMAP
00
00
90
A8
A8
88
90
90
90
00
90
00
00
ENDCHAR
STARTCHAR uni204A
ENCODING 8266
SWIDTH 480 0
DWIDTH 6 0
BBX 6 13 0 -2
BITMAP
00
00
00
00
00
78
08
08
08
08
08
00
00
ENDCHAR
STARTCHAR uni204B
ENCODING 8267
SWIDTH 480 0
DWIDTH 6 0
BBX 6 13 0 -2
BITMAP
00
00
F0
B8
B8
B8
B8
B0
A0
A0
A0
00
00
ENDCHAR
STARTCHAR uni204C
ENCODING 8268
SWIDTH 480 0
DWIDTH 6 0
BBX 6 13 0 -2
BITMAP
00
00
00
00
78
E8
E8
E8
78
00
00
00
00
ENDCHAR
STARTCHAR uni204D
ENCODING 8269
SWIDTH 480 0
DWIDTH 6 0
BBX 6 13 0 -2
BITMAP
00
00
00
00
F0
B8
B8
B8
F0
00
00
00
00
ENDCHAR
STARTCHAR uni204E
ENCODING 8270
SWIDTH 480 0
DWIDTH 6 0
BBX 6 13 0 -2
BITMAP
00
00
00
00
00
00
20
A8
70
A8
20
00
00
ENDCHAR
STARTCHAR uni204F
ENCODING 8271
SWIDTH 480 0
DWIDTH 6 0
BBX 6 13 0 -2
BITMAP
00
00
00
00
20
70
20
00
00
60
20
10
00
ENDCHAR
STARTCHAR uni2050
ENCODING 8272
SWIDTH 480 0
DWIDTH 6 0
BBX 6 13 0 -2
BITMAP
00
00
00
70
88
00
00
00
88
70
00
00
00
ENDCHAR
STARTCHAR uni2051
ENCODING 8273
SWIDTH 480 0
DWIDTH 6 0
BBX 6 13 0 -2
BITMAP
00
00
20
A8
70
A8
20
A8
70
A8
20
00
00
ENDCHAR
STARTCHAR uni2052
ENCODING 8274
SWIDTH 480 0
DWIDTH 6 0
BBX 6 13 0 -2
BITMAP
00
00
C8
C8
10
10
20
40
40
98
98
00
00
ENDCHAR
STARTCHAR uni2057
ENCODING 8279
SWIDTH 480 0
DWIDTH 6 0
BBX 6 13 0 -2
BITMAP
00
00
7C
7C
F8
00
00
00
00
00
00
00
00
ENDCHAR
STARTCHAR uni205F
ENCODING 8287
SWIDTH 480 0
DWIDTH 6 0
BBX 6 13 0 -2
BITMAP
00
00
00
00
00
00
00
00
00
00
00
00
00
ENDCHAR
STARTCHAR uni2060
ENCODING 8288
SWIDTH 480 0
DWIDTH 6 0
BBX 6 13 0 -2
BITMAP
00
00
00
00
00
00
00
00
00
00
00
00
00
ENDCHAR
STARTCHAR uni2061
ENCODING 8289
SWIDTH 480 0
DWIDTH 6 0
BBX 6 13 0 -2
BITMAP
00
00
00
00
00
00
00
00
00
00
00
00
00
ENDCHAR
STARTCHAR uni2062
ENCODING 8290
SWIDTH 480 0
DWIDTH 6 0
BBX 6 13 0 -2
BITMAP
00
00
00
00
00
00
00
00
00
00
00
00
00
ENDCHAR
STARTCHAR uni2063
ENCODING 8291
SWIDTH 480 0
DWIDTH 6 0
BBX 6 13 0 -2
BITMAP
00
00
00
00
00
00
00
00
00
00
00
00
00
ENDCHAR
STARTCHAR Euro
ENCODING 8364
SWIDTH 480 0
DWIDTH 6 0
BBX 6 13 0 -2
BITMAP
00
00
38
40
40
F0
40
F0
40
40
38
00
00
ENDCHAR
STARTCHAR arrowleft
ENCODING 8592
SWIDTH 480 0
DWIDTH 6 0
BBX 6 13 0 -2
BITMAP
00
00
00
00
00
20
40
F8
40
20
00
00
00
ENDCHAR
STARTCHAR arrowup
ENCODING 8593
SWIDTH 480 0
DWIDTH 6 0
BBX 6 13 0 -2
BITMAP
00
00
20
70
A8
20
20
20
20
20
20
00
00
ENDCHAR
STARTCHAR arrowright
ENCODING 8594
SWIDTH 480 0
DWIDTH 6 0
BBX 6 13 0 -2
BITMAP
00
00
00
00
00
20
10
F8
10
20
00
00
00
ENDCHAR
STARTCHAR arrowdown
ENCODING 8595
SWIDTH 480 0
DWIDTH 6 0
BBX 6 13 0 -2
BITMAP
00
00
20
20
20
20
20
20
A8
70
20
00
00
ENDCHAR
STARTCHAR arrowboth
ENCODING 8596
SWIDTH 480 0
DWIDTH 6 0
BBX 6 13 0 -2
BITMAP
00
00
00
00
00
00
48
FC
48
00
00
00
00
ENDCHAR
STARTCHAR arrowupdn
ENCODING 8597
SWIDTH 480 0
DWIDTH 6 0
BBX 6 13 0 -2
BITMAP
00
00
20
70
A8
20
20
20
A8
70
20
00
00
ENDCHAR
STARTCHAR uni2196
ENCODING 8598
SWIDTH 480 0
DWIDTH 6 0
BBX 6 13 0 -2
BITMAP
00
00
C0
F0
E0
A0
20
10
10
08
08
00
00
ENDCHAR
STARTCHAR uni2197
ENCODING 8599
SWIDTH 480 0
DWIDTH 6 0
BBX 6 13 0 -2
BITMAP
00
00
18
78
38
28
20
40
40
80
80
00
00
ENDCHAR
STARTCHAR uni2198
ENCODING 8600
SWIDTH 480 0
DWIDTH 6 0
BBX 6 13 0 -2
BITMAP
00
00
80
80
40
40
20
28
38
78
18
00
00
ENDCHAR
STARTCHAR uni2199
ENCODING 8601
SWIDTH 480 0
DWIDTH 6 0
BBX 6 13 0 -2
BITMAP
00
00
08
08
10
10
20
A0
E0
F0
C0
00
00
ENDCHAR
STARTCHAR uni219A
ENCODING 8602
SWIDTH 480 0
DWIDTH 6 0
BBX 6 13 0 -2
BITMAP
00
00
00
00
00
28
48
FC
50
30
00
00
00
ENDCHAR
STARTCHAR uni219B
ENCODING 8603
SWIDTH 480 0
DWIDTH 6 0
BBX 6 13 0 -2
BITMAP
00
00
00
00
00
30
28
FC
48
50
00
00
00
ENDCHAR
STARTCHAR uni219C
ENCODING 8604
SWIDTH 480 0
DWIDTH 6 0
BBX 6 13 0 -2
BITMAP
00
00
00
00
00
C0
D8
64
00
00
00
00
00
ENDCHAR
STARTCHAR uni219D
ENCODING 8605
SWIDTH 480 0
DWIDTH 6 0
BBX 6 13 0 -2
BITMAP
00
00
00
00
00
0C
6C
98
00
00
00
00
00
ENDCHAR
STARTCHAR uni219E
ENCODING 8606
SWIDTH 480 0
DWIDTH 6 0
BBX 6 13 0 -2
BITMAP
00
00
00
00
00
28
50
FC
50
28
00
00
00
ENDCHAR
STARTCHAR uni219F
ENCODING 8607
SWIDTH 480 0
DWIDTH 6 0
BBX 6 13 0 -2
BITMAP
00
00
20
70
A8
70
A8
20
20
20
20
00
00
ENDCHAR
STARTCHAR uni21A0
ENCODING 8608
SWIDTH 480 0
DWIDTH 6 0
BBX 6 13 0 -2
BITMAP
00
00
00
00
00
50
28
FC
28
50
00
00
00
ENDCHAR
STARTCHAR uni21A1
ENCODING 8609
SWIDTH 480 0
DWIDTH 6 0
BBX 6 13 0 -2
BITMAP
00
00
20
20
20
20
A8
70
A8
70
20
00
00
ENDCHAR
STARTCHAR uni21A2
ENCODING 8610
SWIDTH 480 0
DWIDTH 6 0
BBX 6 13 0 -2
BITMAP
00
00
00
00
00
24
48
F0
48
24
00
00
00
ENDCHAR
STARTCHAR uni21A3
ENCODING 8611
SWIDTH 480 0
DWIDTH 6 0
BBX 6 13 0 -2
BITMAP
00
00
00
00
00
90
48
3C
48
90
00
00
00
ENDCHAR
STARTCHAR uni21A4
ENCODING 8612
SWIDTH 480 0
DWIDTH 6 0
BBX 6 13 0 -2
BITMAP
00
00
00
00
00
20
48
F8
48
20
00
00
00
ENDCHAR
STARTCHAR uni21A5
ENCODING 8613
SWIDTH 480 0
DWIDTH 6 0
BBX 6 13 0 -2
BITMAP
00
00
20
70
A8
20
20
20
20
20
F8
00
00
ENDCHAR
STARTCHAR uni21A6
ENCODING 8614
SWIDTH 480 0
DWIDTH 6 0
BBX 6 13 0 -2
BITMAP
00
00
00
00
00
20
90
F8
90
20
00
00
00
ENDCHAR
STARTCHAR uni21A7
ENCODING 8615
SWIDTH 480 0
DWIDTH 6 0
BBX 6 13 0 -2
BITMAP
00
00
F8
20
20
20
20
20
A8
70
20
00
00
ENDCHAR
STARTCHAR arrowupdnbse
ENCODING 8616
SWIDTH 480 0
DWIDTH 6 0
BBX 6 13 0 -2
BITMAP
00
00
20
70
A8
20
20
A8
70
20
F8
00
00
ENDCHAR
STARTCHAR uni21A9
ENCODING 8617
SWIDTH 480 0
DWIDTH 6 0
BBX 6 13 0 -2
BITMAP
00
00
00
00
00
28
44
F8
40
20
00
00
00
ENDCHAR
STARTCHAR uni21AA
ENCODING 8618
SWIDTH 480 0
DWIDTH 6 0
BBX 6 13 0 -2
BITMAP
00
00
00
00
00
50
88
7C
08
10
00
00
00
ENDCHAR
STARTCHAR uni21AB
ENCODING 8619
SWIDTH 480 0
DWIDTH 6 0
BBX 6 13 0 -2
BITMAP
00
00
00
00
00
20
4C
FC
48
28
00
00
00
ENDCHAR
STARTCHAR uni21AC
ENCODING 8620
SWIDTH 480 0
DWIDTH 6 0
BBX 6 13 0 -2
BITMAP
00
00
00
00
00
10
C8
FC
48
50
00
00
00
ENDCHAR
STARTCHAR uni21AD
ENCODING 8621
SWIDTH 480 0
DWIDTH 6 0
BBX 6 13 0 -2
BITMAP
00
00
00
00
00
48
DC
EC
48
00
00
00
00
ENDCHAR
STARTCHAR uni21AE
ENCODING 8622
SWIDTH 480 0
DWIDTH 6 0
BBX 6 13 0 -2
BITMAP
00
00
00
00
00
08
58
FC
68
40
00
00
00
ENDCHAR
STARTCHAR uni21AF
ENCODING 8623
SWIDTH 480 0
DWIDTH 6 0
BBX 6 13 0 -2
BITMAP
00
00
80
80
90
B0
D0
90
10
38
10
00
00
ENDCHAR
STARTCHAR uni21B0
ENCODING 8624
SWIDTH 480 0
DWIDTH 6 0
BBX 6 13 0 -2
BITMAP
00
00
20
40
F8
48
28
08
08
08
08
00
00
ENDCHAR
STARTCHAR uni21B1
ENCODING 8625
SWIDTH 480 0
DWIDTH 6 0
BBX 6 13 0 -2
BITMAP
00
00
20
10
F8
90
A0
80
80
80
80
00
00
ENDCHAR
STARTCHAR uni21B2
ENCODING 8626
SWIDTH 480 0
DWIDTH 6 0
BBX 6 13 0 -2
BITMAP
00
00
08
08
08
08
28
48
F8
40
20
00
00
ENDCHAR
STARTCHAR uni21B3
ENCODING 8627
SWIDTH 480 0
DWIDTH 6 0
BBX 6 13 0 -2
BITMAP
00
00
80
80
80
80
A0
90
F8
10
20
00
00
ENDCHAR
STARTCHAR uni21B4
ENCODING 8628
SWIDTH 480 0
DWIDTH 6 0
BBX 6 13 0 -2
BITMAP
00
00
00
00
00
F0
10
10
38
10
00
00
00
ENDCHAR
STARTCHAR carriagereturn
ENCODING 8629
SWIDTH 480 0
DWIDTH 6 0
BBX 6 13 0 -2
BITMAP
00
00
00
00
08
08
08
48
F8
40
00
00
00
ENDCHAR
STARTCHAR uni21B6
ENCODING 8630
SWIDTH 480 0
DWIDTH 6 0
BBX 6 13 0 -2
BITMAP
00
00
00
00
00
30
48
48
E8
48
00
00
00
ENDCHAR
STARTCHAR uni21B7
ENCODING 8631
SWIDTH 480 0
DWIDTH 6 0
BBX 6 13 0 -2
BITMAP
00
00
00
00
00
60
90
90
B8
90
00
00
00
ENDCHAR
STARTCHAR uni21B8
ENCODING 8632
SWIDTH 480 0
DWIDTH 6 0
BBX 6 13 0 -2
BITMAP
00
00
F8
80
E0
C0
A0
20
10
10
08
00
00
ENDCHAR
STARTCHAR uni21B9
ENCODING 8633
SWIDTH 480 0
DWIDTH 6 0
BBX 6 13 0 -2
BITMAP
00
00
A0
C0
F8
C0
A8
18
F8
18
28
00
00
ENDCHAR
STARTCHAR uni21BA
ENCODING 8634
SWIDTH 480 0
DWIDTH 6 0
BBX 6 13 0 -2
BITMAP
00
00
00
00
38
30
A8
88
88
70
00
00
00
ENDCHAR
STARTCHAR uni21BB
ENCODING 8635
SWIDTH 480 0
DWIDTH 6 0
BBX 6 13 0 -2
BITMAP
00
00
00
00
E0
60
A8
88
88
70
00
00
00
ENDCHAR
STARTCHAR uni21BC
ENCODING 8636
SWIDTH 480 0
DWIDTH 6 0
BBX 6 13 0 -2
BITMAP
00
00
00
00
00
20
40
F8
00
00
00
00
00
ENDCHAR
STARTCHAR uni21BD
ENCODING 8637
SWIDTH 480 0
DWIDTH 6 0
BBX 6 13 0 -2
BITMAP
00
00
00
00
00
00
00
F8
40
20
00
00
00
ENDCHAR
STARTCHAR uni21BE
ENCODING 8638
SWIDTH 480 0
DWIDTH 6 0
BBX 6 13 0 -2
BITMAP
00
00
20
30
28
20
20
20
20
20
20
00
00
ENDCHAR
STARTCHAR uni21BF
ENCODING 8639
SWIDTH 480 0
DWIDTH 6 0
BBX 6 13 0 -2
BITMAP
00
00
20
60
A0
20
20
20
20
20
20
00
00
ENDCHAR
STARTCHAR uni21C0
ENCODING 8640
SWIDTH 480 0
DWIDTH 6 0
BBX 6 13 0 -2
BITMAP
00
00
00
00
00
20
10
F8
00
00
00
00
00
ENDCHAR
STARTCHAR uni21C1
ENCODING 8641
SWIDTH 480 0
DWIDTH 6 0
BBX 6 13 0 -2
BITMAP
00
00
00
00
00
00
00
F8
10
20
00
00
00
ENDCHAR
STARTCHAR uni21C2
ENCODING 8642
SWIDTH 480 0
DWIDTH 6 0
BBX 6 13 0 -2
BITMAP
00
00
20
20
20
20
20
20
28
30
20
00
00
ENDCHAR
STARTCHAR uni21C3
ENCODING 8643
SWIDTH 480 0
DWIDTH 6 0
BBX 6 13 0 -2
BITMAP
00
00
20
20
20
20
20
20
A0
60
20
00
00
ENDCHAR
STARTCHAR uni21C4
ENCODING 8644
SWIDTH 480 0
DWIDTH 6 0
BBX 6 13 0 -2
BITMAP
00
00
20
10
F8
10
20
40
F8
40
20
00
00
ENDCHAR
STARTCHAR uni21C5
ENCODING 8645
SWIDTH 480 0
DWIDTH 6 0
BBX 6 13 0 -2
BITMAP
00
00
50
F0
50
50
50
50
50
78
50
00
00
ENDCHAR
STARTCHAR uni21C6
ENCODING 8646
SWIDTH 480 0
DWIDTH 6 0
BBX 6 13 0 -2
BITMAP
00
00
20
40
F8
40
20
10
F8
10
20
00
00
ENDCHAR
STARTCHAR uni21C7
ENCODING 8647
SWIDTH 480 0
DWIDTH 6 0
BBX 6 13 0 -2
BITMAP
00
00
20
40
F8
40
20
40
F8
40
20
00
00
ENDCHAR
STARTCHAR uni21C8
ENCODING 8648
SWIDTH 480 0
DWIDTH 6 0
BBX 6 13 0 -2
BITMAP
00
00
50
F8
50
50
50
50
50
50
50
00
00
ENDCHAR
STARTCHAR uni21C9
ENCODING 8649
SWIDTH 480 0
DWIDTH 6 0
BBX 6 13 0 -2
BITMAP
00
00
20
10
F8
10
20
10
F8
10
20
00
00
ENDCHAR
STARTCHAR uni21CA
ENCODING 8650
SWIDTH 480 0
DWIDTH 6 0
BBX 6 13 0 -2
BITMAP
00
00
50
50
50
50
50
50
50
F8
50
00
00
ENDCHAR
STARTCHAR uni21CB
ENCODING 8651
SWIDTH 480 0
DWIDTH 6 0
BBX 6 13 0 -2
BITMAP
00
00
00
00
20
40
F8
00
F8
10
20
00
00
ENDCHAR
STARTCHAR uni21CC
ENCODING 8652
SWIDTH 480 0
DWIDTH 6 0
BBX 6 13 0 -2
BITMAP
00
00
00
00
20
10
F8
00
F8
40
20
00
00
ENDCHAR
STARTCHAR uni21CD
ENCODING 8653
SWIDTH 480 0
DWIDTH 6 0
BBX 6 13 0 -2
BITMAP
00
00
00
00
14
28
7C
90
7C
20
50
00
00
ENDCHAR
STARTCHAR uni21CE
ENCODING 8654
SWIDTH 480 0
DWIDTH 6 0
BBX 6 13 0 -2
BITMAP
00
00
00
00
08
58
FC
A4
FC
68
40
00
00
ENDCHAR
STARTCHAR uni21CF
ENCODING 8655
SWIDTH 480 0
DWIDTH 6 0
BBX 6 13 0 -2
BITMAP
00
00
00
00
A0
50
F8
24
F8
10
28
00
00
ENDCHAR
STARTCHAR arrowdblleft
ENCODING 8656
SWIDTH 480 0
DWIDTH 6 0
BBX 6 13 0 -2
BITMAP
00
00
00
00
10
20
7C
80
7C
20
10
00
00
ENDCHAR
STARTCHAR arrowdblup
ENCODING 8657
SWIDTH 480 0
DWIDTH 6 0
BBX 6 13 0 -2
BITMAP
00
00
20
50
D8
50
50
50
50
50
50
00
00
ENDCHAR
STARTCHAR arrowdblright
ENCODING 8658
SWIDTH 480 0
DWIDTH 6 0
BBX 6 13 0 -2
BITMAP
00
00
00
00
20
10
F8
04
F8
10
20
00
00
ENDCHAR
STARTCHAR arrowdbldown
ENCODING 8659
SWIDTH 480 0
DWIDTH 6 0
BBX 6 13 0 -2
BITMAP
00
00
50
50
50
50
50
50
D8
50
20
00
00
ENDCHAR
STARTCHAR arrowdblboth
ENCODING 8660
SWIDTH 480 0
DWIDTH 6 0
BBX 6 13 0 -2
BITMAP
00
00
00
00
00
48
FC
84
FC
48
00
00
00
ENDCHAR
STARTCHAR uni21D5
ENCODING 8661
SWIDTH 480 0
DWIDTH 6 0
BBX 6 13 0 -2
BITMAP
00
00
20
50
D8
50
50
50
D8
50
20
00
00
ENDCHAR
STARTCHAR uni21D6
ENCODING 8662
SWIDTH 480 0
DWIDTH 6 0
BBX 6 13 0 -2
BITMAP
00
00
00
00
F8
A0
D0
A8
94
08
00
00
00
ENDCHAR
STARTCHAR uni21D7
ENCODING 8663
SWIDTH 480 0
DWIDTH 6 0
BBX 6 13 0 -2
BITMAP
00
00
00
00
7C
14
2C
54
A4
40
00
00
00
ENDCHAR
STARTCHAR uni21D8
ENCODING 8664
SWIDTH 480 0
DWIDTH 6 0
BBX 6 13 0 -2
BITMAP
00
00
00
00
40
A4
54
2C
14
7C
00
00
00
ENDCHAR
STARTCHAR uni21D9
ENCODING 8665
SWIDTH 480 0
DWIDTH 6 0
BBX 6 13 0 -2
BITMAP
00
00
00
00
08
94
A8
D0
A0
F8
00
00
00
ENDCHAR
STARTCHAR uni21DA
ENCODING 8666
SWIDTH 480 0
DWIDTH 6 0
BBX 6 13 0 -2
BITMAP
00
00
00
00
10
3C
40
FC
40
3C
10
00
00
ENDCHAR
STARTCHAR uni21DB
ENCODING 8667
SWIDTH 480 0
DWIDTH 6 0
BBX 6 13 0 -2
BITMAP
00
00
00
00
20
F0
08
FC
08
F0
20
00
00
ENDCHAR
STARTCHAR uni21DC
ENCODING 8668
SWIDTH 480 0
DWIDTH 6 0
BBX 6 13 0 -2
BITMAP
00
00
00
00
00
40
E8
D4
40
00
00
00
00
ENDCHAR
STARTCHAR uni21DD
ENCODING 8669
SWIDTH 480 0
DWIDTH 6 0
BBX 6 13 0 -2
BITMAP
00
00
00
00
00
08
5C
AC
08
00
00
00
00
ENDCHAR
STARTCHAR uni21DE
ENCODING 8670
SWIDTH 480 0
DWIDTH 6 0
BBX 6 13 0 -2
BITMAP
00
00
20
70
A8
20
70
20
70
20
20
00
00
ENDCHAR
STARTCHAR uni21DF
ENCODING 8671
SWIDTH 480 0
DWIDTH 6 0
BBX 6 13 0 -2
BITMAP
00
00
20
20
70
20
70
20
A8
70
20
00
00
ENDCHAR
STARTCHAR uni21E0
ENCODING 8672
SWIDTH 480 0
DWIDTH 6 0
BBX 6 13 0 -2
BITMAP
00
00
00
00
00
20
40
A8
40
20
00
00
00
ENDCHAR
STARTCHAR uni21E1
ENCODING 8673
SWIDTH 480 0
DWIDTH 6 0
BBX 6 13 0 -2
BITMAP
00
00
20
70
A8
00
20
20
00
20
20
00
00
ENDCHAR
STARTCHAR uni21E2
ENCODING 8674
SWIDTH 480 0
DWIDTH 6 0
BBX 6 13 0 -2
BITMAP
00
00
00
00
00
20
10
A8
10
20
00
00
00
ENDCHAR
STARTCHAR uni21E3
ENCODING 8675
SWIDTH 480 0
DWIDTH 6 0
BBX 6 13 0 -2
BITMAP
00
00
20
20
00
20
20
00
A8
70
20
00
00
ENDCHAR
STARTCHAR uni21E4
ENCODING 8676
SWIDTH 480 0
DWIDTH 6 0
BBX 6 13 0 -2
BITMAP
00
00
00
00
00
A0
C0
F8
C0
A0
00
00
00
ENDCHAR
STARTCHAR uni21E5
ENCODING 8677
SWIDTH 480 0
DWIDTH 6 0
BBX 6 13 0 -2
BITMAP
00
00
00
00
00
28
18
F8
18
28
00
00
00
ENDCHAR
STARTCHAR uni21E6
ENCODING 8678
SWIDTH 480 0
DWIDTH 6 0
BBX 6 13 0 -2
BITMAP
00
00
00
00
00
20
78
88
78
20
00
00
00
ENDCHAR
STARTCHAR uni21E7
ENCODING 8679
SWIDTH 480 0
DWIDTH 6 0
BBX 6 13 0 -2
BITMAP
00
00
20
50
D8
50
50
50
50
50
70
00
00
ENDCHAR
STARTCHAR uni21E8
ENCODING 8680
SWIDTH 480 0
DWIDTH 6 0
BBX 6 13 0 -2
BITMAP
00
00
00
00
00
20
F0
88
F0
20
00
00
00
ENDCHAR
STARTCHAR uni21E9
ENCODING 8681
SWIDTH 480 0
DWIDTH 6 0
BBX 6 13 0 -2
BITMAP
00
00
70
50
50
50
50
50
D8
50
20
00
00
ENDCHAR
STARTCHAR uni21EA
ENCODING 8682
SWIDTH 480 0
DWIDTH 6 0
BBX 6 13 0 -2
BITMAP
00
20
50
D8
50
50
70
00
70
50
70
00
00
ENDCHAR
STARTCHAR uni21EB
ENCODING 8683
SWIDTH 480 0
DWIDTH 6 0
BBX 6 13 0 -2
BITMAP
00
00
20
50
D8
50
50
50
D8
88
F8
00
00
ENDCHAR
STARTCHAR uni21EC
ENCODING 8684
SWIDTH 480 0
DWIDTH 6 0
BBX 6 13 0 -2
BITMAP
00
00
20
50
F8
88
50
50
D8
88
F8
00
00
ENDCHAR
STARTCHAR uni21ED
ENCODING 8685
SWIDTH 480 0
DWIDTH 6 0
BBX 6 13 0 -2
BITMAP
00
00
20
70
F8
70
70
70
F8
A8
F8
00
00
ENDCHAR
STARTCHAR uni21EE
ENCODING 8686
SWIDTH 480 0
DWIDTH 6 0
BBX 6 13 0 -2
BITMAP
00
00
20
50
D8
50
D8
50
50
50
70
00
00
ENDCHAR
STARTCHAR uni21EF
ENCODING 8687
SWIDTH 480 0
DWIDTH 6 0
BBX 6 13 0 -2
BITMAP
00
00
20
50
D8
50
D8
50
D8
88
F8
00
00
ENDCHAR
STARTCHAR uni21F0
ENCODING 8688
SWIDTH 480 0
DWIDTH 6 0
BBX 6 13 0 -2
BITMAP
00
00
00
00
00
A0
F0
88
F0
A0
00
00
00
ENDCHAR
STARTCHAR uni21F1
ENCODING 8689
SWIDTH 480 0
DWIDTH 6 0
BBX 6 13 0 -2
BITMAP
00
00
F8
80
B0
E0
90
10
08
08
00
00
00
ENDCHAR
STARTCHAR uni21F2
ENCODING 8690
SWIDTH 480 0
DWIDTH 6 0
BBX 6 13 0 -2
BITMAP
00
00
00
80
80
40
48
38
68
08
F8
00
00
ENDCHAR
STARTCHAR uni21F3
ENCODING 8691
SWIDTH 480 0
DWIDTH 6 0
BBX 6 13 0 -2
BITMAP
00
00
20
50
D8
50
50
50
D8
50
20
00
00
ENDCHAR
STARTCHAR uni21F4
ENCODING 8692
SWIDTH 480 0
DWIDTH 6 0
BBX 6 13 0 -2
BITMAP
00
00
00
00
00
10
68
FC
68
10
00
00
00
ENDCHAR
STARTCHAR uni21F5
ENCODING 8693
SWIDTH 480 0
DWIDTH 6 0
BBX 6 13 0 -2
BITMAP
00
00
50
78
50
50
50
50
50
F0
50
00
00
ENDCHAR
STARTCHAR uni21F6
ENCODING 8694
SWIDTH 480 0
DWIDTH 6 0
BBX 6 13 0 -2
BITMAP
00
00
10
F8
10
10
F8
10
10
F8
10
00
00
ENDCHAR
STARTCHAR uni21F7
ENCODING 8695
SWIDTH 480 0
DWIDTH 6 0
BBX 6 13 0 -2
BITMAP
00
00
00
00
00
28
48
FC
48
28
00
00
00
ENDCHAR
STARTCHAR uni21F8
ENCODING 8696
SWIDTH 480 0
DWIDTH 6 0
BBX 6 13 0 -2
BITMAP
00
00
00
00
00
50
48
FC
48
50
00
00
00
ENDCHAR
STARTCHAR uni21F9
ENCODING 8697
SWIDTH 480 0
DWIDTH 6 0
BBX 6 13 0 -2
BITMAP
00
00
00
00
30
78
FC
78
30
00
00
00
00
ENDCHAR
STARTCHAR uni21FA
ENCODING 8698
SWIDTH 480 0
DWIDTH 6 0
BBX 6 13 0 -2
BITMAP
00
00
00
00
00
38
58
FC
58
38
00
00
00
ENDCHAR
STARTCHAR uni21FB
ENCODING 8699
SWIDTH 480 0
DWIDTH 6 0
BBX 6 13 0 -2
BITMAP
00
00
00
00
00
70
68
FC
68
70
00
00
00
ENDCHAR
STARTCHAR uni21FC
ENCODING 8700
SWIDTH 480 0
DWIDTH 6 0
BBX 6 13 0 -2
BITMAP
00
00
00
00
30
78
FC
78
30
00
00
00
00
ENDCHAR
STARTCHAR uni21FD
ENCODING 8701
SWIDTH 480 0
DWIDTH 6 0
BBX 6 13 0 -2
BITMAP
00
00
00
00
00
20
60
B8
60
20
00
00
00
ENDCHAR
STARTCHAR uni21FE
ENCODING 8702
SWIDTH 480 0
DWIDTH 6 0
BBX 6 13 0 -2
BITMAP
00
00
00
00
00
20
30
E8
30
20
00
00
00
ENDCHAR
STARTCHAR uni21FF
ENCODING 8703
SWIDTH 480 0
DWIDTH 6 0
BBX 6 13 0 -2
BITMAP
00
00
00
00
30
78
B4
78
30
00
00
00
00
ENDCHAR
STARTCHAR SF100000
ENCODING 9472
SWIDTH 480 0
DWIDTH 6 0
BBX 6 13 0 -2
BITMAP
00
00
00
00
00
00
FC
00
00
00
00
00
00
ENDCHAR
STARTCHAR uni2501
ENCODING 9473
SWIDTH 480 0
DWIDTH 6 0
BBX 6 13 0 -2
BITMAP
00
00
00
00
00
00
FC
FC
00
00
00
00
00
ENDCHAR
STARTCHAR SF110000
ENCODING 9474
SWIDTH 480 0
DWIDTH 6 0
BBX 6 13 0 -2
BITMAP
20
20
20
20
20
20
20
20
20
20
20
20
20
ENDCHAR
STARTCHAR uni2503
ENCODING 9475
SWIDTH 480 0
DWIDTH 6 0
BBX 6 13 0 -2
BITMAP
30
30
30
30
30
30
30
30
30
30
30
30
30
ENDCHAR
STARTCHAR uni2504
ENCODING 9476
SWIDTH 480 0
DWIDTH 6 0
BBX 6 13 0 -2
BITMAP
00
00
00
00
00
00
A8
00
00
00
00
00
00
ENDCHAR
STARTCHAR uni2505
ENCODING 9477
SWIDTH 480 0
DWIDTH 6 0
BBX 6 13 0 -2
BITMAP
00
00
00
00
00
00
A8
A8
00
00
00
00
00
ENDCHAR
STARTCHAR uni2506
ENCODING 9478
SWIDTH 480 0
DWIDTH 6 0
BBX 6 13 0 -2
BITMAP
00
20
20
00
00
20
20
00
00
20
20
00
00
ENDCHAR
STARTCHAR uni2507
ENCODING 9479
SWIDTH 480 0
DWIDTH 6 0
BBX 6 13 0 -2
BITMAP
00
30
30
00
00
30
30
00
00
30
30
00
00
ENDCHAR
STARTCHAR uni2508
ENCODING 9480
SWIDTH 480 0
DWIDTH 6 0
BBX 6 13 0 -2
BITMAP
00
00
00
00
00
00
A8
00
00
00
00
00
00
ENDCHAR
STARTCHAR uni2509
ENCODING 9481
SWIDTH 480 0
DWIDTH 6 0
BBX 6 13 0 -2
BITMAP
00
00
00
00
00
00
A8
A8
00
00
00
00
00
ENDCHAR
STARTCHAR uni250A
ENCODING 9482
SWIDTH 480 0
DWIDTH 6 0
BBX 6 13 0 -2
BITMAP
20
20
00
20
20
00
20
20
00
20
20
00
00
ENDCHAR
STARTCHAR uni250B
ENCODING 9483
SWIDTH 480 0
DWIDTH 6 0
BBX 6 13 0 -2
BITMAP
30
30
00
30
30
00
30
30
00
30
30
00
00
ENDCHAR
STARTCHAR SF010000
ENCODING 9484
SWIDTH 480 0
DWIDTH 6 0
BBX 6 13 0 -2
BITMAP
00
00
00
00
00
00
3C
20
20
20
20
20
20
ENDCHAR
STARTCHAR uni250D
ENCODING 9485
SWIDTH 480 0
DWIDTH 6 0
BBX 6 13 0 -2
BITMAP
00
00
00
00
00
00
3C
3C
20
20
20
20
20
ENDCHAR
STARTCHAR uni250E
ENCODING 9486
SWIDTH 480 0
DWIDTH 6 0
BBX 6 13 0 -2
BITMAP
00
00
00
00
00
00
3C
30
30
30
30
30
30
ENDCHAR
STARTCHAR uni250F
ENCODING 9487
SWIDTH 480 0
DWIDTH 6 0
BBX 6 13 0 -2
BITMAP
00
00
00
00
00
00
3C
3C
30
30
30
30
30
ENDCHAR
STARTCHAR SF030000
ENCODING 9488
SWIDTH 480 0
DWIDTH 6 0
BBX 6 13 0 -2
BITMAP
00
00
00
00
00
00
E0
20
20
20
20
20
20
ENDCHAR
STARTCHAR uni2511
ENCODING 9489
SWIDTH 480 0
DWIDTH 6 0
BBX 6 13 0 -2
BITMAP
00
00
00
00
00
00
E0
E0
20
20
20
20
20
ENDCHAR
STARTCHAR uni2512
ENCODING 9490
SWIDTH 480 0
DWIDTH 6 0
BBX 6 13 0 -2
BITMAP
00
00
00
00
00
00
F0
30
30
30
30
30
30
ENDCHAR
STARTCHAR uni2513
ENCODING 9491
SWIDTH 480 0
DWIDTH 6 0
BBX 6 13 0 -2
BITMAP
00
00
00
00
00
00
F0
F0
30
30
30
30
30
ENDCHAR
STARTCHAR SF020000
ENCODING 9492
SWIDTH 480 0
DWIDTH 6 0
BBX 6 13 0 -2
BITMAP
20
20
20
20
20
20
3C
00
00
00
00
00
00
ENDCHAR
STARTCHAR uni2515
ENCODING 9493
SWIDTH 480 0
DWIDTH 6 0
BBX 6 13 0 -2
BITMAP
20
20
20
20
20
20
3C
3C
00
00
00
00
00
ENDCHAR
STARTCHAR uni2516
ENCODING 9494
SWIDTH 480 0
DWIDTH 6 0
BBX 6 13 0 -2
BITMAP
30
30
30
30
30
30
3C
00
00
00
00
00
00
ENDCHAR
STARTCHAR uni2517
ENCODING 9495
SWIDTH 480 0
DWIDTH 6 0
BBX 6 13 0 -2
BITMAP
30
30
30
30
30
30
3C
3C
00
00
00
00
00
ENDCHAR
STARTCHAR SF040000
ENCODING 9496
SWIDTH 480 0
DWIDTH 6 0
BBX 6 13 0 -2
BITMAP
20
20
20
20
20
20
E0
00
00
00
00
00
00
ENDCHAR
STARTCHAR uni2519
ENCODING 9497
SWIDTH 480 0
DWIDTH 6 0
BBX 6 13 0 -2
BITMAP
20
20
20
20
20
20
E0
E0
00
00
00
00
00
ENDCHAR
STARTCHAR uni251A
ENCODING 9498
SWIDTH 480 0
DWIDTH 6 0
BBX 6 13 0 -2
BITMAP
30
30
30
30
30
30
F0
00
00
00
00
00
00
ENDCHAR
STARTCHAR uni251B
ENCODING 9499
SWIDTH 480 0
DWIDTH 6 0
BBX 6 13 0 -2
BITMAP
30
30
30
30
30
30
F0
F0
00
00
00
00
00
ENDCHAR
STARTCHAR SF080000
ENCODING 9500
SWIDTH 480 0
DWIDTH 6 0
BBX 6 13 0 -2
BITMAP
20
20
20
20
20
20
3C
20
20
20
20
20
20
ENDCHAR
STARTCHAR uni251D
ENCODING 9501
SWIDTH 480 0
DWIDTH 6 0
BBX 6 13 0 -2
BITMAP
20
20
20
20
20
20
3C
3C
20
20
20
20
20
ENDCHAR
STARTCHAR uni251E
ENCODING 9502
SWIDTH 480 0
DWIDTH 6 0
BBX 6 13 0 -2
BITMAP
30
30
30
30
30
30
3C
20
20
20
20
20
20
ENDCHAR
STARTCHAR uni251F
ENCODING 9503
SWIDTH 480 0
DWIDTH 6 0
BBX 6 13 0 -2
BITMAP
20
20
20
20
20
20
3C
30
30
30
30
30
30
ENDCHAR
STARTCHAR uni2520
ENCODING 9504
SWIDTH 480 0
DWIDTH 6 0
BBX 6 13 0 -2
BITMAP
30
30
30
30
30
30
3C
30
30
30
30
30
30
ENDCHAR
STARTCHAR uni2521
ENCODING 9505
SWIDTH 480 0
DWIDTH 6 0
BBX 6 13 0 -2
BITMAP
30
30
30
30
30
30
3C
3C
20
20
20
20
20
ENDCHAR
STARTCHAR uni2522
ENCODING 9506
SWIDTH 480 0
DWIDTH 6 0
BBX 6 13 0 -2
BITMAP
20
20
20
20
20
20
3C
3C
30
30
30
30
30
ENDCHAR
STARTCHAR uni2523
ENCODING 9507
SWIDTH 480 0
DWIDTH 6 0
BBX 6 13 0 -2
BITMAP
30
30
30
30
30
30
3C
3C
30
30
30
30
30
ENDCHAR
STARTCHAR SF090000
ENCODING 9508
SWIDTH 480 0
DWIDTH 6 0
BBX 6 13 0 -2
BITMAP
20
20
20
20
20
20
E0
20
20
20
20
20
20
ENDCHAR
STARTCHAR uni2525
ENCODING 9509
SWIDTH 480 0
DWIDTH 6 0
BBX 6 13 0 -2
BITMAP
20
20
20
20
20
20
E0
E0
20
20
20
20
20
ENDCHAR
STARTCHAR uni2526
ENCODING 9510
SWIDTH 480 0
DWIDTH 6 0
BBX 6 13 0 -2
BITMAP
30
30
30
30
30
30
F0
20
20
20
20
20
20
ENDCHAR
STARTCHAR uni2527
ENCODING 9511
SWIDTH 480 0
DWIDTH 6 0
BBX 6 13 0 -2
BITMAP
20
20
20
20
20
20
F0
30
30
30
30
30
30
ENDCHAR
STARTCHAR uni2528
ENCODING 9512
SWIDTH 480 0
DWIDTH 6 0
BBX 6 13 0 -2
BITMAP
30
30
30
30
30
30
F0
30
30
30
30
30
30
ENDCHAR
STARTCHAR uni2529
ENCODING 9513
SWIDTH 480 0
DWIDTH 6 0
BBX 6 13 0 -2
BITMAP
30
30
30
30
30
30
F0
F0
20
20
20
20
20
ENDCHAR
STARTCHAR uni252A
ENCODING 9514
SWIDTH 480 0
DWIDTH 6 0
BBX 6 13 0 -2
BITMAP
20
20
20
20
20
20
F0
F0
30
30
30
30
30
ENDCHAR
STARTCHAR uni252B
ENCODING 9515
SWIDTH 480 0
DWIDTH 6 0
BBX 6 13 0 -2
BITMAP
30
30
30
30
30
30
F0
F0
30
30
30
30
30
ENDCHAR
STARTCHAR SF060000
ENCODING 9516
SWIDTH 480 0
DWIDTH 6 0
BBX 6 13 0 -2
BITMAP
00
00
00
00
00
00
FC
20
20
20
20
20
20
ENDCHAR
STARTCHAR uni252D
ENCODING 9517
SWIDTH 480 0
DWIDTH 6 0
BBX 6 13 0 -2
BITMAP
00
00
00
00
00
00
FC
E0
20
20
20
20
20
ENDCHAR
STARTCHAR uni252E
ENCODING 9518
SWIDTH 480 0
DWIDTH 6 0
BBX 6 13 0 -2
BITMAP
00
00
00
00
00
00
FC
3C
20
20
20
20
20
ENDCHAR
STARTCHAR uni252F
ENCODING 9519
SWIDTH 480 0
DWIDTH 6 0
BBX 6 13 0 -2
BITMAP
00
00
00
00
00
00
FC
FC
20
20
20
20
20
ENDCHAR
STARTCHAR uni2530
ENCODING 9520
SWIDTH 480 0
DWIDTH 6 0
BBX 6 13 0 -2
BITMAP
00
00
00
00
00
00
FC
30
30
30
30
30
30
ENDCHAR
STARTCHAR uni2531
ENCODING 9521
SWIDTH 480 0
DWIDTH 6 0
BBX 6 13 0 -2
BITMAP
00
00
00
00
00
00
FC
F0
30
30
30
30
30
ENDCHAR
STARTCHAR uni2532
ENCODING 9522
SWIDTH 480 0
DWIDTH 6 0
BBX 6 13 0 -2
BITMAP
00
00
00
00
00
00
FC
3C
30
30
30
30
30
ENDCHAR
STARTCHAR uni2533
ENCODING 9523
SWIDTH 480 0
DWIDTH 6 0
BBX 6 13 0 -2
BITMAP
00
00
00
00
00
00
FC
FC
30
30
30
30
30
ENDCHAR
STARTCHAR SF070000
ENCODING 9524
SWIDTH 480 0
DWIDTH 6 0
BBX 6 13 0 -2
BITMAP
20
20
20
20
20
20
FC
00
00
00
00
00
00
ENDCHAR
STARTCHAR uni2535
ENCODING 9525
SWIDTH 480 0
DWIDTH 6 0
BBX 6 13 0 -2
BITMAP
20
20
20
20
20
20
FC
E0
00
00
00
00
00
ENDCHAR
STARTCHAR uni2536
ENCODING 9526
SWIDTH 480 0
DWIDTH 6 0
BBX 6 13 0 -2
BITMAP
20
20
20
20
20
20
FC
3C
00
00
00
00
00
ENDCHAR
STARTCHAR uni2537
ENCODING 9527
SWIDTH 480 0
DWIDTH 6 0
BBX 6 13 0 -2
BITMAP
20
20
20
20
20
20
FC
FC
00
00
00
00
00
ENDCHAR
STARTCHAR uni2538
ENCODING 9528
SWIDTH 480 0
DWIDTH 6 0
BBX 6 13 0 -2
BITMAP
30
30
30
30
30
30
FC
00
00
00
00
00
00
ENDCHAR
STARTCHAR uni2539
ENCODING 9529
SWIDTH 480 0
DWIDTH 6 0
BBX 6 13 0 -2
BITMAP
30
30
30
30
30
30
FC
F0
00
00
00
00
00
ENDCHAR
STARTCHAR uni253A
ENCODING 9530
SWIDTH 480 0
DWIDTH 6 0
BBX 6 13 0 -2
BITMAP
30
30
30
30
30
30
FC
3C
00
00
00
00
00
ENDCHAR
STARTCHAR uni253B
ENCODING 9531
SWIDTH 480 0
DWIDTH 6 0
BBX 6 13 0 -2
BITMAP
30
30
30
30
30
30
FC
FC
00
00
00
00
00
ENDCHAR
STARTCHAR SF050000
ENCODING 9532
SWIDTH 480 0
DWIDTH 6 0
BBX 6 13 0 -2
BITMAP
20
20
20
20
20
20
FC
20
20
20
20
20
20
ENDCHAR
STARTCHAR uni253D
ENCODING 9533
SWIDTH 480 0
DWIDTH 6 0
BBX 6 13 0 -2
BITMAP
20
20
20
20
20
20
FC
E0
20
20
20
20
20
ENDCHAR
STARTCHAR uni253E
ENCODING 9534
SWIDTH 480 0
DWIDTH 6 0
BBX 6 13 0 -2
BITMAP
20
20
20
20
20
20
FC
3C
20
20
20
20
20
ENDCHAR
STARTCHAR uni253F
ENCODING 9535
SWIDTH 480 0
DWIDTH 6 0
BBX 6 13 0 -2
BITMAP
20
20
20
20
20
20
FC
FC
20
20
20
20
20
ENDCHAR
STARTCHAR uni2540
ENCODING 9536
SWIDTH 480 0
DWIDTH 6 0
BBX 6 13 0 -2
BITMAP
30
30
30
30
30
30
FC
20
20
20
20
20
20
ENDCHAR
STARTCHAR uni2541
ENCODING 9537
SWIDTH 480 0
DWIDTH 6 0
BBX 6 13 0 -2
BITMAP
20
20
20
20
20
20
FC
30
30
30
30
30
30
ENDCHAR
STARTCHAR uni2542
ENCODING 9538
SWIDTH 480 0
DWIDTH 6 0
BBX 6 13 0 -2
BITMAP
30
30
30
30
30
30
FC
30
30
30
30
30
30
ENDCHAR
STARTCHAR uni2543
ENCODING 9539
SWIDTH 480 0
DWIDTH 6 0
BBX 6 13 0 -2
BITMAP
30
30
30
30
30
30
FC
F0
20
20
20
20
20
ENDCHAR
STARTCHAR uni2544
ENCODING 9540
SWIDTH 480 0
DWIDTH 6 0
BBX 6 13 0 -2
BITMAP
30
30
30
30
30
30
FC
3C
20
20
20
20
20
ENDCHAR
STARTCHAR uni2545
ENCODING 9541
SWIDTH 480 0
DWIDTH 6 0
BBX 6 13 0 -2
BITMAP
20
20
20
20
20
20
FC
F0
30
30
30
30
30
ENDCHAR
STARTCHAR uni2546
ENCODING 9542
SWIDTH 480 0
DWIDTH 6 0
BBX 6 13 0 -2
BITMAP
20
20
20
20
20
20
FC
3C
30
30
30
30
30
ENDCHAR
STARTCHAR uni2547
ENCODING 9543
SWIDTH 480 0
DWIDTH 6 0
BBX 6 13 0 -2
BITMAP
30
30
30
30
30
30
FC
FC
20
20
20
20
20
ENDCHAR
STARTCHAR uni2548
ENCODING 9544
SWIDTH 480 0
DWIDTH 6 0
BBX 6 13 0 -2
BITMAP
20
20
20
20
20
20
FC
FC
30
30
30
30
30
ENDCHAR
STARTCHAR uni2549
ENCODING 9545
SWIDTH 480 0
DWIDTH 6 0
BBX 6 13 0 -2
BITMAP
30
30
30
30
30
30
FC
F0
30
30
30
30
30
ENDCHAR
STARTCHAR uni254A
ENCODING 9546
SWIDTH 480 0
DWIDTH 6 0
BBX 6 13 0 -2
BITMAP
30
30
30
30
30
30
FC
3C
30
30
30
30
30
ENDCHAR
STARTCHAR uni254B
ENCODING 9547
SWIDTH 480 0
DWIDTH 6 0
BBX 6 13 0 -2
BITMAP
30
30
30
30
30
30
FC
FC
30
30
30
30
30
ENDCHAR
STARTCHAR uni254C
ENCODING 9548
SWIDTH 480 0
DWIDTH 6 0
BBX 6 13 0 -2
BITMAP
00
00
00
00
00
00
D8
00
00
00
00
00
00
ENDCHAR
STARTCHAR uni254D
ENCODING 9549
SWIDTH 480 0
DWIDTH 6 0
BBX 6 13 0 -2
BITMAP
00
00
00
00
00
00
D8
D8
00
00
00
00
00
ENDCHAR
STARTCHAR uni254E
ENCODING 9550
SWIDTH 480 0
DWIDTH 6 0
BBX 6 13 0 -2
BITMAP
20
20
20
20
00
00
00
20
20
20
20
00
00
ENDCHAR
STARTCHAR uni254F
ENCODING 9551
SWIDTH 480 0
DWIDTH 6 0
BBX 6 13 0 -2
BITMAP
30
30
30
30
00
00
00
30
30
30
30
00
00
ENDCHAR
STARTCHAR SF430000
ENCODING 9552
SWIDTH 480 0
DWIDTH 6 0
BBX 6 13 0 -2
BITMAP
00
00
00
00
00
FC
00
FC
00
00
00
00
00
ENDCHAR
STARTCHAR SF240000
ENCODING 9553
SWIDTH 480 0
DWIDTH 6 0
BBX 6 13 0 -2
BITMAP
50
50
50
50
50
50
50
50
50
50
50
50
50
ENDCHAR
STARTCHAR SF510000
ENCODING 9554
SWIDTH 480 0
DWIDTH 6 0
BBX 6 13 0 -2
BITMAP
00
00
00
00
00
3C
20
3C
20
20
20
20
20
ENDCHAR
STARTCHAR SF520000
ENCODING 9555
SWIDTH 480 0
DWIDTH 6 0
BBX 6 13 0 -2
BITMAP
00
00
00
00
00
00
7C
50
50
50
50
50
50
ENDCHAR
STARTCHAR SF390000
ENCODING 9556
SWIDTH 480 0
DWIDTH 6 0
BBX 6 13 0 -2
BITMAP
00
00
00
00
00
7C
40
5C
50
50
50
50
50
ENDCHAR
STARTCHAR SF220000
ENCODING 9557
SWIDTH 480 0
DWIDTH 6 0
BBX 6 13 0 -2
BITMAP
00
00
00
00
00
E0
20
E0
20
20
20
20
20
ENDCHAR
STARTCHAR SF210000
ENCODING 9558
SWIDTH 480 0
DWIDTH 6 0
BBX 6 13 0 -2
BITMAP
00
00
00
00
00
00
F0
50
50
50
50
50
50
ENDCHAR
STARTCHAR SF250000
ENCODING 9559
SWIDTH 480 0
DWIDTH 6 0
BBX 6 13 0 -2
BITMAP
00
00
00
00
00
F0
10
D0
50
50
50
50
50
ENDCHAR
STARTCHAR SF500000
ENCODING 9560
SWIDTH 480 0
DWIDTH 6 0
BBX 6 13 0 -2
BITMAP
20
20
20
20
20
3C
20
3C
00
00
00
00
00
ENDCHAR
STARTCHAR SF490000
ENCODING 9561
SWIDTH 480 0
DWIDTH 6 0
BBX 6 13 0 -2
BITMAP
50
50
50
50
50
50
7C
00
00
00
00
00
00
ENDCHAR
STARTCHAR SF380000
ENCODING 9562
SWIDTH 480 0
DWIDTH 6 0
BBX 6 13 0 -2
BITMAP
50
50
50
50
50
5C
40
7C
00
00
00
00
00
ENDCHAR
STARTCHAR SF280000
ENCODING 9563
SWIDTH 480 0
DWIDTH 6 0
BBX 6 13 0 -2
BITMAP
20
20
20
20
20
E0
20
E0
00
00
00
00
00
ENDCHAR
STARTCHAR SF270000
ENCODING 9564
SWIDTH 480 0
DWIDTH 6 0
BBX 6 13 0 -2
BITMAP
50
50
50
50
50
50
F0
00
00
00
00
00
00
ENDCHAR
STARTCHAR SF260000
ENCODING 9565
SWIDTH 480 0
DWIDTH 6 0
BBX 6 13 0 -2
BITMAP
50
50
50
50
50
D0
10
F0
00
00
00
00
00
ENDCHAR
STARTCHAR SF360000
ENCODING 9566
SWIDTH 480 0
DWIDTH 6 0
BBX 6 13 0 -2
BITMAP
20
20
20
20
20
3C
20
3C
20
20
20
20
20
ENDCHAR
STARTCHAR SF370000
ENCODING 9567
SWIDTH 480 0
DWIDTH 6 0
BBX 6 13 0 -2
BITMAP
50
50
50
50
50
50
5C
50
50
50
50
50
50
ENDCHAR
STARTCHAR SF420000
ENCODING 9568
SWIDTH 480 0
DWIDTH 6 0
BBX 6 13 0 -2
BITMAP
50
50
50
50
50
5C
40
5C
50
50
50
50
50
ENDCHAR
STARTCHAR SF190000
ENCODING 9569
SWIDTH 480 0
DWIDTH 6 0
BBX 6 13 0 -2
BITMAP
20
20
20
20
20
E0
20
E0
20
20
20
20
20
ENDCHAR
STARTCHAR SF200000
ENCODING 9570
SWIDTH 480 0
DWIDTH 6 0
BBX 6 13 0 -2
BITMAP
50
50
50
50
50
50
D0
50
50
50
50
50
50
ENDCHAR
STARTCHAR SF230000
ENCODING 9571
SWIDTH 480 0
DWIDTH 6 0
BBX 6 13 0 -2
BITMAP
50
50
50
50
50
D0
10
D0
50
50
50
50
50
ENDCHAR
STARTCHAR SF470000
ENCODING 9572
SWIDTH 480 0
DWIDTH 6 0
BBX 6 13 0 -2
BITMAP
00
00
00
00
00
FC
00
FC
20
20
20
20
20
ENDCHAR
STARTCHAR SF480000
ENCODING 9573
SWIDTH 480 0
DWIDTH 6 0
BBX 6 13 0 -2
BITMAP
00
00
00
00
00
00
FC
50
50
50
50
50
50
ENDCHAR
STARTCHAR SF410000
ENCODING 9574
SWIDTH 480 0
DWIDTH 6 0
BBX 6 13 0 -2
BITMAP
00
00
00
00
00
FC
00
DC
50
50
50
50
50
ENDCHAR
STARTCHAR SF450000
ENCODING 9575
SWIDTH 480 0
DWIDTH 6 0
BBX 6 13 0 -2
BITMAP
20
20
20
20
20
FC
00
FC
00
00
00
00
00
ENDCHAR
STARTCHAR SF460000
ENCODING 9576
SWIDTH 480 0
DWIDTH 6 0
BBX 6 13 0 -2
BITMAP
50
50
50
50
50
50
FC
00
00
00
00
00
00
ENDCHAR
STARTCHAR SF400000
ENCODING 9577
SWIDTH 480 0
DWIDTH 6 0
BBX 6 13 0 -2
BITMAP
50
50
50
50
50
DC
00
FC
00
00
00
00
00
ENDCHAR
STARTCHAR SF540000
ENCODING 9578
SWIDTH 480 0
DWIDTH 6 0
BBX 6 13 0 -2
BITMAP
20
20
20
20
20
FC
20
FC
20
20
20
20
20
ENDCHAR
STARTCHAR SF530000
ENCODING 9579
SWIDTH 480 0
DWIDTH 6 0
BBX 6 13 0 -2
BITMAP
50
50
50
50
50
50
FC
50
50
50
50
50
50
ENDCHAR
STARTCHAR SF440000
ENCODING 9580
SWIDTH 480 0
DWIDTH 6 0
BBX 6 13 0 -2
BITMAP
50
50
50
50
50
DC
00
DC
50
50
50
50
50
ENDCHAR
STARTCHAR uni256D
ENCODING 9581
SWIDTH 480 0
DWIDTH 6 0
BBX 6 13 0 -2
BITMAP
00
00
00
00
00
00
0C
10
20
20
20
20
20
ENDCHAR
STARTCHAR uni256E
ENCODING 9582
SWIDTH 480 0
DWIDTH 6 0
BBX 6 13 0 -2
BITMAP
00
00
00
00
00
00
80
40
20
20
20
20
20
ENDCHAR
STARTCHAR uni256F
ENCODING 9583
SWIDTH 480 0
DWIDTH 6 0
BBX 6 13 0 -2
BITMAP
20
20
20
20
20
40
80
00
00
00
00
00
00
ENDCHAR
STARTCHAR uni2570
ENCODING 9584
SWIDTH 480 0
DWIDTH 6 0
BBX 6 13 0 -2
BITMAP
20
20
20
20
20
10
0C
00
00
00
00
00
00
ENDCHAR
STARTCHAR uni2571
ENCODING 9585
SWIDTH 480 0
DWIDTH 6 0
BBX 6 13 0 -2
BITMAP
04
04
08
08
10
10
20
20
20
40
40
80
80
ENDCHAR
STARTCHAR uni2572
ENCODING 9586
SWIDTH 480 0
DWIDTH 6 0
BBX 6 13 0 -2
BITMAP
80
80
40
40
20
20
10
10
10
08
08
04
04
ENDCHAR
STARTCHAR uni2573
ENCODING 9587
SWIDTH 480 0
DWIDTH 6 0
BBX 6 13 0 -2
BITMAP
84
84
48
48
30
30
30
30
30
48
48
84
84
ENDCHAR
STARTCHAR uni2574
ENCODING 9588
SWIDTH 480 0
DWIDTH 6 0
BBX 6 13 0 -2
BITMAP
00
00
00
00
00
00
E0
00
00
00
00
00
00
ENDCHAR
STARTCHAR uni2575
ENCODING 9589
SWIDTH 480 0
DWIDTH 6 0
BBX 6 13 0 -2
BITMAP
20
20
20
20
20
20
20
00
00
00
00
00
00
ENDCHAR
STARTCHAR uni2576
ENCODING 9590
SWIDTH 480 0
DWIDTH 6 0
BBX 6 13 0 -2
BITMAP
00
00
00
00
00
00
3C
00
00
00
00
00
00
ENDCHAR
STARTCHAR uni2577
ENCODING 9591
SWIDTH 480 0
DWIDTH 6 0
BBX 6 13 0 -2
BITMAP
00
00
00
00
00
00
20
20
20
20
20
20
20
ENDCHAR
STARTCHAR uni2578
ENCODING 9592
SWIDTH 480 0
DWIDTH 6 0
BBX 6 13 0 -2
BITMAP
00
00
00
00
00
00
E0
E0
00
00
00
00
00
ENDCHAR
STARTCHAR uni2579
ENCODING 9593
SWIDTH 480 0
DWIDTH 6 0
BBX 6 13 0 -2
BITMAP
30
30
30
30
30
30
30
00
00
00
00
00
00
ENDCHAR
STARTCHAR uni257A
ENCODING 9594
SWIDTH 480 0
DWIDTH 6 0
BBX 6 13 0 -2
BITMAP
00
00
00
00
00
00
3C
3C
00
00
00
00
00
ENDCHAR
STARTCHAR uni257B
ENCODING 9595
SWIDTH 480 0
DWIDTH 6 0
BBX 6 13 0 -2
BITMAP
00
00
00
00
00
00
30
30
30
30
30
30
30
ENDCHAR
STARTCHAR uni257C
ENCODING 9596
SWIDTH 480 0
DWIDTH 6 0
BBX 6 13 0 -2
BITMAP
00
00
00
00
00
00
FC
1C
00
00
00
00
00
ENDCHAR
STARTCHAR uni257D
ENCODING 9597
SWIDTH 480 0
DWIDTH 6 0
BBX 6 13 0 -2
BITMAP
20
20
20
20
20
20
30
30
30
30
30
30
30
ENDCHAR
STARTCHAR uni257E
ENCODING 9598
SWIDTH 480 0
DWIDTH 6 0
BBX 6 13 0 -2
BITMAP
00
00
00
00
00
00
FC
E0
00
00
00
00
00
ENDCHAR
STARTCHAR uni257F
ENCODING 9599
SWIDTH 480 0
DWIDTH 6 0
BBX 6 13 0 -2
BITMAP
30
30
30
30
30
30
30
20
20
20
20
20
20
ENDCHAR
STARTCHAR upblock
ENCODING 9600
SWIDTH 480 0
DWIDTH 6 0
BBX 6 13 0 -2
BITMAP
FC
FC
FC
FC
FC
FC
00
00
00
00
00
00
00
ENDCHAR
STARTCHAR uni2581
ENCODING 9601
SWIDTH 480 0
DWIDTH 6 0
BBX 6 13 0 -2
BITMAP
00
00
00
00
00
00
00
00
00
00
00
FC
FC
ENDCHAR
STARTCHAR uni2582
ENCODING 9602
SWIDTH 480 0
DWIDTH 6 0
BBX 6 13 0 -2
BITMAP
00
00
00
00
00
00
00
00
00
00
FC
FC
FC
ENDCHAR
STARTCHAR uni2583
ENCODING 9603
SWIDTH 480 0
DWIDTH 6 0
BBX 6 13 0 -2
BITMAP
00
00
00
00
00
00
00
00
FC
FC
FC
FC
FC
ENDCHAR
STARTCHAR dnblock
ENCODING 9604
SWIDTH 480 0
DWIDTH 6 0
BBX 6 13 0 -2
BITMAP
00
00
00
00
00
00
FC
FC
FC
FC
FC
FC
FC
ENDCHAR
STARTCHAR uni2585
ENCODING 9605
SWIDTH 480 0
DWIDTH 6 0
BBX 6 13 0 -2
BITMAP
00
00
00
00
00
FC
FC
FC
FC
FC
FC
FC
FC
ENDCHAR
STARTCHAR uni2586
ENCODING 9606
SWIDTH 480 0
DWIDTH 6 0
BBX 6 13 0 -2
BITMAP
00
00
00
FC
FC
FC
FC
FC
FC
FC
FC
FC
FC
ENDCHAR
STARTCHAR uni2587
ENCODING 9607
SWIDTH 480 0
DWIDTH 6 0
BBX 6 13 0 -2
BITMAP
00
00
FC
FC
FC
FC
FC
FC
FC
FC
FC
FC
FC
ENDCHAR
STARTCHAR block
ENCODING 9608
SWIDTH 480 0
DWIDTH 6 0
BBX 6 13 0 -2
BITMAP
FC
FC
FC
FC
FC
FC
FC
FC
FC
FC
FC
FC
FC
ENDCHAR
STARTCHAR uni2589
ENCODING 9609
SWIDTH 480 0
DWIDTH 6 0
BBX 6 13 0 -2
BITMAP
F8
F8
F8
F8
F8
F8
F8
F8
F8
F8
F8
F8
F8
ENDCHAR
STARTCHAR uni258A
ENCODING 9610
SWIDTH 480 0
DWIDTH 6 0
BBX 6 13 0 -2
BITMAP
F0
F0
F0
F0
F0
F0
F0
F0
F0
F0
F0
F0
F0
ENDCHAR
STARTCHAR uni258B
ENCODING 9611
SWIDTH 480 0
DWIDTH 6 0
BBX 6 13 0 -2
BITMAP
F0
F0
F0
F0
F0
F0
F0
F0
F0
F0
F0
F0
F0
ENDCHAR
STARTCHAR lfblock
ENCODING 9612
SWIDTH 480 0
DWIDTH 6 0
BBX 6 13 0 -2
BITMAP
E0
E0
E0
E0
E0
E0
E0
E0
E0
E0
E0
E0
E0
ENDCHAR
STARTCHAR uni258D
ENCODING 9613
SWIDTH 480 0
DWIDTH 6 0
BBX 6 13 0 -2
BITMAP
C0
C0
C0
C0
C0
C0
C0
C0
C0
C0
C0
C0
C0
ENDCHAR
STARTCHAR uni258E
ENCODING 9614
SWIDTH 480 0
DWIDTH 6 0
BBX 6 13 0 -2
BITMAP
C0
C0
C0
C0
C0
C0
C0
C0
C0
C0
C0
C0
C0
ENDCHAR
STARTCHAR uni258F
ENCODING 9615
SWIDTH 480 0
DWIDTH 6 0
BBX 6 13 0 -2
BITMAP
80
80
80
80
80
80
80
80
80
80
80
80
80
ENDCHAR
STARTCHAR rtblock
ENCODING 9616
SWIDTH 480 0
DWIDTH 6 0
BBX 6 13 0 -2
BITMAP
1C
1C
1C
1C
1C
1C
1C
1C
1C
1C
1C
1C
1C
ENDCHAR
STARTCHAR ltshade
ENCODING 9617
SWIDTH 480 0
DWIDTH 6 0
BBX 6 13 0 -2
BITMAP
A8
00
54
00
A8
00
54
00
A8
00
54
00
A8
ENDCHAR
STARTCHAR shade
ENCODING 9618
SWIDTH 480 0
DWIDTH 6 0
BBX 6 13 0 -2
BITMAP
A8
54
A8
54
A8
54
A8
54
A8
54
A8
54
A8
ENDCHAR
STARTCHAR dkshade
ENCODING 9619
SWIDTH 480 0
DWIDTH 6 0
BBX 6 13 0 -2
BITMAP
54
FC
A8
FC
54
FC
A8
FC
54
FC
A8
FC
54
ENDCHAR
STARTCHAR uni2594
ENCODING 9620
SWIDTH 480 0
DWIDTH 6 0
BBX 6 13 0 -2
BITMAP
FC
FC
00
00
00
00
00
00
00
00
00
00
00
ENDCHAR
STARTCHAR uni2595
ENCODING 9621
SWIDTH 480 0
DWIDTH 6 0
BBX 6 13 0 -2
BITMAP
04
04
04
04
04
04
04
04
04
04
04
04
04
ENDCHAR
STARTCHAR uni2596
ENCODING 9622
SWIDTH 480 0
DWIDTH 6 0
BBX 6 13 0 -2
BITMAP
00
00
00
00
00
00
E0
E0
E0
E0
E0
E0
E0
ENDCHAR
STARTCHAR uni2597
ENCODING 9623
SWIDTH 480 0
DWIDTH 6 0
BBX 6 13 0 -2
BITMAP
00
00
00
00
00
00
1C
1C
1C
1C
1C
1C
1C
ENDCHAR
STARTCHAR uni2598
ENCODING 9624
SWIDTH 480 0
DWIDTH 6 0
BBX 6 13 0 -2
BITMAP
E0
E0
E0
E0
E0
E0
00
00
00
00
00
00
00
ENDCHAR
STARTCHAR uni2599
ENCODING 9625
SWIDTH 480 0
DWIDTH 6 0
BBX 6 13 0 -2
BITMAP
E0
E0
E0
E0
E0
E0
FC
FC
FC
FC
FC
FC
FC
ENDCHAR
STARTCHAR uni259A
ENCODING 9626
SWIDTH 480 0
DWIDTH 6 0
BBX 6 13 0 -2
BITMAP
E0
E0
E0
E0
E0
E0
1C
1C
1C
1C
1C
1C
1C
ENDCHAR
STARTCHAR uni259B
ENCODING 9627
SWIDTH 480 0
DWIDTH 6 0
BBX 6 13 0 -2
BITMAP
FC
FC
FC
FC
FC
FC
E0
E0
E0
E0
E0
E0
E0
ENDCHAR
STARTCHAR uni259C
ENCODING 9628
SWIDTH 480 0
DWIDTH 6 0
BBX 6 13 0 -2
BITMAP
FC
FC
FC
FC
FC
FC
1C
1C
1C
1C
1C
1C
1C
ENDCHAR
STARTCHAR uni259D
ENCODING 9629
SWIDTH 480 0
DWIDTH 6 0
BBX 6 13 0 -2
BITMAP
1C
1C
1C
1C
1C
1C
00
00
00
00
00
00
00
ENDCHAR
STARTCHAR uni259E
ENCODING 9630
SWIDTH 480 0
DWIDTH 6 0
BBX 6 13 0 -2
BITMAP
1C
1C
1C
1C
1C
1C
E0
E0
E0
E0
E0
E0
E0
ENDCHAR
STARTCHAR uni259F
ENCODING 9631
SWIDTH 480 0
DWIDTH 6 0
BBX 6 13 0 -2
BITMAP
1C
1C
1C
1C
1C
1C
FC
FC
FC
FC
FC
FC
FC
ENDCHAR
STARTCHAR filledbox
ENCODING 9632
SWIDTH 480 0
DWIDTH 6 0
BBX 6 13 0 -2
BITMAP
00
00
00
00
00
F8
F8
F8
F8
F8
00
00
00
ENDCHAR
STARTCHAR H22073
ENCODING 9633
SWIDTH 480 0
DWIDTH 6 0
BBX 6 13 0 -2
BITMAP
00
00
00
00
00
F8
88
88
88
F8
00
00
00
ENDCHAR
STARTCHAR uni25A2
ENCODING 9634
SWIDTH 480 0
DWIDTH 6 0
BBX 6 13 0 -2
BITMAP
00
00
00
00
00
70
88
88
88
70
00
00
00
ENDCHAR
STARTCHAR uni25A3
ENCODING 9635
SWIDTH 480 0
DWIDTH 6 0
BBX 6 13 0 -2
BITMAP
00
00
00
00
00
F8
88
A8
88
F8
00
00
00
ENDCHAR
STARTCHAR uni25A4
ENCODING 9636
SWIDTH 480 0
DWIDTH 6 0
BBX 6 13 0 -2
BITMAP
00
00
00
00
00
00
F8
88
F8
88
F8
00
00
ENDCHAR
STARTCHAR uni25A5
ENCODING 9637
SWIDTH 480 0
DWIDTH 6 0
BBX 6 13 0 -2
BITMAP
00
00
00
00
00
00
F8
A8
A8
A8
F8
00
00
ENDCHAR
STARTCHAR uni25A6
ENCODING 9638
SWIDTH 480 0
DWIDTH 6 0
BBX 6 13 0 -2
BITMAP
00
00
00
00
00
00
F8
A8
F8
A8
F8
00
00
ENDCHAR
STARTCHAR uni25A7
ENCODING 9639
SWIDTH 480 0
DWIDTH 6 0
BBX 6 13 0 -2
BITMAP
00
00
00
00
00
00
F8
C8
A8
98
F8
00
00
ENDCHAR
STARTCHAR uni25A8
ENCODING 9640
SWIDTH 480 0
DWIDTH 6 0
BBX 6 13 0 -2
BITMAP
00
00
00
00
00
00
F8
98
A8
C8
F8
00
00
ENDCHAR
STARTCHAR uni25A9
ENCODING 9641
SWIDTH 480 0
DWIDTH 6 0
BBX 6 13 0 -2
BITMAP
00
00
00
00
00
00
F8
D8
A8
D8
F8
00
00
ENDCHAR
STARTCHAR H18543
ENCODING 9642
SWIDTH 480 0
DWIDTH 6 0
BBX 6 13 0 -2
BITMAP
00
00
00
00
00
70
70
70
00
00
00
00
00
ENDCHAR
STARTCHAR H18551
ENCODING 9643
SWIDTH 480 0
DWIDTH 6 0
BBX 6 13 0 -2
BITMAP
00
00
00
00
00
70
50
70
00
00
00
00
00
ENDCHAR
STARTCHAR filledrect
ENCODING 9644
SWIDTH 480 0
DWIDTH 6 0
BBX 6 13 0 -2
BITMAP
00
00
00
00
FC
FC
FC
FC
FC
00
00
00
00
ENDCHAR
STARTCHAR uni25AD
ENCODING 9645
SWIDTH 480 0
DWIDTH 6 0
BBX 6 13 0 -2
BITMAP
00
00
00
00
FC
84
84
84
FC
00
00
00
00
ENDCHAR
STARTCHAR uni25AE
ENCODING 9646
SWIDTH 480 0
DWIDTH 6 0
BBX 6 13 0 -2
BITMAP
00
78
78
78
78
78
78
78
78
78
78
78
00
ENDCHAR
STARTCHAR uni25AF
ENCODING 9647
SWIDTH 480 0
DWIDTH 6 0
BBX 6 13 0 -2
BITMAP
00
78
48
48
48
48
48
48
48
48
48
78
00
ENDCHAR
STARTCHAR uni25B0
ENCODING 9648
SWIDTH 480 0
DWIDTH 6 0
BBX 6 13 0 -2
BITMAP
00
00
00
00
00
3C
78
F0
00
00
00
00
00
ENDCHAR
STARTCHAR uni25B1
ENCODING 9649
SWIDTH 480 0
DWIDTH 6 0
BBX 6 13 0 -2
BITMAP
00
00
00
00
00
3C
48
F0
00
00
00
00
00
ENDCHAR
STARTCHAR triagup
ENCODING 9650
SWIDTH 480 0
DWIDTH 6 0
BBX 6 13 0 -2
BITMAP
00
00
20
20
20
70
70
70
F8
F8
F8
00
00
ENDCHAR
STARTCHAR uni25B3
ENCODING 9651
SWIDTH 480 0
DWIDTH 6 0
BBX 6 13 0 -2
BITMAP
00
00
20
20
20
50
50
50
88
88
F8
00
00
ENDCHAR
STARTCHAR uni25B4
ENCODING 9652
SWIDTH 480 0
DWIDTH 6 0
BBX 6 13 0 -2
BITMAP
00
00
00
00
20
20
70
70
F8
00
00
00
00
ENDCHAR
STARTCHAR uni25B5
ENCODING 9653
SWIDTH 480 0
DWIDTH 6 0
BBX 6 13 0 -2
BITMAP
00
00
00
00
20
20
50
50
F8
00
00
00
00
ENDCHAR
STARTCHAR uni25B6
ENCODING 9654
SWIDTH 480 0
DWIDTH 6 0
BBX 6 13 0 -2
BITMAP
00
00
80
C0
E0
F0
F8
F0
E0
C0
80
00
00
ENDCHAR
STARTCHAR uni25B7
ENCODING 9655
SWIDTH 480 0
DWIDTH 6 0
BBX 6 13 0 -2
BITMAP
00
00
80
C0
A0
90
88
90
A0
C0
80
00
00
ENDCHAR
STARTCHAR uni25B8
ENCODING 9656
SWIDTH 480 0
DWIDTH 6 0
BBX 6 13 0 -2
BITMAP
00
00
00
00
40
60
70
60
40
00
00
00
00
ENDCHAR
STARTCHAR uni25B9
ENCODING 9657
SWIDTH 480 0
DWIDTH 6 0
BBX 6 13 0 -2
BITMAP
00
00
00
00
40
60
50
60
40
00
00
00
00
ENDCHAR
STARTCHAR triagrt
ENCODING 9658
SWIDTH 480 0
DWIDTH 6 0
BBX 6 13 0 -2
BITMAP
00
00
00
00
C0
F0
FC
F0
C0
00
00
00
00
ENDCHAR
STARTCHAR uni25BB
ENCODING 9659
SWIDTH 480 0
DWIDTH 6 0
BBX 6 13 0 -2
BITMAP
00
00
00
00
C0
B0
8C
B0
C0
00
00
00
00
ENDCHAR
STARTCHAR triagdn
ENCODING 9660
SWIDTH 480 0
DWIDTH 6 0
BBX 6 13 0 -2
BITMAP
00
00
F8
F8
F8
70
70
70
20
20
20
00
00
ENDCHAR
STARTCHAR uni25BD
ENCODING 9661
SWIDTH 480 0
DWIDTH 6 0
BBX 6 13 0 -2
BITMAP
00
00
F8
88
88
50
50
50
20
20
20
00
00
ENDCHAR
STARTCHAR uni25BE
ENCODING 9662
SWIDTH 480 0
DWIDTH 6 0
BBX 6 13 0 -2
BITMAP
00
00
00
00
00
F8
70
70
20
20
00
00
00
ENDCHAR
STARTCHAR uni25BF
ENCODING 9663
SWIDTH 480 0
DWIDTH 6 0
BBX 6 13 0 -2
BITMAP
00
00
00
00
00
F8
50
50
20
20
00
00
00
ENDCHAR
STARTCHAR uni25C0
ENCODING 9664
SWIDTH 480 0
DWIDTH 6 0
BBX 6 13 0 -2
BITMAP
00
00
08
18
38
78
F8
78
38
18
08
00
00
ENDCHAR
STARTCHAR uni25C1
ENCODING 9665
SWIDTH 480 0
DWIDTH 6 0
BBX 6 13 0 -2
BITMAP
00
00
08
18
28
48
88
48
28
18
08
00
00
ENDCHAR
STARTCHAR uni25C2
ENCODING 9666
SWIDTH 480 0
DWIDTH 6 0
BBX 6 13 0 -2
BITMAP
00
00
00
00
10
30
70
30
10
00
00
00
00
ENDCHAR
STARTCHAR uni25C3
ENCODING 9667
SWIDTH 480 0
DWIDTH 6 0
BBX 6 13 0 -2
BITMAP
00
00
00
00
10
30
50
30
10
00
00
00
00
ENDCHAR
STARTCHAR triaglf
ENCODING 9668
SWIDTH 480 0
DWIDTH 6 0
BBX 6 13 0 -2
BITMAP
00
00
00
00
0C
3C
FC
3C
0C
00
00
00
00
ENDCHAR
STARTCHAR uni25C5
ENCODING 9669
SWIDTH 480 0
DWIDTH 6 0
BBX 6 13 0 -2
BITMAP
00
00
00
00
0C
34
C4
34
0C
00
00
00
00
ENDCHAR
STARTCHAR uni25C6
ENCODING 9670
SWIDTH 480 0
DWIDTH 6 0
BBX 6 13 0 -2
BITMAP
00
00
00
00
20
70
F8
70
20
00
00
00
00
ENDCHAR
STARTCHAR uni25C7
ENCODING 9671
SWIDTH 480 0
DWIDTH 6 0
BBX 6 13 0 -2
BITMAP
00
00
00
00
20
50
88
50
20
00
00
00
00
ENDCHAR
STARTCHAR uni25C8
ENCODING 9672
SWIDTH 480 0
DWIDTH 6 0
BBX 6 13 0 -2
BITMAP
00
00
00
00
20
50
A8
50
20
00
00
00
00
ENDCHAR
STARTCHAR uni25C9
ENCODING 9673
SWIDTH 480 0
DWIDTH 6 0
BBX 6 13 0 -2
BITMAP
00
00
00
00
30
48
B4
B4
48
30
00
00
00
ENDCHAR
STARTCHAR lozenge
ENCODING 9674
SWIDTH 480 0
DWIDTH 6 0
BBX 6 13 0 -2
BITMAP
00
00
20
20
50
50
88
50
50
20
20
00
00
ENDCHAR
STARTCHAR circle
ENCODING 9675
SWIDTH 480 0
DWIDTH 6 0
BBX 6 13 0 -2
BITMAP
00
00
00
00
30
48
84
84
48
30
00
00
00
ENDCHAR
STARTCHAR uni25CC
ENCODING 9676
SWIDTH 480 0
DWIDTH 6 0
BBX 6 13 0 -2
BITMAP
00
00
00
00
20
08
80
04
40
10
00
00
00
ENDCHAR
STARTCHAR uni25CD
ENCODING 9677
SWIDTH 480 0
DWIDTH 6 0
BBX 6 13 0 -2
BITMAP
00
00
00
00
00
00
70
A8
A8
A8
70
00
00
ENDCHAR
STARTCHAR uni25CE
ENCODING 9678
SWIDTH 480 0
DWIDTH 6 0
BBX 6 13 0 -2
BITMAP
00
00
00
00
70
88
A8
D8
A8
88
70
00
00
ENDCHAR
STARTCHAR H18533
ENCODING 9679
SWIDTH 480 0
DWIDTH 6 0
BBX 6 13 0 -2
BITMAP
00
00
00
00
30
78
FC
FC
78
30
00
00
00
ENDCHAR
STARTCHAR uni25D0
ENCODING 9680
SWIDTH 480 0
DWIDTH 6 0
BBX 6 13 0 -2
BITMAP
00
00
00
00
30
68
E4
E4
68
30
00
00
00
ENDCHAR
STARTCHAR uni25D1
ENCODING 9681
SWIDTH 480 0
DWIDTH 6 0
BBX 6 13 0 -2
BITMAP
00
00
00
00
30
58
9C
9C
58
30
00
00
00
ENDCHAR
STARTCHAR uni25D2
ENCODING 9682
SWIDTH 480 0
DWIDTH 6 0
BBX 6 13 0 -2
BITMAP
00
00
00
00
30
48
84
FC
78
30
00
00
00
ENDCHAR
STARTCHAR uni25D3
ENCODING 9683
SWIDTH 480 0
DWIDTH 6 0
BBX 6 13 0 -2
BITMAP
00
00
00
00
30
78
FC
84
48
30
00
00
00
ENDCHAR
STARTCHAR uni25D4
ENCODING 9684
SWIDTH 480 0
DWIDTH 6 0
BBX 6 13 0 -2
BITMAP
00
00
00
00
30
58
9C
84
48
30
00
00
00
ENDCHAR
STARTCHAR uni25D5
ENCODING 9685
SWIDTH 480 0
DWIDTH 6 0
BBX 6 13 0 -2
BITMAP
00
00
00
00
30
58
9C
FC
78
30
00
00
00
ENDCHAR
STARTCHAR uni25D6
ENCODING 9686
SWIDTH 480 0
DWIDTH 6 0
BBX 6 13 0 -2
BITMAP
00
04
1C
3C
3C
7C
7C
3C
3C
1C
04
00
00
ENDCHAR
STARTCHAR uni25D7
ENCODING 9687
SWIDTH 480 0
DWIDTH 6 0
BBX 6 13 0 -2
BITMAP
00
80
E0
F0
F0
F8
F8
F0
F0
E0
80
00
00
ENDCHAR
STARTCHAR invbullet
ENCODING 9688
SWIDTH 480 0
DWIDTH 6 0
BBX 6 13 0 -2
BITMAP
FC
FC
FC
FC
FC
CC
84
84
CC
FC
FC
FC
FC
ENDCHAR
STARTCHAR invcircle
ENCODING 9689
SWIDTH 480 0
DWIDTH 6 0
BBX 6 13 0 -2
BITMAP
FC
FC
FC
FC
CC
B4
78
78
B4
CC
FC
FC
FC
ENDCHAR
STARTCHAR uni25DA
ENCODING 9690
SWIDTH 480 0
DWIDTH 6 0
BBX 6 13 0 -2
BITMAP
FC
FC
FC
FC
CC
B4
78
00
00
00
00
00
00
ENDCHAR
STARTCHAR uni25DB
ENCODING 9691
SWIDTH 480 0
DWIDTH 6 0
BBX 6 13 0 -2
BITMAP
00
00
00
00
00
00
00
78
B4
CC
FC
FC
FC
ENDCHAR
STARTCHAR uni25DC
ENCODING 9692
SWIDTH 480 0
DWIDTH 6 0
BBX 6 13 0 -2
BITMAP
00
00
00
00
20
40
80
00
00
00
00
00
00
ENDCHAR
STARTCHAR uni25DD
ENCODING 9693
SWIDTH 480 0
DWIDTH 6 0
BBX 6 13 0 -2
BITMAP
00
00
00
00
10
08
04
00
00
00
00
00
00
ENDCHAR
STARTCHAR uni25DE
ENCODING 9694
SWIDTH 480 0
DWIDTH 6 0
BBX 6 13 0 -2
BITMAP
00
00
00
00
00
00
00
04
08
10
00
00
00
ENDCHAR
STARTCHAR uni25DF
ENCODING 9695
SWIDTH 480 0
DWIDTH 6 0
BBX 6 13 0 -2
BITMAP
00
00
00
00
00
00
00
80
40
20
00
00
00
ENDCHAR
STARTCHAR uni25E0
ENCODING 9696
SWIDTH 480 0
DWIDTH 6 0
BBX 6 13 0 -2
BITMAP
00
00
00
00
30
48
84
00
00
00
00
00
00
ENDCHAR
STARTCHAR uni25E1
ENCODING 9697
SWIDTH 480 0
DWIDTH 6 0
BBX 6 13 0 -2
BITMAP
00
00
00
00
00
00
00
84
48
30
00
00
00
ENDCHAR
STARTCHAR uni25E2
ENCODING 9698
SWIDTH 480 0
DWIDTH 6 0
BBX 6 13 0 -2
BITMAP
00
00
00
00
00
08
18
38
78
F8
00
00
00
ENDCHAR
STARTCHAR uni25E3
ENCODING 9699
SWIDTH 480 0
DWIDTH 6 0
BBX 6 13 0 -2
BITMAP
00
00
00
00
00
80
C0
E0
F0
F8
00
00
00
ENDCHAR
STARTCHAR uni25E4
ENCODING 9700
SWIDTH 480 0
DWIDTH 6 0
BBX 6 13 0 -2
BITMAP
00
00
00
00
00
F8
F0
E0
C0
80
00
00
00
ENDCHAR
STARTCHAR uni25E5
ENCODING 9701
SWIDTH 480 0
DWIDTH 6 0
BBX 6 13 0 -2
BITMAP
00
00
00
00
00
F8
78
38
18
08
00
00
00
ENDCHAR
STARTCHAR openbullet
ENCODING 9702
SWIDTH 480 0
DWIDTH 6 0
BBX 6 13 0 -2
BITMAP
00
00
00
00
70
88
88
88
70
00
00
00
00
ENDCHAR
STARTCHAR uni25E7
ENCODING 9703
SWIDTH 480 0
DWIDTH 6 0
BBX 6 13 0 -2
BITMAP
00
00
00
00
00
F8
E8
E8
E8
F8
00
00
00
ENDCHAR
STARTCHAR uni25E8
ENCODING 9704
SWIDTH 480 0
DWIDTH 6 0
BBX 6 13 0 -2
BITMAP
00
00
00
00
00
F8
B8
B8
B8
F8
00
00
00
ENDCHAR
STARTCHAR uni25E9
ENCODING 9705
SWIDTH 480 0
DWIDTH 6 0
BBX 6 13 0 -2
BITMAP
00
00
00
00
00
F8
F8
E8
C8
F8
00
00
00
ENDCHAR
STARTCHAR uni25EA
ENCODING 9706
SWIDTH 480 0
DWIDTH 6 0
BBX 6 13 0 -2
BITMAP
00
00
00
00
00
F8
98
B8
F8
F8
00
00
00
ENDCHAR
STARTCHAR uni25EB
ENCODING 9707
SWIDTH 480 0
DWIDTH 6 0
BBX 6 13 0 -2
BITMAP
00
00
00
00
00
F8
A8
A8
A8
F8
00
00
00
ENDCHAR
STARTCHAR uni25EC
ENCODING 9708
SWIDTH 480 0
DWIDTH 6 0
BBX 6 13 0 -2
BITMAP
00
00
20
20
20
50
50
70
A8
88
F8
00
00
ENDCHAR
STARTCHAR uni25ED
ENCODING 9709
SWIDTH 480 0
DWIDTH 6 0
BBX 6 13 0 -2
BITMAP
00
00
20
20
20
70
70
70
E8
E8
F8
00
00
ENDCHAR
STARTCHAR uni25EE
ENCODING 9710
SWIDTH 480 0
DWIDTH 6 0
BBX 6 13 0 -2
BITMAP
00
00
20
20
20
70
70
70
B8
B8
F8
00
00
ENDCHAR
STARTCHAR uni25EF
ENCODING 9711
SWIDTH 480 0
DWIDTH 6 0
BBX 6 13 0 -2
BITMAP
00
00
00
00
30
48
84
84
84
48
30
00
00
ENDCHAR
STARTCHAR uni25F0
ENCODING 9712
SWIDTH 480 0
DWIDTH 6 0
BBX 6 13 0 -2
BITMAP
00
00
00
00
00
F8
A8
E8
88
F8
00
00
00
ENDCHAR
STARTCHAR uni25F1
ENCODING 9713
SWIDTH 480 0
DWIDTH 6 0
BBX 6 13 0 -2
BITMAP
00
00
00
00
00
F8
88
E8
A8
F8
00
00
00
ENDCHAR
STARTCHAR uni25F2
ENCODING 9714
SWIDTH 480 0
DWIDTH 6 0
BBX 6 13 0 -2
BITMAP
00
00
00
00
00
F8
88
B8
A8
F8
00
00
00
ENDCHAR
STARTCHAR uni25F3
ENCODING 9715
SWIDTH 480 0
DWIDTH 6 0
BBX 6 13 0 -2
BITMAP
00
00
00
00
00
F8
A8
B8
88
F8
00
00
00
ENDCHAR
STARTCHAR uni25F4
ENCODING 9716
SWIDTH 480 0
DWIDTH 6 0
BBX 6 13 0 -2
BITMAP
00
00
00
00
00
70
A8
E8
88
70
00
00
00
ENDCHAR
STARTCHAR uni25F5
ENCODING 9717
SWIDTH 480 0
DWIDTH 6 0
BBX 6 13 0 -2
BITMAP
00
00
00
00
00
70
88
E8
A8
70
00
00
00
ENDCHAR
STARTCHAR uni25F6
ENCODING 9718
SWIDTH 480 0
DWIDTH 6 0
BBX 6 13 0 -2
BITMAP
00
00
00
00
00
70
88
B8
A8
70
00
00
00
ENDCHAR
STARTCHAR uni25F7
ENCODING 9719
SWIDTH 480 0
DWIDTH 6 0
BBX 6 13 0 -2
BITMAP
00
00
00
00
00
70
A8
B8
88
70
00
00
00
ENDCHAR
STARTCHAR uni25F8
ENCODING 9720
SWIDTH 480 0
DWIDTH 6 0
BBX 6 13 0 -2
BITMAP
00
00
00
00
00
F8
90
A0
C0
80
00
00
00
ENDCHAR
STARTCHAR uni25F9
ENCODING 9721
SWIDTH 480 0
DWIDTH 6 0
BBX 6 13 0 -2
BITMAP
00
00
00
00
00
F8
48
28
18
08
00
00
00
ENDCHAR
STARTCHAR uni25FA
ENCODING 9722
SWIDTH 480 0
DWIDTH 6 0
BBX 6 13 0 -2
BITMAP
00
00
00
00
00
80
C0
A0
90
F8
00
00
00
ENDCHAR
STARTCHAR uni25FB
ENCODING 9723
SWIDTH 480 0
DWIDTH 6 0
BBX 6 13 0 -2
BITMAP
00
00
00
00
00
78
48
48
78
00
00
00
00
ENDCHAR
STARTCHAR uni25FC
ENCODING 9724
SWIDTH 480 0
DWIDTH 6 0
BBX 6 13 0 -2
BITMAP
00
00
00
00
00
78
78
78
78
00
00
00
00
ENDCHAR
STARTCHAR uni25FD
ENCODING 9725
SWIDTH 480 0
DWIDTH 6 0
BBX 6 13 0 -2
BITMAP
00
00
00
00
00
78
48
48
78
00
00
00
00
ENDCHAR
STARTCHAR uni25FE
ENCODING 9726
SWIDTH 480 0
DWIDTH 6 0
BBX 6 13 0 -2
BITMAP
00
00
00
00
00
78
78
78
78
00
00
00
00
ENDCHAR
STARTCHAR uni25FF
ENCODING 9727
SWIDTH 480 0
DWIDTH 6 0
BBX 6 13 0 -2
BITMAP
00
00
00
00
00
08
18
28
48
F8
00
00
00
ENDCHAR
ENDFONT
