STARTFONT 2.1
COMMENT "$ucs-fonts: 9x15.bdf,v 1.83 2009-04-06 18:53:05+01 mgk25 Rel $"
COMMENT "Send bug reports to Markus Kuhn <http://www.cl.cam.ac.uk/~mgk25/>"
FONT -Misc-Fixed-Medium-R-Normal--15-140-75-75-C-90-ISO10646-1
SIZE 15 75 75
FONTBOUNDINGBOX 9 15 0 -3
STARTPROPERTIES 22
FONTNAME_REGISTRY ""
FOUNDRY "Misc"
FAMILY_NAME "Fixed"
WEIGHT_NAME "Medium"
SLANT "R"
SETWIDTH_NAME "Normal"
ADD_STYLE_NAME ""
PIXEL_SIZE 15
POINT_SIZE 140
RESOLUTION_X 75
RESOLUTION_Y 75
SPACING "C"
AVERAGE_WIDTH 90
CHARSET_REGISTRY "ISO10646"
CHARSET_ENCODING "1"
DEFAULT_CHAR 0
FONT_DESCENT 3
FONT_ASCENT 12
COPYRIGHT "Public domain font.  Share and enjoy."
CAP_HEIGHT 10
X_HEIGHT 7
_GBDFED_INFO "Edited with gbdfed 1.3."
ENDPROPERTIES
CHARS 948
STARTCHAR char0
ENCODING 0
SWIDTH 576 0
DWIDTH 9 0
BBX 9 15 0 -3
BITMAP
0000
0000
6D00
0100
4000
4100
0100
4000
4100
0100
4000
5B00
0000
0000
0000
ENDCHAR
STARTCHAR space
ENCODING 32
SWIDTH 576 0
DWIDTH 9 0
BBX 9 15 0 -3
BITMAP
0000
0000
0000
0000
0000
0000
0000
0000
0000
0000
0000
0000
0000
0000
0000
ENDCHAR
STARTCHAR exclam
ENCODING 33
SWIDTH 576 0
DWIDTH 9 0
BBX 9 15 0 -3
BITMAP
0000
0800
0800
0800
0800
0800
0800
0800
0000
0000
0800
0800
0000
0000
0000
ENDCHAR
STARTCHAR quotedbl
ENCODING 34
SWIDTH 576 0
DWIDTH 9 0
BBX 9 15 0 -3
BITMAP
0000
0000
1200
1200
1200
0000
0000
0000
0000
0000
0000
0000
0000
0000
0000
ENDCHAR
STARTCHAR numbersign
ENCODING 35
SWIDTH 576 0
DWIDTH 9 0
BBX 9 15 0 -3
BITMAP
0000
0000
0000
2400
2400
7E00
2400
2400
7E00
2400
2400
0000
0000
0000
0000
ENDCHAR
STARTCHAR dollar
ENCODING 36
SWIDTH 576 0
DWIDTH 9 0
BBX 9 15 0 -3
BITMAP
0000
0000
0800
3E00
4900
4800
2800
1C00
0A00
0900
4900
3E00
0800
0000
0000
ENDCHAR
STARTCHAR percent
ENCODING 37
SWIDTH 576 0
DWIDTH 9 0
BBX 9 15 0 -3
BITMAP
0000
0000
2100
5200
5200
2400
0800
0800
1200
2500
2500
4200
0000
0000
0000
ENDCHAR
STARTCHAR ampersand
ENCODING 38
SWIDTH 576 0
DWIDTH 9 0
BBX 9 15 0 -3
BITMAP
0000
0000
3000
4800
4800
4800
3000
3100
4A00
4400
4A00
3100
0000
0000
0000
ENDCHAR
STARTCHAR quotesingle
ENCODING 39
SWIDTH 576 0
DWIDTH 9 0
BBX 9 15 0 -3
BITMAP
0000
0000
0800
0800
0800
0000
0000
0000
0000
0000
0000
0000
0000
0000
0000
ENDCHAR
STARTCHAR parenleft
ENCODING 40
SWIDTH 576 0
DWIDTH 9 0
BBX 9 15 0 -3
BITMAP
0000
0400
0800
0800
1000
1000
1000
1000
1000
1000
0800
0800
0400
0000
0000
ENDCHAR
STARTCHAR parenright
ENCODING 41
SWIDTH 576 0
DWIDTH 9 0
BBX 9 15 0 -3
BITMAP
0000
1000
0800
0800
0400
0400
0400
0400
0400
0400
0800
0800
1000
0000
0000
ENDCHAR
STARTCHAR asterisk
ENCODING 42
SWIDTH 576 0
DWIDTH 9 0
BBX 9 15 0 -3
BITMAP
0000
0000
0800
4900
2A00
1C00
2A00
4900
0800
0000
0000
0000
0000
0000
0000
ENDCHAR
STARTCHAR plus
ENCODING 43
SWIDTH 576 0
DWIDTH 9 0
BBX 9 15 0 -3
BITMAP
0000
0000
0000
0000
0800
0800
0800
7F00
0800
0800
0800
0000
0000
0000
0000
ENDCHAR
STARTCHAR comma
ENCODING 44
SWIDTH 576 0
DWIDTH 9 0
BBX 9 15 0 -3
BITMAP
0000
0000
0000
0000
0000
0000
0000
0000
0000
0000
0C00
0C00
0400
0400
0800
ENDCHAR
STARTCHAR hyphen
ENCODING 45
SWIDTH 576 0
DWIDTH 9 0
BBX 9 15 0 -3
BITMAP
0000
0000
0000
0000
0000
0000
0000
7F00
0000
0000
0000
0000
0000
0000
0000
ENDCHAR
STARTCHAR period
ENCODING 46
SWIDTH 576 0
DWIDTH 9 0
BBX 9 15 0 -3
BITMAP
0000
0000
0000
0000
0000
0000
0000
0000
0000
0000
0C00
0C00
0000
0000
0000
ENDCHAR
STARTCHAR slash
ENCODING 47
SWIDTH 576 0
DWIDTH 9 0
BBX 9 15 0 -3
BITMAP
0000
0000
0100
0200
0200
0400
0800
0800
1000
2000
2000
4000
0000
0000
0000
ENDCHAR
STARTCHAR zero
ENCODING 48
SWIDTH 576 0
DWIDTH 9 0
BBX 9 15 0 -3
BITMAP
0000
0000
1C00
2200
4100
4100
4100
4100
4100
4100
2200
1C00
0000
0000
0000
ENDCHAR
STARTCHAR one
ENCODING 49
SWIDTH 576 0
DWIDTH 9 0
BBX 9 15 0 -3
BITMAP
0000
0000
0800
1800
2800
4800
0800
0800
0800
0800
0800
7F00
0000
0000
0000
ENDCHAR
STARTCHAR two
ENCODING 50
SWIDTH 576 0
DWIDTH 9 0
BBX 9 15 0 -3
BITMAP
0000
0000
3E00
4100
4100
0200
0400
0800
1000
2000
4000
7F00
0000
0000
0000
ENDCHAR
STARTCHAR three
ENCODING 51
SWIDTH 576 0
DWIDTH 9 0
BBX 9 15 0 -3
BITMAP
0000
0000
7F00
0100
0200
0400
0E00
0100
0100
0100
4100
3E00
0000
0000
0000
ENDCHAR
STARTCHAR four
ENCODING 52
SWIDTH 576 0
DWIDTH 9 0
BBX 9 15 0 -3
BITMAP
0000
0000
0200
0600
0A00
1200
2200
4200
7F00
0200
0200
0200
0000
0000
0000
ENDCHAR
STARTCHAR five
ENCODING 53
SWIDTH 576 0
DWIDTH 9 0
BBX 9 15 0 -3
BITMAP
0000
0000
7F00
4000
4000
5E00
6100
0100
0100
0100
4100
3E00
0000
0000
0000
ENDCHAR
STARTCHAR six
ENCODING 54
SWIDTH 576 0
DWIDTH 9 0
BBX 9 15 0 -3
BITMAP
0000
0000
1E00
2000
4000
4000
5E00
6100
4100
4100
4100
3E00
0000
0000
0000
ENDCHAR
STARTCHAR seven
ENCODING 55
SWIDTH 576 0
DWIDTH 9 0
BBX 9 15 0 -3
BITMAP
0000
0000
7F00
0100
0200
0200
0400
0400
0800
0800
1000
1000
0000
0000
0000
ENDCHAR
STARTCHAR eight
ENCODING 56
SWIDTH 576 0
DWIDTH 9 0
BBX 9 15 0 -3
BITMAP
0000
0000
1C00
2200
4100
2200
1C00
2200
4100
4100
2200
1C00
0000
0000
0000
ENDCHAR
STARTCHAR nine
ENCODING 57
SWIDTH 576 0
DWIDTH 9 0
BBX 9 15 0 -3
BITMAP
0000
0000
3E00
4100
4100
4100
4300
3D00
0100
0100
0200
3C00
0000
0000
0000
ENDCHAR
STARTCHAR colon
ENCODING 58
SWIDTH 576 0
DWIDTH 9 0
BBX 9 15 0 -3
BITMAP
0000
0000
0000
0000
0000
0C00
0C00
0000
0000
0000
0C00
0C00
0000
0000
0000
ENDCHAR
STARTCHAR semicolon
ENCODING 59
SWIDTH 576 0
DWIDTH 9 0
BBX 9 15 0 -3
BITMAP
0000
0000
0000
0000
0000
0C00
0C00
0000
0000
0000
0C00
0C00
0400
0400
0800
ENDCHAR
STARTCHAR less
ENCODING 60
SWIDTH 576 0
DWIDTH 9 0
BBX 9 15 0 -3
BITMAP
0000
0000
0200
0400
0800
1000
2000
2000
1000
0800
0400
0200
0000
0000
0000
ENDCHAR
STARTCHAR equal
ENCODING 61
SWIDTH 576 0
DWIDTH 9 0
BBX 9 15 0 -3
BITMAP
0000
0000
0000
0000
0000
0000
7F00
0000
0000
7F00
0000
0000
0000
0000
0000
ENDCHAR
STARTCHAR greater
ENCODING 62
SWIDTH 576 0
DWIDTH 9 0
BBX 9 15 0 -3
BITMAP
0000
0000
2000
1000
0800
0400
0200
0200
0400
0800
1000
2000
0000
0000
0000
ENDCHAR
STARTCHAR question
ENCODING 63
SWIDTH 576 0
DWIDTH 9 0
BBX 9 15 0 -3
BITMAP
0000
0000
3E00
4100
4100
0100
0200
0400
0800
0800
0000
0800
0000
0000
0000
ENDCHAR
STARTCHAR at
ENCODING 64
SWIDTH 576 0
DWIDTH 9 0
BBX 9 15 0 -3
BITMAP
0000
0000
3E00
4100
4100
4F00
5100
5300
4D00
4000
4000
3E00
0000
0000
0000
ENDCHAR
STARTCHAR A
ENCODING 65
SWIDTH 576 0
DWIDTH 9 0
BBX 9 15 0 -3
BITMAP
0000
0000
0800
1400
2200
4100
4100
4100
7F00
4100
4100
4100
0000
0000
0000
ENDCHAR
STARTCHAR B
ENCODING 66
SWIDTH 576 0
DWIDTH 9 0
BBX 9 15 0 -3
BITMAP
0000
0000
7C00
4200
4100
4200
7C00
4200
4100
4100
4200
7C00
0000
0000
0000
ENDCHAR
STARTCHAR C
ENCODING 67
SWIDTH 576 0
DWIDTH 9 0
BBX 9 15 0 -3
BITMAP
0000
0000
3E00
4100
4000
4000
4000
4000
4000
4000
4100
3E00
0000
0000
0000
ENDCHAR
STARTCHAR D
ENCODING 68
SWIDTH 576 0
DWIDTH 9 0
BBX 9 15 0 -3
BITMAP
0000
0000
7C00
4200
4100
4100
4100
4100
4100
4100
4200
7C00
0000
0000
0000
ENDCHAR
STARTCHAR E
ENCODING 69
SWIDTH 576 0
DWIDTH 9 0
BBX 9 15 0 -3
BITMAP
0000
0000
7F00
4000
4000
4000
7C00
4000
4000
4000
4000
7F00
0000
0000
0000
ENDCHAR
STARTCHAR F
ENCODING 70
SWIDTH 576 0
DWIDTH 9 0
BBX 9 15 0 -3
BITMAP
0000
0000
7F00
4000
4000
4000
7C00
4000
4000
4000
4000
4000
0000
0000
0000
ENDCHAR
STARTCHAR G
ENCODING 71
SWIDTH 576 0
DWIDTH 9 0
BBX 9 15 0 -3
BITMAP
0000
0000
3E00
4100
4000
4000
4000
4700
4100
4100
4100
3E00
0000
0000
0000
ENDCHAR
STARTCHAR H
ENCODING 72
SWIDTH 576 0
DWIDTH 9 0
BBX 9 15 0 -3
BITMAP
0000
0000
4100
4100
4100
4100
7F00
4100
4100
4100
4100
4100
0000
0000
0000
ENDCHAR
STARTCHAR I
ENCODING 73
SWIDTH 576 0
DWIDTH 9 0
BBX 9 15 0 -3
BITMAP
0000
0000
3E00
0800
0800
0800
0800
0800
0800
0800
0800
3E00
0000
0000
0000
ENDCHAR
STARTCHAR J
ENCODING 74
SWIDTH 576 0
DWIDTH 9 0
BBX 9 15 0 -3
BITMAP
0000
0000
0F80
0200
0200
0200
0200
0200
0200
0200
4200
3C00
0000
0000
0000
ENDCHAR
STARTCHAR K
ENCODING 75
SWIDTH 576 0
DWIDTH 9 0
BBX 9 15 0 -3
BITMAP
0000
0000
4100
4200
4400
4800
7000
5000
4800
4400
4200
4100
0000
0000
0000
ENDCHAR
STARTCHAR L
ENCODING 76
SWIDTH 576 0
DWIDTH 9 0
BBX 9 15 0 -3
BITMAP
0000
0000
4000
4000
4000
4000
4000
4000
4000
4000
4000
7F00
0000
0000
0000
ENDCHAR
STARTCHAR M
ENCODING 77
SWIDTH 576 0
DWIDTH 9 0
BBX 9 15 0 -3
BITMAP
0000
0000
4100
4100
6300
5500
5500
4900
4900
4100
4100
4100
0000
0000
0000
ENDCHAR
STARTCHAR N
ENCODING 78
SWIDTH 576 0
DWIDTH 9 0
BBX 9 15 0 -3
BITMAP
0000
0000
4100
4100
6100
5100
4900
4500
4300
4100
4100
4100
0000
0000
0000
ENDCHAR
STARTCHAR O
ENCODING 79
SWIDTH 576 0
DWIDTH 9 0
BBX 9 15 0 -3
BITMAP
0000
0000
3E00
4100
4100
4100
4100
4100
4100
4100
4100
3E00
0000
0000
0000
ENDCHAR
STARTCHAR P
ENCODING 80
SWIDTH 576 0
DWIDTH 9 0
BBX 9 15 0 -3
BITMAP
0000
0000
7E00
4100
4100
4100
7E00
4000
4000
4000
4000
4000
0000
0000
0000
ENDCHAR
STARTCHAR Q
ENCODING 81
SWIDTH 576 0
DWIDTH 9 0
BBX 9 15 0 -3
BITMAP
0000
0000
3E00
4100
4100
4100
4100
4100
4100
5100
4900
3E00
0400
0300
0000
ENDCHAR
STARTCHAR R
ENCODING 82
SWIDTH 576 0
DWIDTH 9 0
BBX 9 15 0 -3
BITMAP
0000
0000
7E00
4100
4100
4100
7E00
4800
4400
4200
4100
4100
0000
0000
0000
ENDCHAR
STARTCHAR S
ENCODING 83
SWIDTH 576 0
DWIDTH 9 0
BBX 9 15 0 -3
BITMAP
0000
0000
3E00
4100
4100
4000
3800
0600
0100
4100
4100
3E00
0000
0000
0000
ENDCHAR
STARTCHAR T
ENCODING 84
SWIDTH 576 0
DWIDTH 9 0
BBX 9 15 0 -3
BITMAP
0000
0000
7F00
0800
0800
0800
0800
0800
0800
0800
0800
0800
0000
0000
0000
ENDCHAR
STARTCHAR U
ENCODING 85
SWIDTH 576 0
DWIDTH 9 0
BBX 9 15 0 -3
BITMAP
0000
0000
4100
4100
4100
4100
4100
4100
4100
4100
4100
3E00
0000
0000
0000
ENDCHAR
STARTCHAR V
ENCODING 86
SWIDTH 576 0
DWIDTH 9 0
BBX 9 15 0 -3
BITMAP
0000
0000
4100
4100
4100
2200
2200
2200
1400
1400
1400
0800
0000
0000
0000
ENDCHAR
STARTCHAR W
ENCODING 87
SWIDTH 576 0
DWIDTH 9 0
BBX 9 15 0 -3
BITMAP
0000
0000
4100
4100
4100
4100
4900
4900
4900
4900
5500
2200
0000
0000
0000
ENDCHAR
STARTCHAR X
ENCODING 88
SWIDTH 576 0
DWIDTH 9 0
BBX 9 15 0 -3
BITMAP
0000
0000
4100
4100
2200
1400
0800
0800
1400
2200
4100
4100
0000
0000
0000
ENDCHAR
STARTCHAR Y
ENCODING 89
SWIDTH 576 0
DWIDTH 9 0
BBX 9 15 0 -3
BITMAP
0000
0000
4100
4100
2200
1400
0800
0800
0800
0800
0800
0800
0000
0000
0000
ENDCHAR
STARTCHAR Z
ENCODING 90
SWIDTH 576 0
DWIDTH 9 0
BBX 9 15 0 -3
BITMAP
0000
0000
7F00
0100
0200
0400
0800
1000
2000
4000
4000
7F00
0000
0000
0000
ENDCHAR
STARTCHAR bracketleft
ENCODING 91
SWIDTH 576 0
DWIDTH 9 0
BBX 9 15 0 -3
BITMAP
0000
1E00
1000
1000
1000
1000
1000
1000
1000
1000
1000
1000
1E00
0000
0000
ENDCHAR
STARTCHAR backslash
ENCODING 92
SWIDTH 576 0
DWIDTH 9 0
BBX 9 15 0 -3
BITMAP
0000
0000
4000
2000
2000
1000
0800
0800
0400
0200
0200
0100
0000
0000
0000
ENDCHAR
STARTCHAR bracketright
ENCODING 93
SWIDTH 576 0
DWIDTH 9 0
BBX 9 15 0 -3
BITMAP
0000
3C00
0400
0400
0400
0400
0400
0400
0400
0400
0400
0400
3C00
0000
0000
ENDCHAR
STARTCHAR asciicircum
ENCODING 94
SWIDTH 576 0
DWIDTH 9 0
BBX 9 15 0 -3
BITMAP
0000
0000
0800
1400
2200
4100
0000
0000
0000
0000
0000
0000
0000
0000
0000
ENDCHAR
STARTCHAR underscore
ENCODING 95
SWIDTH 576 0
DWIDTH 9 0
BBX 9 15 0 -3
BITMAP
0000
0000
0000
0000
0000
0000
0000
0000
0000
0000
0000
0000
FF00
0000
0000
ENDCHAR
STARTCHAR grave
ENCODING 96
SWIDTH 576 0
DWIDTH 9 0
BBX 9 15 0 -3
BITMAP
0000
1000
0800
0400
0000
0000
0000
0000
0000
0000
0000
0000
0000
0000
0000
ENDCHAR
STARTCHAR a
ENCODING 97
SWIDTH 576 0
DWIDTH 9 0
BBX 9 15 0 -3
BITMAP
0000
0000
0000
0000
0000
3E00
0100
0100
3F00
4100
4300
3D00
0000
0000
0000
ENDCHAR
STARTCHAR b
ENCODING 98
SWIDTH 576 0
DWIDTH 9 0
BBX 9 15 0 -3
BITMAP
0000
0000
4000
4000
4000
5E00
6100
4100
4100
4100
6100
5E00
0000
0000
0000
ENDCHAR
STARTCHAR c
ENCODING 99
SWIDTH 576 0
DWIDTH 9 0
BBX 9 15 0 -3
BITMAP
0000
0000
0000
0000
0000
3E00
4100
4000
4000
4000
4100
3E00
0000
0000
0000
ENDCHAR
STARTCHAR d
ENCODING 100
SWIDTH 576 0
DWIDTH 9 0
BBX 9 15 0 -3
BITMAP
0000
0000
0100
0100
0100
3D00
4300
4100
4100
4100
4300
3D00
0000
0000
0000
ENDCHAR
STARTCHAR e
ENCODING 101
SWIDTH 576 0
DWIDTH 9 0
BBX 9 15 0 -3
BITMAP
0000
0000
0000
0000
0000
3E00
4100
4100
7F00
4000
4000
3E00
0000
0000
0000
ENDCHAR
STARTCHAR f
ENCODING 102
SWIDTH 576 0
DWIDTH 9 0
BBX 9 15 0 -3
BITMAP
0000
0000
0E00
1100
1100
1000
1000
7C00
1000
1000
1000
1000
0000
0000
0000
ENDCHAR
STARTCHAR g
ENCODING 103
SWIDTH 576 0
DWIDTH 9 0
BBX 9 15 0 -3
BITMAP
0000
0000
0000
0000
0000
3D00
4200
4200
4200
3C00
4000
3E00
4100
4100
3E00
ENDCHAR
STARTCHAR h
ENCODING 104
SWIDTH 576 0
DWIDTH 9 0
BBX 9 15 0 -3
BITMAP
0000
0000
4000
4000
4000
5E00
6100
4100
4100
4100
4100
4100
0000
0000
0000
ENDCHAR
STARTCHAR i
ENCODING 105
SWIDTH 576 0
DWIDTH 9 0
BBX 9 15 0 -3
BITMAP
0000
0000
1800
0000
0000
3800
0800
0800
0800
0800
0800
3E00
0000
0000
0000
ENDCHAR
STARTCHAR j
ENCODING 106
SWIDTH 576 0
DWIDTH 9 0
BBX 9 15 0 -3
BITMAP
0000
0000
0600
0000
0000
0E00
0200
0200
0200
0200
0200
4200
4200
4200
3C00
ENDCHAR
STARTCHAR k
ENCODING 107
SWIDTH 576 0
DWIDTH 9 0
BBX 9 15 0 -3
BITMAP
0000
0000
4000
4000
4000
4100
4600
5800
6000
5800
4600
4100
0000
0000
0000
ENDCHAR
STARTCHAR l
ENCODING 108
SWIDTH 576 0
DWIDTH 9 0
BBX 9 15 0 -3
BITMAP
0000
0000
3800
0800
0800
0800
0800
0800
0800
0800
0800
3E00
0000
0000
0000
ENDCHAR
STARTCHAR m
ENCODING 109
SWIDTH 576 0
DWIDTH 9 0
BBX 9 15 0 -3
BITMAP
0000
0000
0000
0000
0000
7600
4900
4900
4900
4900
4900
4100
0000
0000
0000
ENDCHAR
STARTCHAR n
ENCODING 110
SWIDTH 576 0
DWIDTH 9 0
BBX 9 15 0 -3
BITMAP
0000
0000
0000
0000
0000
5E00
6100
4100
4100
4100
4100
4100
0000
0000
0000
ENDCHAR
STARTCHAR o
ENCODING 111
SWIDTH 576 0
DWIDTH 9 0
BBX 9 15 0 -3
BITMAP
0000
0000
0000
0000
0000
3E00
4100
4100
4100
4100
4100
3E00
0000
0000
0000
ENDCHAR
STARTCHAR p
ENCODING 112
SWIDTH 576 0
DWIDTH 9 0
BBX 9 15 0 -3
BITMAP
0000
0000
0000
0000
0000
5E00
6100
4100
4100
4100
6100
5E00
4000
4000
4000
ENDCHAR
STARTCHAR q
ENCODING 113
SWIDTH 576 0
DWIDTH 9 0
BBX 9 15 0 -3
BITMAP
0000
0000
0000
0000
0000
3D00
4300
4100
4100
4100
4300
3D00
0100
0100
0100
ENDCHAR
STARTCHAR r
ENCODING 114
SWIDTH 576 0
DWIDTH 9 0
BBX 9 15 0 -3
BITMAP
0000
0000
0000
0000
0000
4E00
3100
2100
2000
2000
2000
2000
0000
0000
0000
ENDCHAR
STARTCHAR s
ENCODING 115
SWIDTH 576 0
DWIDTH 9 0
BBX 9 15 0 -3
BITMAP
0000
0000
0000
0000
0000
3E00
4100
4000
3E00
0100
4100
3E00
0000
0000
0000
ENDCHAR
STARTCHAR t
ENCODING 116
SWIDTH 576 0
DWIDTH 9 0
BBX 9 15 0 -3
BITMAP
0000
0000
0000
1000
1000
7E00
1000
1000
1000
1000
1100
0E00
0000
0000
0000
ENDCHAR
STARTCHAR u
ENCODING 117
SWIDTH 576 0
DWIDTH 9 0
BBX 9 15 0 -3
BITMAP
0000
0000
0000
0000
0000
4200
4200
4200
4200
4200
4200
3D00
0000
0000
0000
ENDCHAR
STARTCHAR v
ENCODING 118
SWIDTH 576 0
DWIDTH 9 0
BBX 9 15 0 -3
BITMAP
0000
0000
0000
0000
0000
4100
4100
2200
2200
1400
1400
0800
0000
0000
0000
ENDCHAR
STARTCHAR w
ENCODING 119
SWIDTH 576 0
DWIDTH 9 0
BBX 9 15 0 -3
BITMAP
0000
0000
0000
0000
0000
4100
4100
4900
4900
4900
5500
2200
0000
0000
0000
ENDCHAR
STARTCHAR x
ENCODING 120
SWIDTH 576 0
DWIDTH 9 0
BBX 9 15 0 -3
BITMAP
0000
0000
0000
0000
0000
4100
2200
1400
0800
1400
2200
4100
0000
0000
0000
ENDCHAR
STARTCHAR y
ENCODING 121
SWIDTH 576 0
DWIDTH 9 0
BBX 9 15 0 -3
BITMAP
0000
0000
0000
0000
0000
4200
4200
4200
4200
4200
4600
3A00
0200
4200
3C00
ENDCHAR
STARTCHAR z
ENCODING 122
SWIDTH 576 0
DWIDTH 9 0
BBX 9 15 0 -3
BITMAP
0000
0000
0000
0000
0000
7F00
0200
0400
0800
1000
2000
7F00
0000
0000
0000
ENDCHAR
STARTCHAR braceleft
ENCODING 123
SWIDTH 576 0
DWIDTH 9 0
BBX 9 15 0 -3
BITMAP
0000
0700
0800
0800
0800
0400
1800
1800
0400
0800
0800
0800
0700
0000
0000
ENDCHAR
STARTCHAR bar
ENCODING 124
SWIDTH 576 0
DWIDTH 9 0
BBX 9 15 0 -3
BITMAP
0000
0800
0800
0800
0800
0800
0800
0800
0800
0800
0800
0800
0800
0000
0000
ENDCHAR
STARTCHAR braceright
ENCODING 125
SWIDTH 576 0
DWIDTH 9 0
BBX 9 15 0 -3
BITMAP
0000
7000
0800
0800
0800
1000
0C00
0C00
1000
0800
0800
0800
7000
0000
0000
ENDCHAR
STARTCHAR asciitilde
ENCODING 126
SWIDTH 576 0
DWIDTH 9 0
BBX 9 15 0 -3
BITMAP
0000
0000
3100
4900
4600
0000
0000
0000
0000
0000
0000
0000
0000
0000
0000
ENDCHAR
STARTCHAR space
ENCODING 160
SWIDTH 576 0
DWIDTH 9 0
BBX 9 15 0 -3
BITMAP
0000
0000
0000
0000
0000
0000
0000
0000
0000
0000
0000
0000
0000
0000
0000
ENDCHAR
STARTCHAR exclamdown
ENCODING 161
SWIDTH 576 0
DWIDTH 9 0
BBX 9 15 0 -3
BITMAP
0000
0800
0800
0000
0000
0800
0800
0800
0800
0800
0800
0800
0000
0000
0000
ENDCHAR
STARTCHAR cent
ENCODING 162
SWIDTH 576 0
DWIDTH 9 0
BBX 9 15 0 -3
BITMAP
0000
0000
0000
0000
0400
3C00
4A00
4800
5000
5200
3C00
2000
0000
0000
0000
ENDCHAR
STARTCHAR sterling
ENCODING 163
SWIDTH 576 0
DWIDTH 9 0
BBX 9 15 0 -3
BITMAP
0000
0000
0E00
1100
1000
1000
7C00
1000
1000
3000
5100
2E00
0000
0000
0000
ENDCHAR
STARTCHAR currency
ENCODING 164
SWIDTH 576 0
DWIDTH 9 0
BBX 9 15 0 -3
BITMAP
0000
0000
0000
4100
3E00
2200
2200
3E00
4100
0000
0000
0000
0000
0000
0000
ENDCHAR
STARTCHAR yen
ENCODING 165
SWIDTH 576 0
DWIDTH 9 0
BBX 9 15 0 -3
BITMAP
0000
0000
4100
4100
2200
1400
3E00
0800
3E00
0800
0800
0800
0000
0000
0000
ENDCHAR
STARTCHAR brokenbar
ENCODING 166
SWIDTH 576 0
DWIDTH 9 0
BBX 9 15 0 -3
BITMAP
0000
0000
0800
0800
0800
0800
0800
0000
0800
0800
0800
0800
0800
0000
0000
ENDCHAR
STARTCHAR section
ENCODING 167
SWIDTH 576 0
DWIDTH 9 0
BBX 9 15 0 -3
BITMAP
0000
0000
1800
2400
2000
1800
2400
2400
2400
1800
0400
2400
1800
0000
0000
ENDCHAR
STARTCHAR dieresis
ENCODING 168
SWIDTH 576 0
DWIDTH 9 0
BBX 9 15 0 -3
BITMAP
0000
2200
2200
0000
0000
0000
0000
0000
0000
0000
0000
0000
0000
0000
0000
ENDCHAR
STARTCHAR copyright
ENCODING 169
SWIDTH 576 0
DWIDTH 9 0
BBX 9 15 0 -3
BITMAP
0000
0000
3C00
4200
9900
A500
A100
A500
9900
4200
3C00
0000
0000
0000
0000
ENDCHAR
STARTCHAR ordfeminine
ENCODING 170
SWIDTH 576 0
DWIDTH 9 0
BBX 9 15 0 -3
BITMAP
0000
0000
3000
4800
3800
4800
3C00
0000
7C00
0000
0000
0000
0000
0000
0000
ENDCHAR
STARTCHAR guillemotleft
ENCODING 171
SWIDTH 576 0
DWIDTH 9 0
BBX 9 15 0 -3
BITMAP
0000
0000
0000
0900
1200
2400
4800
4800
2400
1200
0900
0000
0000
0000
0000
ENDCHAR
STARTCHAR logicalnot
ENCODING 172
SWIDTH 576 0
DWIDTH 9 0
BBX 9 15 0 -3
BITMAP
0000
0000
0000
0000
0000
0000
7E00
0200
0200
0200
0000
0000
0000
0000
0000
ENDCHAR
STARTCHAR hyphen
ENCODING 173
SWIDTH 576 0
DWIDTH 9 0
BBX 9 15 0 -3
BITMAP
0000
0000
0000
0000
0000
0000
0000
3E00
0000
0000
0000
0000
0000
0000
0000
ENDCHAR
STARTCHAR registered
ENCODING 174
SWIDTH 576 0
DWIDTH 9 0
BBX 9 15 0 -3
BITMAP
0000
0000
3C00
4200
B900
A500
B900
A900
A500
4200
3C00
0000
0000
0000
0000
ENDCHAR
STARTCHAR macron
ENCODING 175
SWIDTH 576 0
DWIDTH 9 0
BBX 9 15 0 -3
BITMAP
0000
0000
7E00
0000
0000
0000
0000
0000
0000
0000
0000
0000
0000
0000
0000
ENDCHAR
STARTCHAR degree
ENCODING 176
SWIDTH 576 0
DWIDTH 9 0
BBX 9 15 0 -3
BITMAP
0000
0000
0C00
1200
1200
0C00
0000
0000
0000
0000
0000
0000
0000
0000
0000
ENDCHAR
STARTCHAR plusminus
ENCODING 177
SWIDTH 576 0
DWIDTH 9 0
BBX 9 15 0 -3
BITMAP
0000
0000
0800
0800
0800
7F00
0800
0800
0800
0000
7F00
0000
0000
0000
0000
ENDCHAR
STARTCHAR twosuperior
ENCODING 178
SWIDTH 576 0
DWIDTH 9 0
BBX 9 15 0 -3
BITMAP
0000
0000
3000
4800
0800
3000
4000
7800
0000
0000
0000
0000
0000
0000
0000
ENDCHAR
STARTCHAR threesuperior
ENCODING 179
SWIDTH 576 0
DWIDTH 9 0
BBX 9 15 0 -3
BITMAP
0000
0000
3000
4800
1000
0800
4800
3000
0000
0000
0000
0000
0000
0000
0000
ENDCHAR
STARTCHAR acute
ENCODING 180
SWIDTH 576 0
DWIDTH 9 0
BBX 9 15 0 -3
BITMAP
0000
0400
0800
1000
0000
0000
0000
0000
0000
0000
0000
0000
0000
0000
0000
ENDCHAR
STARTCHAR mu
ENCODING 181
SWIDTH 576 0
DWIDTH 9 0
BBX 9 15 0 -3
BITMAP
0000
0000
0000
0000
0000
4100
4100
4100
4100
4100
6300
5D00
4000
4000
0000
ENDCHAR
STARTCHAR paragraph
ENCODING 182
SWIDTH 576 0
DWIDTH 9 0
BBX 9 15 0 -3
BITMAP
0000
0000
3F00
4500
4500
4500
3D00
0500
0500
0500
0500
0500
0000
0000
0000
ENDCHAR
STARTCHAR periodcentered
ENCODING 183
SWIDTH 576 0
DWIDTH 9 0
BBX 9 15 0 -3
BITMAP
0000
0000
0000
0000
0000
0000
0C00
0C00
0000
0000
0000
0000
0000
0000
0000
ENDCHAR
STARTCHAR cedilla
ENCODING 184
SWIDTH 576 0
DWIDTH 9 0
BBX 9 15 0 -3
BITMAP
0000
0000
0000
0000
0000
0000
0000
0000
0000
0000
0000
0000
0C00
2400
1800
ENDCHAR
STARTCHAR onesuperior
ENCODING 185
SWIDTH 576 0
DWIDTH 9 0
BBX 9 15 0 -3
BITMAP
0000
0000
2000
6000
2000
2000
2000
7000
0000
0000
0000
0000
0000
0000
0000
ENDCHAR
STARTCHAR ordmasculine
ENCODING 186
SWIDTH 576 0
DWIDTH 9 0
BBX 9 15 0 -3
BITMAP
0000
0000
3800
4400
4400
3800
0000
7C00
0000
0000
0000
0000
0000
0000
0000
ENDCHAR
STARTCHAR guillemotright
ENCODING 187
SWIDTH 576 0
DWIDTH 9 0
BBX 9 15 0 -3
BITMAP
0000
0000
0000
4800
2400
1200
0900
0900
1200
2400
4800
0000
0000
0000
0000
ENDCHAR
STARTCHAR onequarter
ENCODING 188
SWIDTH 576 0
DWIDTH 9 0
BBX 9 15 0 -3
BITMAP
0000
0000
2000
6000
2000
2000
2100
7300
0500
0900
0D00
0300
0000
0000
0000
ENDCHAR
STARTCHAR onehalf
ENCODING 189
SWIDTH 576 0
DWIDTH 9 0
BBX 9 15 0 -3
BITMAP
0000
0000
2000
6000
2000
2000
2600
7900
0100
0600
0800
0F00
0000
0000
0000
ENDCHAR
STARTCHAR threequarters
ENCODING 190
SWIDTH 576 0
DWIDTH 9 0
BBX 9 15 0 -3
BITMAP
0000
0000
3000
4800
1000
0800
4900
3300
0500
0900
0D00
0300
0000
0000
0000
ENDCHAR
STARTCHAR questiondown
ENCODING 191
SWIDTH 576 0
DWIDTH 9 0
BBX 9 15 0 -3
BITMAP
0000
0000
0800
0000
0800
0800
1000
2000
4000
4100
4100
3E00
0000
0000
0000
ENDCHAR
STARTCHAR Agrave
ENCODING 192
SWIDTH 576 0
DWIDTH 9 0
BBX 9 15 0 -3
BITMAP
2000
1000
0800
0000
1C00
2200
4100
4100
7F00
4100
4100
4100
0000
0000
0000
ENDCHAR
STARTCHAR Aacute
ENCODING 193
SWIDTH 576 0
DWIDTH 9 0
BBX 9 15 0 -3
BITMAP
0200
0400
0800
0000
1C00
2200
4100
4100
7F00
4100
4100
4100
0000
0000
0000
ENDCHAR
STARTCHAR Acircumflex
ENCODING 194
SWIDTH 576 0
DWIDTH 9 0
BBX 9 15 0 -3
BITMAP
0800
1400
2200
0000
1C00
2200
4100
4100
7F00
4100
4100
4100
0000
0000
0000
ENDCHAR
STARTCHAR Atilde
ENCODING 195
SWIDTH 576 0
DWIDTH 9 0
BBX 9 15 0 -3
BITMAP
0000
3100
4E00
0000
1C00
2200
4100
4100
7F00
4100
4100
4100
0000
0000
0000
ENDCHAR
STARTCHAR Adieresis
ENCODING 196
SWIDTH 576 0
DWIDTH 9 0
BBX 9 15 0 -3
BITMAP
0000
2200
2200
0000
1C00
2200
4100
4100
7F00
4100
4100
4100
0000
0000
0000
ENDCHAR
STARTCHAR Aring
ENCODING 197
SWIDTH 576 0
DWIDTH 9 0
BBX 9 15 0 -3
BITMAP
0000
1C00
2200
1C00
1400
2200
4100
4100
7F00
4100
4100
4100
0000
0000
0000
ENDCHAR
STARTCHAR AE
ENCODING 198
SWIDTH 576 0
DWIDTH 9 0
BBX 9 15 0 -3
BITMAP
0000
0000
3700
4800
4800
4800
4800
7E00
4800
4800
4800
4F00
0000
0000
0000
ENDCHAR
STARTCHAR Ccedilla
ENCODING 199
SWIDTH 576 0
DWIDTH 9 0
BBX 9 15 0 -3
BITMAP
0000
0000
3E00
4100
4000
4000
4000
4000
4000
4000
4100
3E00
0C00
2400
1800
ENDCHAR
STARTCHAR Egrave
ENCODING 200
SWIDTH 576 0
DWIDTH 9 0
BBX 9 15 0 -3
BITMAP
2000
1000
0800
0000
7F00
2000
2000
3C00
2000
2000
2000
7F00
0000
0000
0000
ENDCHAR
STARTCHAR Eacute
ENCODING 201
SWIDTH 576 0
DWIDTH 9 0
BBX 9 15 0 -3
BITMAP
0200
0400
0800
0000
7F00
2000
2000
3C00
2000
2000
2000
7F00
0000
0000
0000
ENDCHAR
STARTCHAR Ecircumflex
ENCODING 202
SWIDTH 576 0
DWIDTH 9 0
BBX 9 15 0 -3
BITMAP
0800
1400
2200
0000
7F00
2000
2000
3C00
2000
2000
2000
7F00
0000
0000
0000
ENDCHAR
STARTCHAR Edieresis
ENCODING 203
SWIDTH 576 0
DWIDTH 9 0
BBX 9 15 0 -3
BITMAP
0000
2200
2200
0000
7F00
2000
2000
3C00
2000
2000
2000
7F00
0000
0000
0000
ENDCHAR
STARTCHAR Igrave
ENCODING 204
SWIDTH 576 0
DWIDTH 9 0
BBX 9 15 0 -3
BITMAP
2000
1000
0800
0000
3E00
0800
0800
0800
0800
0800
0800
3E00
0000
0000
0000
ENDCHAR
STARTCHAR Iacute
ENCODING 205
SWIDTH 576 0
DWIDTH 9 0
BBX 9 15 0 -3
BITMAP
0200
0400
0800
0000
3E00
0800
0800
0800
0800
0800
0800
3E00
0000
0000
0000
ENDCHAR
STARTCHAR Icircumflex
ENCODING 206
SWIDTH 576 0
DWIDTH 9 0
BBX 9 15 0 -3
BITMAP
0800
1400
2200
0000
3E00
0800
0800
0800
0800
0800
0800
3E00
0000
0000
0000
ENDCHAR
STARTCHAR Idieresis
ENCODING 207
SWIDTH 576 0
DWIDTH 9 0
BBX 9 15 0 -3
BITMAP
0000
2200
2200
0000
3E00
0800
0800
0800
0800
0800
0800
3E00
0000
0000
0000
ENDCHAR
STARTCHAR Eth
ENCODING 208
SWIDTH 576 0
DWIDTH 9 0
BBX 9 15 0 -3
BITMAP
0000
0000
7C00
4200
4100
4100
E100
4100
4100
4100
4200
7C00
0000
0000
0000
ENDCHAR
STARTCHAR Ntilde
ENCODING 209
SWIDTH 576 0
DWIDTH 9 0
BBX 9 15 0 -3
BITMAP
0000
3100
4E00
0000
4100
6100
5100
4900
4900
4500
4300
4100
0000
0000
0000
ENDCHAR
STARTCHAR Ograve
ENCODING 210
SWIDTH 576 0
DWIDTH 9 0
BBX 9 15 0 -3
BITMAP
2000
1000
0800
0000
3E00
4100
4100
4100
4100
4100
4100
3E00
0000
0000
0000
ENDCHAR
STARTCHAR Oacute
ENCODING 211
SWIDTH 576 0
DWIDTH 9 0
BBX 9 15 0 -3
BITMAP
0200
0400
0800
0000
3E00
4100
4100
4100
4100
4100
4100
3E00
0000
0000
0000
ENDCHAR
STARTCHAR Ocircumflex
ENCODING 212
SWIDTH 576 0
DWIDTH 9 0
BBX 9 15 0 -3
BITMAP
0800
1400
2200
0000
3E00
4100
4100
4100
4100
4100
4100
3E00
0000
0000
0000
ENDCHAR
STARTCHAR Otilde
ENCODING 213
SWIDTH 576 0
DWIDTH 9 0
BBX 9 15 0 -3
BITMAP
0000
3100
4E00
0000
3E00
4100
4100
4100
4100
4100
4100
3E00
0000
0000
0000
ENDCHAR
STARTCHAR Odieresis
ENCODING 214
SWIDTH 576 0
DWIDTH 9 0
BBX 9 15 0 -3
BITMAP
0000
2200
2200
0000
3E00
4100
4100
4100
4100
4100
4100
3E00
0000
0000
0000
ENDCHAR
STARTCHAR multiply
ENCODING 215
SWIDTH 576 0
DWIDTH 9 0
BBX 9 15 0 -3
BITMAP
0000
0000
0000
0000
4100
2200
1400
0800
1400
2200
4100
0000
0000
0000
0000
ENDCHAR
STARTCHAR Oslash
ENCODING 216
SWIDTH 576 0
DWIDTH 9 0
BBX 9 15 0 -3
BITMAP
0000
0100
3E00
4300
4500
4500
4900
4900
5100
5100
6100
3E00
4000
0000
0000
ENDCHAR
STARTCHAR Ugrave
ENCODING 217
SWIDTH 576 0
DWIDTH 9 0
BBX 9 15 0 -3
BITMAP
2000
1000
0800
0000
4100
4100
4100
4100
4100
4100
4100
3E00
0000
0000
0000
ENDCHAR
STARTCHAR Uacute
ENCODING 218
SWIDTH 576 0
DWIDTH 9 0
BBX 9 15 0 -3
BITMAP
0200
0400
0800
0000
4100
4100
4100
4100
4100
4100
4100
3E00
0000
0000
0000
ENDCHAR
STARTCHAR Ucircumflex
ENCODING 219
SWIDTH 576 0
DWIDTH 9 0
BBX 9 15 0 -3
BITMAP
0800
1400
2200
0000
4100
4100
4100
4100
4100
4100
4100
3E00
0000
0000
0000
ENDCHAR
STARTCHAR Udieresis
ENCODING 220
SWIDTH 576 0
DWIDTH 9 0
BBX 9 15 0 -3
BITMAP
0000
2200
2200
0000
4100
4100
4100
4100
4100
4100
4100
3E00
0000
0000
0000
ENDCHAR
STARTCHAR Yacute
ENCODING 221
SWIDTH 576 0
DWIDTH 9 0
BBX 9 15 0 -3
BITMAP
0200
0400
0800
0000
4100
4100
2200
1400
0800
0800
0800
0800
0000
0000
0000
ENDCHAR
STARTCHAR Thorn
ENCODING 222
SWIDTH 576 0
DWIDTH 9 0
BBX 9 15 0 -3
BITMAP
0000
0000
4000
4000
7E00
4100
4100
4100
7E00
4000
4000
4000
0000
0000
0000
ENDCHAR
STARTCHAR germandbls
ENCODING 223
SWIDTH 576 0
DWIDTH 9 0
BBX 9 15 0 -3
BITMAP
0000
0000
1C00
2200
2200
2400
6800
2400
2200
2200
2200
2C00
0000
0000
0000
ENDCHAR
STARTCHAR agrave
ENCODING 224
SWIDTH 576 0
DWIDTH 9 0
BBX 9 15 0 -3
BITMAP
0000
1000
0800
0400
0000
3E00
0100
0100
3F00
4100
4300
3D00
0000
0000
0000
ENDCHAR
STARTCHAR aacute
ENCODING 225
SWIDTH 576 0
DWIDTH 9 0
BBX 9 15 0 -3
BITMAP
0000
0200
0400
0800
0000
3E00
0100
0100
3F00
4100
4300
3D00
0000
0000
0000
ENDCHAR
STARTCHAR acircumflex
ENCODING 226
SWIDTH 576 0
DWIDTH 9 0
BBX 9 15 0 -3
BITMAP
0000
0800
1400
2200
0000
3E00
0100
0100
3F00
4100
4300
3D00
0000
0000
0000
ENDCHAR
STARTCHAR atilde
ENCODING 227
SWIDTH 576 0
DWIDTH 9 0
BBX 9 15 0 -3
BITMAP
0000
0000
1900
2600
0000
3E00
0100
0100
3F00
4100
4300
3D00
0000
0000
0000
ENDCHAR
STARTCHAR adieresis
ENCODING 228
SWIDTH 576 0
DWIDTH 9 0
BBX 9 15 0 -3
BITMAP
0000
0000
2200
2200
0000
3E00
0100
0100
3F00
4100
4300
3D00
0000
0000
0000
ENDCHAR
STARTCHAR aring
ENCODING 229
SWIDTH 576 0
DWIDTH 9 0
BBX 9 15 0 -3
BITMAP
0000
0C00
1200
0C00
0000
3E00
0100
0100
3F00
4100
4300
3D00
0000
0000
0000
ENDCHAR
STARTCHAR ae
ENCODING 230
SWIDTH 576 0
DWIDTH 9 0
BBX 9 15 0 -3
BITMAP
0000
0000
0000
0000
0000
3600
4900
0900
3E00
4800
4900
3700
0000
0000
0000
ENDCHAR
STARTCHAR ccedilla
ENCODING 231
SWIDTH 576 0
DWIDTH 9 0
BBX 9 15 0 -3
BITMAP
0000
0000
0000
0000
0000
3E00
4100
4000
4000
4000
4100
3E00
0C00
2400
1800
ENDCHAR
STARTCHAR egrave
ENCODING 232
SWIDTH 576 0
DWIDTH 9 0
BBX 9 15 0 -3
BITMAP
0000
2000
1000
0800
0000
3E00
4100
4100
7F00
4000
4000
3E00
0000
0000
0000
ENDCHAR
STARTCHAR eacute
ENCODING 233
SWIDTH 576 0
DWIDTH 9 0
BBX 9 15 0 -3
BITMAP
0000
0200
0400
0800
0000
3E00
4100
4100
7F00
4000
4000
3E00
0000
0000
0000
ENDCHAR
STARTCHAR ecircumflex
ENCODING 234
SWIDTH 576 0
DWIDTH 9 0
BBX 9 15 0 -3
BITMAP
0000
0800
1400
2200
0000
3E00
4100
4100
7F00
4000
4000
3E00
0000
0000
0000
ENDCHAR
STARTCHAR edieresis
ENCODING 235
SWIDTH 576 0
DWIDTH 9 0
BBX 9 15 0 -3
BITMAP
0000
0000
2200
2200
0000
3E00
4100
4100
7F00
4000
4000
3E00
0000
0000
0000
ENDCHAR
STARTCHAR igrave
ENCODING 236
SWIDTH 576 0
DWIDTH 9 0
BBX 9 15 0 -3
BITMAP
0000
2000
1000
0800
0000
3800
0800
0800
0800
0800
0800
3E00
0000
0000
0000
ENDCHAR
STARTCHAR iacute
ENCODING 237
SWIDTH 576 0
DWIDTH 9 0
BBX 9 15 0 -3
BITMAP
0000
0400
0800
1000
0000
3800
0800
0800
0800
0800
0800
3E00
0000
0000
0000
ENDCHAR
STARTCHAR icircumflex
ENCODING 238
SWIDTH 576 0
DWIDTH 9 0
BBX 9 15 0 -3
BITMAP
0000
1000
2800
4400
0000
3800
0800
0800
0800
0800
0800
3E00
0000
0000
0000
ENDCHAR
STARTCHAR idieresis
ENCODING 239
SWIDTH 576 0
DWIDTH 9 0
BBX 9 15 0 -3
BITMAP
0000
0000
2400
2400
0000
3800
0800
0800
0800
0800
0800
3E00
0000
0000
0000
ENDCHAR
STARTCHAR eth
ENCODING 240
SWIDTH 576 0
DWIDTH 9 0
BBX 9 15 0 -3
BITMAP
0000
2400
1800
2800
0400
3E00
4100
4100
4100
4100
4100
3E00
0000
0000
0000
ENDCHAR
STARTCHAR ntilde
ENCODING 241
SWIDTH 576 0
DWIDTH 9 0
BBX 9 15 0 -3
BITMAP
0000
0000
3100
4E00
0000
5E00
6100
4100
4100
4100
4100
4100
0000
0000
0000
ENDCHAR
STARTCHAR ograve
ENCODING 242
SWIDTH 576 0
DWIDTH 9 0
BBX 9 15 0 -3
BITMAP
0000
2000
1000
0800
0000
3E00
4100
4100
4100
4100
4100
3E00
0000
0000
0000
ENDCHAR
STARTCHAR oacute
ENCODING 243
SWIDTH 576 0
DWIDTH 9 0
BBX 9 15 0 -3
BITMAP
0000
0200
0400
0800
0000
3E00
4100
4100
4100
4100
4100
3E00
0000
0000
0000
ENDCHAR
STARTCHAR ocircumflex
ENCODING 244
SWIDTH 576 0
DWIDTH 9 0
BBX 9 15 0 -3
BITMAP
0000
0800
1400
2200
0000
3E00
4100
4100
4100
4100
4100
3E00
0000
0000
0000
ENDCHAR
STARTCHAR otilde
ENCODING 245
SWIDTH 576 0
DWIDTH 9 0
BBX 9 15 0 -3
BITMAP
0000
0000
3100
4E00
0000
3E00
4100
4100
4100
4100
4100
3E00
0000
0000
0000
ENDCHAR
STARTCHAR odieresis
ENCODING 246
SWIDTH 576 0
DWIDTH 9 0
BBX 9 15 0 -3
BITMAP
0000
0000
2200
2200
0000
3E00
4100
4100
4100
4100
4100
3E00
0000
0000
0000
ENDCHAR
STARTCHAR divide
ENCODING 247
SWIDTH 576 0
DWIDTH 9 0
BBX 9 15 0 -3
BITMAP
0000
0000
0000
0800
1C00
0800
0000
7F00
0000
0800
1C00
0800
0000
0000
0000
ENDCHAR
STARTCHAR oslash
ENCODING 248
SWIDTH 576 0
DWIDTH 9 0
BBX 9 15 0 -3
BITMAP
0000
0000
0000
0000
0100
3E00
4500
4500
4900
5100
5100
3E00
4000
0000
0000
ENDCHAR
STARTCHAR ugrave
ENCODING 249
SWIDTH 576 0
DWIDTH 9 0
BBX 9 15 0 -3
BITMAP
0000
2000
1000
0800
0000
4200
4200
4200
4200
4200
4200
3D00
0000
0000
0000
ENDCHAR
STARTCHAR uacute
ENCODING 250
SWIDTH 576 0
DWIDTH 9 0
BBX 9 15 0 -3
BITMAP
0000
0200
0400
0800
0000
4200
4200
4200
4200
4200
4200
3D00
0000
0000
0000
ENDCHAR
STARTCHAR ucircumflex
ENCODING 251
SWIDTH 576 0
DWIDTH 9 0
BBX 9 15 0 -3
BITMAP
0000
0800
1400
2200
0000
4200
4200
4200
4200
4200
4200
3D00
0000
0000
0000
ENDCHAR
STARTCHAR udieresis
ENCODING 252
SWIDTH 576 0
DWIDTH 9 0
BBX 9 15 0 -3
BITMAP
0000
0000
2400
2400
0000
4200
4200
4200
4200
4200
4200
3D00
0000
0000
0000
ENDCHAR
STARTCHAR yacute
ENCODING 253
SWIDTH 576 0
DWIDTH 9 0
BBX 9 15 0 -3
BITMAP
0000
0400
0800
1000
0000
4200
4200
4200
4200
4200
4600
3A00
0200
4200
3C00
ENDCHAR
STARTCHAR thorn
ENCODING 254
SWIDTH 576 0
DWIDTH 9 0
BBX 9 15 0 -3
BITMAP
0000
0000
0000
4000
4000
4000
5E00
6100
4100
4100
6100
5E00
4000
4000
4000
ENDCHAR
STARTCHAR ydieresis
ENCODING 255
SWIDTH 576 0
DWIDTH 9 0
BBX 9 15 0 -3
BITMAP
0000
0000
2400
2400
0000
4200
4200
4200
4200
4200
4600
3A00
0200
4200
3C00
ENDCHAR
STARTCHAR Amacron
ENCODING 256
SWIDTH 576 0
DWIDTH 9 0
BBX 9 15 0 -3
BITMAP
0000
3E00
0000
1C00
2200
4100
4100
4100
7F00
4100
4100
4100
0000
0000
0000
ENDCHAR
STARTCHAR amacron
ENCODING 257
SWIDTH 576 0
DWIDTH 9 0
BBX 9 15 0 -3
BITMAP
0000
0000
0000
3E00
0000
3E00
0100
0100
3F00
4100
4300
3D00
0000
0000
0000
ENDCHAR
STARTCHAR Abreve
ENCODING 258
SWIDTH 576 0
DWIDTH 9 0
BBX 9 15 0 -3
BITMAP
0000
2200
1C00
0000
1C00
2200
4100
4100
7F00
4100
4100
4100
0000
0000
0000
ENDCHAR
STARTCHAR abreve
ENCODING 259
SWIDTH 576 0
DWIDTH 9 0
BBX 9 15 0 -3
BITMAP
0000
0000
2200
1C00
0000
3E00
0100
0100
3F00
4100
4300
3D00
0000
0000
0000
ENDCHAR
STARTCHAR Aogonek
ENCODING 260
SWIDTH 576 0
DWIDTH 9 0
BBX 9 15 0 -3
BITMAP
0000
0000
0800
1400
2200
4100
4100
4100
7F00
4100
4100
4100
0100
0180
0000
ENDCHAR
STARTCHAR aogonek
ENCODING 261
SWIDTH 576 0
DWIDTH 9 0
BBX 9 15 0 -3
BITMAP
0000
0000
0000
0000
0000
3E00
0100
0100
3F00
4100
4300
3D00
0100
0180
0000
ENDCHAR
STARTCHAR Cacute
ENCODING 262
SWIDTH 576 0
DWIDTH 9 0
BBX 9 15 0 -3
BITMAP
0200
0400
0800
0000
3E00
4100
4000
4000
4000
4000
4100
3E00
0000
0000
0000
ENDCHAR
STARTCHAR cacute
ENCODING 263
SWIDTH 576 0
DWIDTH 9 0
BBX 9 15 0 -3
BITMAP
0000
0200
0400
0800
0000
3E00
4100
4000
4000
4000
4100
3E00
0000
0000
0000
ENDCHAR
STARTCHAR Ccircumflex
ENCODING 264
SWIDTH 576 0
DWIDTH 9 0
BBX 9 15 0 -3
BITMAP
0800
1400
2200
0000
3E00
4100
4100
4000
4000
4000
4100
3E00
0000
0000
0000
ENDCHAR
STARTCHAR ccircumflex
ENCODING 265
SWIDTH 576 0
DWIDTH 9 0
BBX 9 15 0 -3
BITMAP
0000
0800
1400
2200
0000
3E00
4100
4000
4000
4000
4100
3E00
0000
0000
0000
ENDCHAR
STARTCHAR Cdotaccent
ENCODING 266
SWIDTH 576 0
DWIDTH 9 0
BBX 9 15 0 -3
BITMAP
0000
1800
0000
3E00
4100
4000
4000
4000
4000
4000
4100
3E00
0000
0000
0000
ENDCHAR
STARTCHAR cdotaccent
ENCODING 267
SWIDTH 576 0
DWIDTH 9 0
BBX 9 15 0 -3
BITMAP
0000
0000
0000
1800
0000
3E00
4100
4000
4000
4000
4100
3E00
0000
0000
0000
ENDCHAR
STARTCHAR Ccaron
ENCODING 268
SWIDTH 576 0
DWIDTH 9 0
BBX 9 15 0 -3
BITMAP
2200
1400
0800
0000
3E00
4100
4000
4000
4000
4000
4100
3E00
0000
0000
0000
ENDCHAR
STARTCHAR ccaron
ENCODING 269
SWIDTH 576 0
DWIDTH 9 0
BBX 9 15 0 -3
BITMAP
0000
2200
1400
0800
0000
3E00
4100
4000
4000
4000
4100
3E00
0000
0000
0000
ENDCHAR
STARTCHAR Dcaron
ENCODING 270
SWIDTH 576 0
DWIDTH 9 0
BBX 9 15 0 -3
BITMAP
2200
1400
0800
7C00
4200
4100
4100
4100
4100
4100
4200
7C00
0000
0000
0000
ENDCHAR
STARTCHAR dcaron
ENCODING 271
SWIDTH 576 0
DWIDTH 9 0
BBX 9 15 0 -3
BITMAP
0000
2200
1500
0900
0100
3D00
4300
4100
4100
4100
4300
3D00
0000
0000
0000
ENDCHAR
STARTCHAR Dcroat
ENCODING 272
SWIDTH 576 0
DWIDTH 9 0
BBX 9 15 0 -3
BITMAP
0000
0000
7C00
4200
4100
4100
E100
4100
4100
4100
4200
7C00
0000
0000
0000
ENDCHAR
STARTCHAR dcroat
ENCODING 273
SWIDTH 576 0
DWIDTH 9 0
BBX 9 15 0 -3
BITMAP
0000
0000
0100
0780
0100
3D00
4300
4100
4100
4100
4300
3D00
0000
0000
0000
ENDCHAR
STARTCHAR Emacron
ENCODING 274
SWIDTH 576 0
DWIDTH 9 0
BBX 9 15 0 -3
BITMAP
0000
3E00
0000
7F00
4000
4000
4000
7C00
4000
4000
4000
7F00
0000
0000
0000
ENDCHAR
STARTCHAR emacron
ENCODING 275
SWIDTH 576 0
DWIDTH 9 0
BBX 9 15 0 -3
BITMAP
0000
0000
0000
3E00
0000
3E00
4100
4100
7F00
4000
4000
3E00
0000
0000
0000
ENDCHAR
STARTCHAR Ebreve
ENCODING 276
SWIDTH 576 0
DWIDTH 9 0
BBX 9 15 0 -3
BITMAP
0000
2200
1C00
0000
7F00
4000
4000
7C00
4000
4000
4000
7F00
0000
0000
0000
ENDCHAR
STARTCHAR ebreve
ENCODING 277
SWIDTH 576 0
DWIDTH 9 0
BBX 9 15 0 -3
BITMAP
0000
0000
2200
1C00
0000
3E00
4100
4100
7F00
4000
4000
3E00
0000
0000
0000
ENDCHAR
STARTCHAR Edotaccent
ENCODING 278
SWIDTH 576 0
DWIDTH 9 0
BBX 9 15 0 -3
BITMAP
0000
1800
0000
7F00
4000
4000
4000
7C00
4000
4000
4000
7F00
0000
0000
0000
ENDCHAR
STARTCHAR edotaccent
ENCODING 279
SWIDTH 576 0
DWIDTH 9 0
BBX 9 15 0 -3
BITMAP
0000
0000
0000
1800
0000
3E00
4100
4100
7F00
4000
4000
3E00
0000
0000
0000
ENDCHAR
STARTCHAR Eogonek
ENCODING 280
SWIDTH 576 0
DWIDTH 9 0
BBX 9 15 0 -3
BITMAP
0000
0000
7F00
4000
4000
4000
7C00
4000
4000
4000
4000
7F00
0800
0C00
0000
ENDCHAR
STARTCHAR eogonek
ENCODING 281
SWIDTH 576 0
DWIDTH 9 0
BBX 9 15 0 -3
BITMAP
0000
0000
0000
0000
0000
3E00
4100
4100
7F00
4000
4000
3E00
0800
0C00
0000
ENDCHAR
STARTCHAR Ecaron
ENCODING 282
SWIDTH 576 0
DWIDTH 9 0
BBX 9 15 0 -3
BITMAP
2200
1400
0800
0000
7F00
4000
4000
7C00
4000
4000
4000
7F00
0000
0000
0000
ENDCHAR
STARTCHAR ecaron
ENCODING 283
SWIDTH 576 0
DWIDTH 9 0
BBX 9 15 0 -3
BITMAP
0000
2200
1400
0800
0000
3E00
4100
4100
7F00
4000
4000
3E00
0000
0000
0000
ENDCHAR
STARTCHAR Gcircumflex
ENCODING 284
SWIDTH 576 0
DWIDTH 9 0
BBX 9 15 0 -3
BITMAP
0800
1400
2200
0000
3E00
4100
4000
4000
4700
4100
4100
3E00
0000
0000
0000
ENDCHAR
STARTCHAR gcircumflex
ENCODING 285
SWIDTH 576 0
DWIDTH 9 0
BBX 9 15 0 -3
BITMAP
0000
0800
1400
2200
0000
3D00
4200
4200
4200
3C00
4000
3E00
4100
4100
3E00
ENDCHAR
STARTCHAR Gbreve
ENCODING 286
SWIDTH 576 0
DWIDTH 9 0
BBX 9 15 0 -3
BITMAP
0000
2200
1C00
0000
3E00
4100
4000
4000
4700
4100
4100
3E00
0000
0000
0000
ENDCHAR
STARTCHAR gbreve
ENCODING 287
SWIDTH 576 0
DWIDTH 9 0
BBX 9 15 0 -3
BITMAP
0000
0000
2200
1C00
0000
3D00
4200
4200
4200
3C00
4000
3E00
4100
4100
3E00
ENDCHAR
STARTCHAR Gdotaccent
ENCODING 288
SWIDTH 576 0
DWIDTH 9 0
BBX 9 15 0 -3
BITMAP
0000
1800
0000
3E00
4100
4000
4000
4700
4100
4100
4100
3E00
0000
0000
0000
ENDCHAR
STARTCHAR gdotaccent
ENCODING 289
SWIDTH 576 0
DWIDTH 9 0
BBX 9 15 0 -3
BITMAP
0000
0000
0000
1800
0000
3D00
4200
4200
4200
3C00
4000
3E00
4100
4100
3E00
ENDCHAR
STARTCHAR Gcommaaccent
ENCODING 290
SWIDTH 576 0
DWIDTH 9 0
BBX 9 15 0 -3
BITMAP
0000
0000
3E00
4100
4000
4000
4000
4700
4100
4100
4100
3E00
0C00
2400
1800
ENDCHAR
STARTCHAR gcommaaccent
ENCODING 291
SWIDTH 576 0
DWIDTH 9 0
BBX 9 15 0 -3
BITMAP
0000
0400
0800
0C00
0000
3D00
4200
4200
4200
3C00
4000
3E00
4100
3E00
0000
ENDCHAR
STARTCHAR Hcircumflex
ENCODING 292
SWIDTH 576 0
DWIDTH 9 0
BBX 9 15 0 -3
BITMAP
0800
1400
2200
0000
4100
4100
4100
7F00
4100
4100
4100
4100
0000
0000
0000
ENDCHAR
STARTCHAR hcircumflex
ENCODING 293
SWIDTH 576 0
DWIDTH 9 0
BBX 9 15 0 -3
BITMAP
0400
0A00
5100
4000
4000
5E00
6100
4100
4100
4100
4100
4100
0000
0000
0000
ENDCHAR
STARTCHAR Hbar
ENCODING 294
SWIDTH 576 0
DWIDTH 9 0
BBX 9 15 0 -3
BITMAP
0000
0000
4100
4100
FF80
4100
7F00
4100
4100
4100
4100
4100
0000
0000
0000
ENDCHAR
STARTCHAR hbar
ENCODING 295
SWIDTH 576 0
DWIDTH 9 0
BBX 9 15 0 -3
BITMAP
0000
0000
4000
F000
4000
5E00
6100
4100
4100
4100
4100
4100
0000
0000
0000
ENDCHAR
STARTCHAR Itilde
ENCODING 296
SWIDTH 576 0
DWIDTH 9 0
BBX 9 15 0 -3
BITMAP
0000
3100
4E00
0000
3E00
0800
0800
0800
0800
0800
0800
3E00
0000
0000
0000
ENDCHAR
STARTCHAR itilde
ENCODING 297
SWIDTH 576 0
DWIDTH 9 0
BBX 9 15 0 -3
BITMAP
0000
0000
3200
4C00
0000
3800
0800
0800
0800
0800
0800
3E00
0000
0000
0000
ENDCHAR
STARTCHAR Imacron
ENCODING 298
SWIDTH 576 0
DWIDTH 9 0
BBX 9 15 0 -3
BITMAP
0000
3E00
0000
3E00
0800
0800
0800
0800
0800
0800
0800
3E00
0000
0000
0000
ENDCHAR
STARTCHAR imacron
ENCODING 299
SWIDTH 576 0
DWIDTH 9 0
BBX 9 15 0 -3
BITMAP
0000
0000
0000
7E00
0000
3800
0800
0800
0800
0800
0800
3E00
0000
0000
0000
ENDCHAR
STARTCHAR Ibreve
ENCODING 300
SWIDTH 576 0
DWIDTH 9 0
BBX 9 15 0 -3
BITMAP
0000
2200
1C00
0000
3E00
0800
0800
0800
0800
0800
0800
3E00
0000
0000
0000
ENDCHAR
STARTCHAR ibreve
ENCODING 301
SWIDTH 576 0
DWIDTH 9 0
BBX 9 15 0 -3
BITMAP
0000
0000
2200
1C00
0000
3800
0800
0800
0800
0800
0800
3E00
0000
0000
0000
ENDCHAR
STARTCHAR Iogonek
ENCODING 302
SWIDTH 576 0
DWIDTH 9 0
BBX 9 15 0 -3
BITMAP
0000
0000
3E00
0800
0800
0800
0800
0800
0800
0800
0800
3E00
1000
1800
0000
ENDCHAR
STARTCHAR iogonek
ENCODING 303
SWIDTH 576 0
DWIDTH 9 0
BBX 9 15 0 -3
BITMAP
0000
0000
0000
1800
0000
3800
0800
0800
0800
0800
0800
3E00
1000
1800
0000
ENDCHAR
STARTCHAR Idotaccent
ENCODING 304
SWIDTH 576 0
DWIDTH 9 0
BBX 9 15 0 -3
BITMAP
0000
0C00
0000
3E00
0800
0800
0800
0800
0800
0800
0800
3E00
0000
0000
0000
ENDCHAR
STARTCHAR dotlessi
ENCODING 305
SWIDTH 576 0
DWIDTH 9 0
BBX 9 15 0 -3
BITMAP
0000
0000
0000
0000
0000
3800
0800
0800
0800
0800
0800
3E00
0000
0000
0000
ENDCHAR
STARTCHAR IJ
ENCODING 306
SWIDTH 576 0
DWIDTH 9 0
BBX 9 15 0 -3
BITMAP
0000
0000
7700
2100
2100
2100
2100
2100
2100
2100
2900
7600
0000
0000
0000
ENDCHAR
STARTCHAR ij
ENCODING 307
SWIDTH 576 0
DWIDTH 9 0
BBX 9 15 0 -3
BITMAP
0000
0000
6300
0000
0000
6700
2100
2100
2100
2100
2100
F900
0100
1100
0E00
ENDCHAR
STARTCHAR Jcircumflex
ENCODING 308
SWIDTH 576 0
DWIDTH 9 0
BBX 9 15 0 -3
BITMAP
0400
0A00
1100
0000
0F00
0200
0200
0200
0200
0200
4200
3C00
0000
0000
0000
ENDCHAR
STARTCHAR jcircumflex
ENCODING 309
SWIDTH 576 0
DWIDTH 9 0
BBX 9 15 0 -3
BITMAP
0000
0400
0A00
1100
0000
0E00
0200
0200
0200
0200
0200
4200
4200
4200
3C00
ENDCHAR
STARTCHAR Kcommaaccent
ENCODING 310
SWIDTH 576 0
DWIDTH 9 0
BBX 9 15 0 -3
BITMAP
0000
0000
4100
4200
4400
4800
7000
5000
4800
4400
4200
4100
3000
9000
6000
ENDCHAR
STARTCHAR kcommaaccent
ENCODING 311
SWIDTH 576 0
DWIDTH 9 0
BBX 9 15 0 -3
BITMAP
0000
0000
4000
4000
4000
4100
4600
5800
6000
5800
4600
4100
3000
9000
6000
ENDCHAR
STARTCHAR kgreenlandic
ENCODING 312
SWIDTH 576 0
DWIDTH 9 0
BBX 9 15 0 -3
BITMAP
0000
0000
0000
0000
0000
4100
4200
4400
7800
4400
4200
4100
0000
0000
0000
ENDCHAR
STARTCHAR Lacute
ENCODING 313
SWIDTH 576 0
DWIDTH 9 0
BBX 9 15 0 -3
BITMAP
0200
0400
0800
0000
4000
4000
4000
4000
4000
4000
4000
7F00
0000
0000
0000
ENDCHAR
STARTCHAR lacute
ENCODING 314
SWIDTH 576 0
DWIDTH 9 0
BBX 9 15 0 -3
BITMAP
0200
0400
0800
0000
3800
0800
0800
0800
0800
0800
0800
3E00
0000
0000
0000
ENDCHAR
STARTCHAR Lcommaaccent
ENCODING 315
SWIDTH 576 0
DWIDTH 9 0
BBX 9 15 0 -3
BITMAP
0000
0000
4000
4000
4000
4000
4000
4000
4000
4000
4000
7F00
0C00
2400
1800
ENDCHAR
STARTCHAR lcommaaccent
ENCODING 316
SWIDTH 576 0
DWIDTH 9 0
BBX 9 15 0 -3
BITMAP
0000
0000
3800
0800
0800
0800
0800
0800
0800
0800
0800
3E00
0C00
2400
1800
ENDCHAR
STARTCHAR Lcaron
ENCODING 317
SWIDTH 576 0
DWIDTH 9 0
BBX 9 15 0 -3
BITMAP
0000
2200
1400
0800
4000
4000
4000
4000
4000
4000
4000
7F00
0000
0000
0000
ENDCHAR
STARTCHAR lcaron
ENCODING 318
SWIDTH 576 0
DWIDTH 9 0
BBX 9 15 0 -3
BITMAP
2200
1400
0800
0000
3800
0800
0800
0800
0800
0800
0800
3E00
0000
0000
0000
ENDCHAR
STARTCHAR Ldot
ENCODING 319
SWIDTH 576 0
DWIDTH 9 0
BBX 9 15 0 -3
BITMAP
0000
0000
4000
4000
4000
4400
4400
4000
4000
4000
4000
7F00
0000
0000
0000
ENDCHAR
STARTCHAR ldot
ENCODING 320
SWIDTH 576 0
DWIDTH 9 0
BBX 9 15 0 -3
BITMAP
0000
0000
7000
1000
1000
1200
1200
1000
1000
1000
1000
7C00
0000
0000
0000
ENDCHAR
STARTCHAR Lslash
ENCODING 321
SWIDTH 576 0
DWIDTH 9 0
BBX 9 15 0 -3
BITMAP
0000
0000
4000
4000
4000
5000
6000
C000
4000
4000
4000
7F00
0000
0000
0000
ENDCHAR
STARTCHAR lslash
ENCODING 322
SWIDTH 576 0
DWIDTH 9 0
BBX 9 15 0 -3
BITMAP
0000
0000
3800
0800
0800
0A00
0C00
1800
0800
0800
0800
3E00
0000
0000
0000
ENDCHAR
STARTCHAR Nacute
ENCODING 323
SWIDTH 576 0
DWIDTH 9 0
BBX 9 15 0 -3
BITMAP
0000
0200
0400
0800
4100
4100
6100
5100
4900
4500
4300
4100
0000
0000
0000
ENDCHAR
STARTCHAR nacute
ENCODING 324
SWIDTH 576 0
DWIDTH 9 0
BBX 9 15 0 -3
BITMAP
0000
0200
0400
0800
0000
5E00
6100
4100
4100
4100
4100
4100
0000
0000
0000
ENDCHAR
STARTCHAR Ncommaaccent
ENCODING 325
SWIDTH 576 0
DWIDTH 9 0
BBX 9 15 0 -3
BITMAP
0000
0000
4100
4100
6100
5100
4900
4500
4300
4100
4100
4100
2000
9000
6000
ENDCHAR
STARTCHAR ncommaaccent
ENCODING 326
SWIDTH 576 0
DWIDTH 9 0
BBX 9 15 0 -3
BITMAP
0000
0000
0000
0000
0000
5E00
6100
4100
4100
4100
4100
4100
2000
9000
6000
ENDCHAR
STARTCHAR Ncaron
ENCODING 327
SWIDTH 576 0
DWIDTH 9 0
BBX 9 15 0 -3
BITMAP
2200
1400
0800
4100
4100
6100
5100
4900
4500
4300
4100
4100
0000
0000
0000
ENDCHAR
STARTCHAR ncaron
ENCODING 328
SWIDTH 576 0
DWIDTH 9 0
BBX 9 15 0 -3
BITMAP
0000
2200
1400
0800
0000
5E00
6100
4100
4100
4100
4100
4100
0000
0000
0000
ENDCHAR
STARTCHAR napostrophe
ENCODING 329
SWIDTH 576 0
DWIDTH 9 0
BBX 9 15 0 -3
BITMAP
0000
C000
4000
8000
0000
5E00
6100
4100
4100
4100
4100
4100
0000
0000
0000
ENDCHAR
STARTCHAR Eng
ENCODING 330
SWIDTH 576 0
DWIDTH 9 0
BBX 9 15 0 -3
BITMAP
0000
0000
4100
4100
6100
5100
4900
4500
4300
4100
4100
4100
0900
0600
0000
ENDCHAR
STARTCHAR eng
ENCODING 331
SWIDTH 576 0
DWIDTH 9 0
BBX 9 15 0 -3
BITMAP
0000
0000
0000
0000
0000
5E00
6100
4100
4100
4100
4100
4100
0900
0600
0000
ENDCHAR
STARTCHAR Omacron
ENCODING 332
SWIDTH 576 0
DWIDTH 9 0
BBX 9 15 0 -3
BITMAP
0000
0000
3E00
0000
3E00
4100
4100
4100
4100
4100
4100
3E00
0000
0000
0000
ENDCHAR
STARTCHAR omacron
ENCODING 333
SWIDTH 576 0
DWIDTH 9 0
BBX 9 15 0 -3
BITMAP
0000
0000
0000
3E00
0000
3E00
4100
4100
4100
4100
4100
3E00
0000
0000
0000
ENDCHAR
STARTCHAR Obreve
ENCODING 334
SWIDTH 576 0
DWIDTH 9 0
BBX 9 15 0 -3
BITMAP
0000
2200
1C00
0000
3E00
4100
4100
4100
4100
4100
4100
3E00
0000
0000
0000
ENDCHAR
STARTCHAR obreve
ENCODING 335
SWIDTH 576 0
DWIDTH 9 0
BBX 9 15 0 -3
BITMAP
0000
0000
2200
1C00
0000
3E00
4100
4100
4100
4100
4100
3E00
0000
0000
0000
ENDCHAR
STARTCHAR Ohungarumlaut
ENCODING 336
SWIDTH 576 0
DWIDTH 9 0
BBX 9 15 0 -3
BITMAP
0000
1100
2200
0000
3E00
4100
4100
4100
4100
4100
4100
3E00
0000
0000
0000
ENDCHAR
STARTCHAR ohungarumlaut
ENCODING 337
SWIDTH 576 0
DWIDTH 9 0
BBX 9 15 0 -3
BITMAP
0000
0000
1100
2200
0000
3E00
4100
4100
4100
4100
4100
3E00
0000
0000
0000
ENDCHAR
STARTCHAR OE
ENCODING 338
SWIDTH 576 0
DWIDTH 9 0
BBX 9 15 0 -3
BITMAP
0000
0000
3F00
4800
4800
4800
4E00
4800
4800
4800
4800
3F00
0000
0000
0000
ENDCHAR
STARTCHAR oe
ENCODING 339
SWIDTH 576 0
DWIDTH 9 0
BBX 9 15 0 -3
BITMAP
0000
0000
0000
0000
0000
3600
4900
4900
4F00
4800
4900
3600
0000
0000
0000
ENDCHAR
STARTCHAR Racute
ENCODING 340
SWIDTH 576 0
DWIDTH 9 0
BBX 9 15 0 -3
BITMAP
0200
0400
0800
0000
7E00
4100
4100
4100
7E00
4200
4100
4100
0000
0000
0000
ENDCHAR
STARTCHAR racute
ENCODING 341
SWIDTH 576 0
DWIDTH 9 0
BBX 9 15 0 -3
BITMAP
0000
0200
0400
0800
0000
4E00
3100
2100
2000
2000
2000
2000
0000
0000
0000
ENDCHAR
STARTCHAR Rcommaaccent
ENCODING 342
SWIDTH 576 0
DWIDTH 9 0
BBX 9 15 0 -3
BITMAP
0000
0000
7E00
4100
4100
4100
7E00
4800
4400
4200
4100
4100
3000
9000
6000
ENDCHAR
STARTCHAR rcommaaccent
ENCODING 343
SWIDTH 576 0
DWIDTH 9 0
BBX 9 15 0 -3
BITMAP
0000
0000
0000
0000
0000
4E00
3100
2100
2000
2000
2000
2000
3000
9000
6000
ENDCHAR
STARTCHAR Rcaron
ENCODING 344
SWIDTH 576 0
DWIDTH 9 0
BBX 9 15 0 -3
BITMAP
2200
1400
0800
0000
7E00
4100
4100
4100
7E00
4200
4100
4100
0000
0000
0000
ENDCHAR
STARTCHAR rcaron
ENCODING 345
SWIDTH 576 0
DWIDTH 9 0
BBX 9 15 0 -3
BITMAP
0000
2200
1400
0800
0000
4E00
3100
2100
2000
2000
2000
2000
0000
0000
0000
ENDCHAR
STARTCHAR Sacute
ENCODING 346
SWIDTH 576 0
DWIDTH 9 0
BBX 9 15 0 -3
BITMAP
0200
0400
0800
0000
3E00
4100
4000
3E00
0100
4100
4100
3E00
0000
0000
0000
ENDCHAR
STARTCHAR sacute
ENCODING 347
SWIDTH 576 0
DWIDTH 9 0
BBX 9 15 0 -3
BITMAP
0000
0200
0400
0800
0000
3E00
4100
4000
3E00
0100
4100
3E00
0000
0000
0000
ENDCHAR
STARTCHAR Scircumflex
ENCODING 348
SWIDTH 576 0
DWIDTH 9 0
BBX 9 15 0 -3
BITMAP
0800
1400
2200
0000
3E00
4100
4000
3E00
0100
4100
4100
3E00
0000
0000
0000
ENDCHAR
STARTCHAR scircumflex
ENCODING 349
SWIDTH 576 0
DWIDTH 9 0
BBX 9 15 0 -3
BITMAP
0000
0800
1400
2200
0000
3E00
4100
4000
3E00
0100
4100
3E00
0000
0000
0000
ENDCHAR
STARTCHAR Scedilla
ENCODING 350
SWIDTH 576 0
DWIDTH 9 0
BBX 9 15 0 -3
BITMAP
0000
0000
3E00
4100
4000
4000
3E00
0100
0100
4100
4100
3E00
0C00
2400
1800
ENDCHAR
STARTCHAR scedilla
ENCODING 351
SWIDTH 576 0
DWIDTH 9 0
BBX 9 15 0 -3
BITMAP
0000
0000
0000
0000
0000
3E00
4100
4000
3E00
0100
4100
3E00
0C00
2400
1800
ENDCHAR
STARTCHAR Scaron
ENCODING 352
SWIDTH 576 0
DWIDTH 9 0
BBX 9 15 0 -3
BITMAP
2200
1400
0800
0000
3E00
4100
4000
3E00
0100
4100
4100
3E00
0000
0000
0000
ENDCHAR
STARTCHAR scaron
ENCODING 353
SWIDTH 576 0
DWIDTH 9 0
BBX 9 15 0 -3
BITMAP
0000
2200
1400
0800
0000
3E00
4100
4000
3E00
0100
4100
3E00
0000
0000
0000
ENDCHAR
STARTCHAR Tcommaaccent
ENCODING 354
SWIDTH 576 0
DWIDTH 9 0
BBX 9 15 0 -3
BITMAP
0000
0000
7F00
0800
0800
0800
0800
0800
0800
0800
0800
0C00
2400
1800
0000
ENDCHAR
STARTCHAR tcommaaccent
ENCODING 355
SWIDTH 576 0
DWIDTH 9 0
BBX 9 15 0 -3
BITMAP
0000
0000
0000
1000
1000
7E00
1000
1000
1000
1000
1100
0E00
2400
1800
0000
ENDCHAR
STARTCHAR Tcaron
ENCODING 356
SWIDTH 576 0
DWIDTH 9 0
BBX 9 15 0 -3
BITMAP
2200
1400
0800
0000
7F00
0800
0800
0800
0800
0800
0800
0800
0000
0000
0000
ENDCHAR
STARTCHAR tcaron
ENCODING 357
SWIDTH 576 0
DWIDTH 9 0
BBX 9 15 0 -3
BITMAP
1100
0A00
0400
1000
1000
7E00
1000
1000
1000
1000
1100
0E00
0000
0000
0000
ENDCHAR
STARTCHAR Tbar
ENCODING 358
SWIDTH 576 0
DWIDTH 9 0
BBX 9 15 0 -3
BITMAP
0000
0000
7F00
0800
0800
3E00
0800
0800
0800
0800
0800
0800
0000
0000
0000
ENDCHAR
STARTCHAR tbar
ENCODING 359
SWIDTH 576 0
DWIDTH 9 0
BBX 9 15 0 -3
BITMAP
0000
0000
0000
1000
1000
7E00
1000
7C00
1000
1000
1100
0E00
0000
0000
0000
ENDCHAR
STARTCHAR Utilde
ENCODING 360
SWIDTH 576 0
DWIDTH 9 0
BBX 9 15 0 -3
BITMAP
0000
3100
4E00
0000
4100
4100
4100
4100
4100
4100
4100
3E00
0000
0000
0000
ENDCHAR
STARTCHAR utilde
ENCODING 361
SWIDTH 576 0
DWIDTH 9 0
BBX 9 15 0 -3
BITMAP
0000
0000
3200
4C00
0000
4200
4200
4200
4200
4200
4200
3D00
0000
0000
0000
ENDCHAR
STARTCHAR Umacron
ENCODING 362
SWIDTH 576 0
DWIDTH 9 0
BBX 9 15 0 -3
BITMAP
0000
0000
3E00
0000
4100
4100
4100
4100
4100
4100
4100
3E00
0000
0000
0000
ENDCHAR
STARTCHAR umacron
ENCODING 363
SWIDTH 576 0
DWIDTH 9 0
BBX 9 15 0 -3
BITMAP
0000
0000
0000
7E00
0000
4200
4200
4200
4200
4200
4200
3D00
0000
0000
0000
ENDCHAR
STARTCHAR Ubreve
ENCODING 364
SWIDTH 576 0
DWIDTH 9 0
BBX 9 15 0 -3
BITMAP
0000
2200
1C00
0000
4100
4100
4100
4100
4100
4100
4100
3E00
0000
0000
0000
ENDCHAR
STARTCHAR ubreve
ENCODING 365
SWIDTH 576 0
DWIDTH 9 0
BBX 9 15 0 -3
BITMAP
0000
0000
2200
1C00
0000
4200
4200
4200
4200
4200
4200
3D00
0000
0000
0000
ENDCHAR
STARTCHAR Uring
ENCODING 366
SWIDTH 576 0
DWIDTH 9 0
BBX 9 15 0 -3
BITMAP
0000
0C00
1200
0C00
4100
4100
4100
4100
4100
4100
4100
3E00
0000
0000
0000
ENDCHAR
STARTCHAR uring
ENCODING 367
SWIDTH 576 0
DWIDTH 9 0
BBX 9 15 0 -3
BITMAP
0000
0000
1800
2400
1800
4200
4200
4200
4200
4200
4200
3D00
0000
0000
0000
ENDCHAR
STARTCHAR Uhungarumlaut
ENCODING 368
SWIDTH 576 0
DWIDTH 9 0
BBX 9 15 0 -3
BITMAP
0000
1100
2200
0000
4100
4100
4100
4100
4100
4100
4100
3E00
0000
0000
0000
ENDCHAR
STARTCHAR uhungarumlaut
ENCODING 369
SWIDTH 576 0
DWIDTH 9 0
BBX 9 15 0 -3
BITMAP
0000
0000
1200
2400
0000
4200
4200
4200
4200
4200
4200
3D00
0000
0000
0000
ENDCHAR
STARTCHAR Uogonek
ENCODING 370
SWIDTH 576 0
DWIDTH 9 0
BBX 9 15 0 -3
BITMAP
0000
0000
4100
4100
4100
4100
4100
4100
4100
4100
4100
3E00
1000
1800
0000
ENDCHAR
STARTCHAR uogonek
ENCODING 371
SWIDTH 576 0
DWIDTH 9 0
BBX 9 15 0 -3
BITMAP
0000
0000
0000
0000
0000
4200
4200
4200
4200
4200
4200
3D00
0800
0C00
0000
ENDCHAR
STARTCHAR Wcircumflex
ENCODING 372
SWIDTH 576 0
DWIDTH 9 0
BBX 9 15 0 -3
BITMAP
0800
1400
2200
0000
4100
4100
4100
4900
4900
4900
5500
2200
0000
0000
0000
ENDCHAR
STARTCHAR wcircumflex
ENCODING 373
SWIDTH 576 0
DWIDTH 9 0
BBX 9 15 0 -3
BITMAP
0000
0800
1400
2200
0000
4100
4100
4900
4900
4900
5500
2200
0000
0000
0000
ENDCHAR
STARTCHAR Ycircumflex
ENCODING 374
SWIDTH 576 0
DWIDTH 9 0
BBX 9 15 0 -3
BITMAP
0800
1400
2200
0000
4100
4100
2200
1400
0800
0800
0800
0800
0000
0000
0000
ENDCHAR
STARTCHAR ycircumflex
ENCODING 375
SWIDTH 576 0
DWIDTH 9 0
BBX 9 15 0 -3
BITMAP
0000
0800
1400
2200
0000
4200
4200
4200
4200
4200
4600
3A00
0200
4200
3C00
ENDCHAR
STARTCHAR Ydieresis
ENCODING 376
SWIDTH 576 0
DWIDTH 9 0
BBX 9 15 0 -3
BITMAP
0000
2200
2200
0000
4100
4100
2200
1400
0800
0800
0800
0800
0000
0000
0000
ENDCHAR
STARTCHAR Zacute
ENCODING 377
SWIDTH 576 0
DWIDTH 9 0
BBX 9 15 0 -3
BITMAP
0200
0400
0800
0000
7F00
0200
0400
0800
1000
2000
4000
7F00
0000
0000
0000
ENDCHAR
STARTCHAR zacute
ENCODING 378
SWIDTH 576 0
DWIDTH 9 0
BBX 9 15 0 -3
BITMAP
0000
0200
0400
0800
0000
7F00
0200
0400
0800
1000
2000
7F00
0000
0000
0000
ENDCHAR
STARTCHAR Zdotaccent
ENCODING 379
SWIDTH 576 0
DWIDTH 9 0
BBX 9 15 0 -3
BITMAP
0000
0C00
0000
7F00
0100
0200
0400
0800
1000
2000
4000
7F00
0000
0000
0000
ENDCHAR
STARTCHAR zdotaccent
ENCODING 380
SWIDTH 576 0
DWIDTH 9 0
BBX 9 15 0 -3
BITMAP
0000
0000
0000
0C00
0000
7F00
0200
0400
0800
1000
2000
7F00
0000
0000
0000
ENDCHAR
STARTCHAR Zcaron
ENCODING 381
SWIDTH 576 0
DWIDTH 9 0
BBX 9 15 0 -3
BITMAP
2200
1400
0800
0000
7F00
0200
0400
0800
1000
2000
4000
7F00
0000
0000
0000
ENDCHAR
STARTCHAR zcaron
ENCODING 382
SWIDTH 576 0
DWIDTH 9 0
BBX 9 15 0 -3
BITMAP
0000
2200
1400
0800
0000
7F00
0200
0400
0800
1000
2000
7F00
0000
0000
0000
ENDCHAR
STARTCHAR longs
ENCODING 383
SWIDTH 576 0
DWIDTH 9 0
BBX 9 15 0 -3
BITMAP
0000
0000
0E00
1100
1000
1000
3000
1000
1000
1000
1000
1000
0000
0000
0000
ENDCHAR
STARTCHAR uni0180
ENCODING 384
SWIDTH 576 0
DWIDTH 9 0
BBX 9 15 0 -3
BITMAP
0000
0000
4000
F800
4000
5E00
6100
4100
4100
4100
6100
5E00
0000
0000
0000
ENDCHAR
STARTCHAR uni0181
ENCODING 385
SWIDTH 576 0
DWIDTH 9 0
BBX 9 15 0 -3
BITMAP
0000
0000
7E00
9100
9100
1100
1E00
1100
1100
1100
1100
3E00
0000
0000
0000
ENDCHAR
STARTCHAR uni0182
ENCODING 386
SWIDTH 576 0
DWIDTH 9 0
BBX 9 15 0 -3
BITMAP
0000
0000
7E00
2000
2000
2000
3E00
2100
2100
2100
2100
7E00
0000
0000
0000
ENDCHAR
STARTCHAR uni0183
ENCODING 387
SWIDTH 576 0
DWIDTH 9 0
BBX 9 15 0 -3
BITMAP
0000
0000
3E00
2000
2000
2000
3C00
2200
2200
2200
2200
3C00
0000
0000
0000
ENDCHAR
STARTCHAR uni0184
ENCODING 388
SWIDTH 576 0
DWIDTH 9 0
BBX 9 15 0 -3
BITMAP
0000
0000
2000
6000
6000
2000
3E00
2100
2100
2100
2100
7E00
0000
0000
0000
ENDCHAR
STARTCHAR uni0185
ENCODING 389
SWIDTH 576 0
DWIDTH 9 0
BBX 9 15 0 -3
BITMAP
0000
0000
2000
6000
6000
2000
3C00
2200
2200
2200
2200
3C00
0000
0000
0000
ENDCHAR
STARTCHAR uni0186
ENCODING 390
SWIDTH 576 0
DWIDTH 9 0
BBX 9 15 0 -3
BITMAP
0000
0000
3E00
4100
0100
0100
0100
0100
0100
0100
4100
3E00
0000
0000
0000
ENDCHAR
STARTCHAR uni0187
ENCODING 391
SWIDTH 576 0
DWIDTH 9 0
BBX 9 15 0 -3
BITMAP
0000
0180
3E00
4200
4000
4000
4000
4000
4000
4000
4200
3C00
0000
0000
0000
ENDCHAR
STARTCHAR uni0188
ENCODING 392
SWIDTH 576 0
DWIDTH 9 0
BBX 9 15 0 -3
BITMAP
0000
0000
0000
0180
0200
3E00
4100
4000
4000
4000
4100
3E00
0000
0000
0000
ENDCHAR
STARTCHAR uni0189
ENCODING 393
SWIDTH 576 0
DWIDTH 9 0
BBX 9 15 0 -3
BITMAP
0000
0000
7C00
4200
4100
4100
E100
4100
4100
4100
4200
7C00
0000
0000
0000
ENDCHAR
STARTCHAR uni018A
ENCODING 394
SWIDTH 576 0
DWIDTH 9 0
BBX 9 15 0 -3
BITMAP
0000
0000
7E00
9100
9100
1100
1100
1100
1100
1100
1100
3E00
0000
0000
0000
ENDCHAR
STARTCHAR uni018B
ENCODING 395
SWIDTH 576 0
DWIDTH 9 0
BBX 9 15 0 -3
BITMAP
0000
0000
3F00
0200
0200
0200
3E00
4200
4200
4200
4200
3F00
0000
0000
0000
ENDCHAR
STARTCHAR uni018C
ENCODING 396
SWIDTH 576 0
DWIDTH 9 0
BBX 9 15 0 -3
BITMAP
0000
0000
3E00
0200
0200
0200
1E00
2200
2200
2200
2200
1E00
0000
0000
0000
ENDCHAR
STARTCHAR uni018D
ENCODING 397
SWIDTH 576 0
DWIDTH 9 0
BBX 9 15 0 -3
BITMAP
0000
0000
0000
0000
0000
3E00
4100
4100
4100
4100
4100
3E00
0200
4100
3E00
ENDCHAR
STARTCHAR uni018E
ENCODING 398
SWIDTH 576 0
DWIDTH 9 0
BBX 9 15 0 -3
BITMAP
0000
0000
7F00
0100
0100
0100
1F00
0100
0100
0100
0100
7F00
0000
0000
0000
ENDCHAR
STARTCHAR uni018F
ENCODING 399
SWIDTH 576 0
DWIDTH 9 0
BBX 9 15 0 -3
BITMAP
0000
0000
1C00
2200
4100
0100
0100
7F00
4100
4100
2200
1C00
0000
0000
0000
ENDCHAR
STARTCHAR uni0190
ENCODING 400
SWIDTH 576 0
DWIDTH 9 0
BBX 9 15 0 -3
BITMAP
0000
0000
3E00
4100
4000
4000
3800
4000
4000
4000
4100
3E00
0000
0000
0000
ENDCHAR
STARTCHAR uni0191
ENCODING 401
SWIDTH 576 0
DWIDTH 9 0
BBX 9 15 0 -3
BITMAP
0000
0000
3F00
2000
2000
3800
2000
2000
2000
2000
2000
2000
2000
C000
0000
ENDCHAR
STARTCHAR florin
ENCODING 402
SWIDTH 576 0
DWIDTH 9 0
BBX 9 15 0 -3
BITMAP
0000
0000
0E00
1100
1100
1000
1000
7C00
1000
1000
1000
1000
1000
6000
0000
ENDCHAR
STARTCHAR uni0193
ENCODING 403
SWIDTH 576 0
DWIDTH 9 0
BBX 9 15 0 -3
BITMAP
0000
0300
0200
3E00
4100
4000
4000
4700
4100
4100
4100
3E00
0000
0000
0000
ENDCHAR
STARTCHAR uni0194
ENCODING 404
SWIDTH 576 0
DWIDTH 9 0
BBX 9 15 0 -3
BITMAP
0000
0000
4100
4100
2200
2200
1400
1400
0800
1400
1400
0800
0000
0000
0000
ENDCHAR
STARTCHAR uni0195
ENCODING 405
SWIDTH 576 0
DWIDTH 9 0
BBX 9 15 0 -3
BITMAP
0000
0000
4000
4000
4000
5000
6900
4900
4900
4900
4900
4600
0000
0000
0000
ENDCHAR
STARTCHAR uni0196
ENCODING 406
SWIDTH 576 0
DWIDTH 9 0
BBX 9 15 0 -3
BITMAP
0000
0000
3000
1000
1000
1000
1000
1000
1000
1000
1200
0C00
0000
0000
0000
ENDCHAR
STARTCHAR uni0197
ENCODING 407
SWIDTH 576 0
DWIDTH 9 0
BBX 9 15 0 -3
BITMAP
0000
0000
3E00
0800
0800
0800
3E00
0800
0800
0800
0800
3E00
0000
0000
0000
ENDCHAR
STARTCHAR uni0198
ENCODING 408
SWIDTH 576 0
DWIDTH 9 0
BBX 9 15 0 -3
BITMAP
0000
0000
4200
4500
4900
5000
6000
5000
4800
4400
4200
4100
0000
0000
0000
ENDCHAR
STARTCHAR uni0199
ENCODING 409
SWIDTH 576 0
DWIDTH 9 0
BBX 9 15 0 -3
BITMAP
0000
0000
3000
4800
4000
4100
4600
5800
6000
5800
4600
4100
0000
0000
0000
ENDCHAR
STARTCHAR uni019A
ENCODING 410
SWIDTH 576 0
DWIDTH 9 0
BBX 9 15 0 -3
BITMAP
0000
0000
3800
0800
0800
0800
3E00
0800
0800
0800
0800
3E00
0000
0000
0000
ENDCHAR
STARTCHAR uni019B
ENCODING 411
SWIDTH 576 0
DWIDTH 9 0
BBX 9 15 0 -3
BITMAP
0000
0000
4800
3000
3000
4800
0800
1400
2200
2200
4100
4100
0000
0000
0000
ENDCHAR
STARTCHAR uni019C
ENCODING 412
SWIDTH 576 0
DWIDTH 9 0
BBX 9 15 0 -3
BITMAP
0000
0000
4900
4900
4900
4900
4900
4900
4900
4900
4900
3700
0000
0000
0000
ENDCHAR
STARTCHAR uni019D
ENCODING 413
SWIDTH 576 0
DWIDTH 9 0
BBX 9 15 0 -3
BITMAP
0000
0000
4100
4100
6100
5100
4900
4500
4300
4100
4100
4100
4000
8000
0000
ENDCHAR
STARTCHAR uni019E
ENCODING 414
SWIDTH 576 0
DWIDTH 9 0
BBX 9 15 0 -3
BITMAP
0000
0000
0000
0000
0000
5E00
6100
4100
4100
4100
4100
4100
0100
0100
0100
ENDCHAR
STARTCHAR uni019F
ENCODING 415
SWIDTH 576 0
DWIDTH 9 0
BBX 9 15 0 -3
BITMAP
0000
0000
3E00
4100
4100
4100
7F00
4100
4100
4100
4100
3E00
0000
0000
0000
ENDCHAR
STARTCHAR Ohorn
ENCODING 416
SWIDTH 576 0
DWIDTH 9 0
BBX 9 15 0 -3
BITMAP
0000
0000
3C80
4280
4300
4200
4200
4200
4200
4200
4200
3C00
0000
0000
0000
ENDCHAR
STARTCHAR ohorn
ENCODING 417
SWIDTH 576 0
DWIDTH 9 0
BBX 9 15 0 -3
BITMAP
0000
0000
0000
0000
0000
3C80
4280
4300
4200
4200
4200
3C00
0000
0000
0000
ENDCHAR
STARTCHAR uni01A2
ENCODING 418
SWIDTH 576 0
DWIDTH 9 0
BBX 9 15 0 -3
BITMAP
0000
0000
3A00
4500
4500
4500
4500
4500
4500
4500
4500
3900
0000
0000
0000
ENDCHAR
STARTCHAR uni01A3
ENCODING 419
SWIDTH 576 0
DWIDTH 9 0
BBX 9 15 0 -3
BITMAP
0000
0000
0000
0000
0000
3A00
4500
4500
4500
4500
4500
3900
0100
0100
0100
ENDCHAR
STARTCHAR uni01A4
ENCODING 420
SWIDTH 576 0
DWIDTH 9 0
BBX 9 15 0 -3
BITMAP
0000
0000
7E00
9100
9100
1100
1E00
1000
1000
1000
1000
1000
0000
0000
0000
ENDCHAR
STARTCHAR uni01A5
ENCODING 421
SWIDTH 576 0
DWIDTH 9 0
BBX 9 15 0 -3
BITMAP
0000
0000
3000
4000
4000
5E00
6100
4100
4100
4100
6100
5E00
4000
4000
4000
ENDCHAR
STARTCHAR uni01A6
ENCODING 422
SWIDTH 576 0
DWIDTH 9 0
BBX 9 15 0 -3
BITMAP
0000
0000
7000
2000
3E00
2100
2100
2200
3C00
2200
2200
7200
0200
0180
0000
ENDCHAR
STARTCHAR uni01A7
ENCODING 423
SWIDTH 576 0
DWIDTH 9 0
BBX 9 15 0 -3
BITMAP
0000
0000
3E00
4100
4100
0100
0E00
3000
4000
4100
4100
3E00
0000
0000
0000
ENDCHAR
STARTCHAR uni01A8
ENCODING 424
SWIDTH 576 0
DWIDTH 9 0
BBX 9 15 0 -3
BITMAP
0000
0000
0000
0000
0000
3E00
4100
0100
3E00
4000
4100
3E00
0000
0000
0000
ENDCHAR
STARTCHAR uni01A9
ENCODING 425
SWIDTH 576 0
DWIDTH 9 0
BBX 9 15 0 -3
BITMAP
0000
0000
7F00
4100
2000
1000
0800
0800
1000
2000
4100
7F00
0000
0000
0000
ENDCHAR
STARTCHAR uni01AA
ENCODING 426
SWIDTH 576 0
DWIDTH 9 0
BBX 9 15 0 -3
BITMAP
0000
0000
3000
4800
4800
3800
0800
0800
0800
0800
0800
0800
0900
0600
0000
ENDCHAR
STARTCHAR uni01AB
ENCODING 427
SWIDTH 576 0
DWIDTH 9 0
BBX 9 15 0 -3
BITMAP
0000
0000
0000
1000
1000
7E00
1000
1000
1000
1000
1200
0C00
0200
0C00
0000
ENDCHAR
STARTCHAR uni01AC
ENCODING 428
SWIDTH 576 0
DWIDTH 9 0
BBX 9 15 0 -3
BITMAP
0000
0000
3F00
4800
4800
0800
0800
0800
0800
0800
0800
0800
0000
0000
0000
ENDCHAR
STARTCHAR uni01AD
ENCODING 429
SWIDTH 576 0
DWIDTH 9 0
BBX 9 15 0 -3
BITMAP
0000
0000
0C00
1000
1000
7E00
1000
1000
1000
1000
1100
0E00
0000
0000
0000
ENDCHAR
STARTCHAR uni01AE
ENCODING 430
SWIDTH 576 0
DWIDTH 9 0
BBX 9 15 0 -3
BITMAP
0000
0000
7F00
0800
0800
0800
0800
0800
0800
0800
0800
0800
0800
0600
0000
ENDCHAR
STARTCHAR Uhorn
ENCODING 431
SWIDTH 576 0
DWIDTH 9 0
BBX 9 15 0 -3
BITMAP
0000
0000
4280
4280
4300
4200
4200
4200
4200
4200
4200
3C00
0000
0000
0000
ENDCHAR
STARTCHAR uhorn
ENCODING 432
SWIDTH 576 0
DWIDTH 9 0
BBX 9 15 0 -3
BITMAP
0000
0000
0000
0000
0000
4280
4280
4300
4200
4200
4200
3D00
0000
0000
0000
ENDCHAR
STARTCHAR uni01B1
ENCODING 433
SWIDTH 576 0
DWIDTH 9 0
BBX 9 15 0 -3
BITMAP
0000
0000
6300
2200
2200
4100
4100
4100
4100
4100
2200
1C00
0000
0000
0000
ENDCHAR
STARTCHAR uni01B2
ENCODING 434
SWIDTH 576 0
DWIDTH 9 0
BBX 9 15 0 -3
BITMAP
0000
0000
4400
4200
4100
4100
4100
4100
4100
4100
2200
1C00
0000
0000
0000
ENDCHAR
STARTCHAR uni01B3
ENCODING 435
SWIDTH 576 0
DWIDTH 9 0
BBX 9 15 0 -3
BITMAP
0000
0000
0100
4100
A200
9400
0800
0800
0800
0800
0800
0800
0000
0000
0000
ENDCHAR
STARTCHAR uni01B4
ENCODING 436
SWIDTH 576 0
DWIDTH 9 0
BBX 9 15 0 -3
BITMAP
0000
0000
0000
0180
0200
4200
4200
4200
4200
4200
4600
3A00
0200
4200
3C00
ENDCHAR
STARTCHAR uni01B5
ENCODING 437
SWIDTH 576 0
DWIDTH 9 0
BBX 9 15 0 -3
BITMAP
0000
0000
7F00
0100
0200
0400
3E00
1000
2000
4000
4000
7F00
0000
0000
0000
ENDCHAR
STARTCHAR uni01B6
ENCODING 438
SWIDTH 576 0
DWIDTH 9 0
BBX 9 15 0 -3
BITMAP
0000
0000
0000
0000
0000
7F00
0200
0400
3E00
1000
2000
7F00
0000
0000
0000
ENDCHAR
STARTCHAR uni01B7
ENCODING 439
SWIDTH 576 0
DWIDTH 9 0
BBX 9 15 0 -3
BITMAP
0000
0000
7F00
0200
0400
0800
1C00
0200
0100
0100
4200
3C00
0000
0000
0000
ENDCHAR
STARTCHAR uni01B8
ENCODING 440
SWIDTH 576 0
DWIDTH 9 0
BBX 9 15 0 -3
BITMAP
0000
0000
7F00
2000
1000
0800
1C00
2000
4000
4000
2100
1E00
0000
0000
0000
ENDCHAR
STARTCHAR uni01B9
ENCODING 441
SWIDTH 576 0
DWIDTH 9 0
BBX 9 15 0 -3
BITMAP
0000
0000
0000
0000
0000
7E00
2000
1000
0800
1C00
2000
4000
4000
2200
1C00
ENDCHAR
STARTCHAR uni01BA
ENCODING 442
SWIDTH 576 0
DWIDTH 9 0
BBX 9 15 0 -3
BITMAP
0000
0000
0000
0000
0000
7E00
0400
0800
1000
3800
0400
0400
1800
2200
1C00
ENDCHAR
STARTCHAR uni01BB
ENCODING 443
SWIDTH 576 0
DWIDTH 9 0
BBX 9 15 0 -3
BITMAP
0000
0000
3E00
4100
4100
0100
0200
3E00
1000
2000
4000
7F00
0000
0000
0000
ENDCHAR
STARTCHAR uni01BC
ENCODING 444
SWIDTH 576 0
DWIDTH 9 0
BBX 9 15 0 -3
BITMAP
0000
0000
7F00
4100
4000
5E00
6100
0100
0100
0100
4100
3E00
0000
0000
0000
ENDCHAR
STARTCHAR uni01BD
ENCODING 445
SWIDTH 576 0
DWIDTH 9 0
BBX 9 15 0 -3
BITMAP
0000
0000
0000
3E00
2000
2000
2C00
3200
0200
0200
2200
1C00
0000
0000
0000
ENDCHAR
STARTCHAR uni01BE
ENCODING 446
SWIDTH 576 0
DWIDTH 9 0
BBX 9 15 0 -3
BITMAP
0000
0000
0800
0800
3E00
0800
0800
0400
0200
0200
2200
1C00
0000
0000
0000
ENDCHAR
STARTCHAR uni01BF
ENCODING 447
SWIDTH 576 0
DWIDTH 9 0
BBX 9 15 0 -3
BITMAP
0000
0000
0000
0000
0000
0000
2E00
3100
2100
2200
2400
3800
2000
2000
0000
ENDCHAR
STARTCHAR uni01C0
ENCODING 448
SWIDTH 576 0
DWIDTH 9 0
BBX 9 15 0 -3
BITMAP
0000
0000
0800
0800
0800
0800
0800
0800
0800
0800
0800
0800
0000
0000
0000
ENDCHAR
STARTCHAR uni01C1
ENCODING 449
SWIDTH 576 0
DWIDTH 9 0
BBX 9 15 0 -3
BITMAP
0000
0000
1400
1400
1400
1400
1400
1400
1400
1400
1400
1400
0000
0000
0000
ENDCHAR
STARTCHAR uni01C2
ENCODING 450
SWIDTH 576 0
DWIDTH 9 0
BBX 9 15 0 -3
BITMAP
0000
0000
0800
0800
0800
3E00
0800
0800
3E00
0800
0800
0800
0000
0000
0000
ENDCHAR
STARTCHAR uni01C3
ENCODING 451
SWIDTH 576 0
DWIDTH 9 0
BBX 9 15 0 -3
BITMAP
0000
0000
0800
0800
0800
0800
0800
0800
0000
0000
0800
0800
0000
0000
0000
ENDCHAR
STARTCHAR uni01C4
ENCODING 452
SWIDTH 576 0
DWIDTH 9 0
BBX 9 15 0 -3
BITMAP
0000
0500
0200
0000
F780
4880
4900
4900
4A00
4A00
4C00
F780
0000
0000
0000
ENDCHAR
STARTCHAR uni01C5
ENCODING 453
SWIDTH 576 0
DWIDTH 9 0
BBX 9 15 0 -3
BITMAP
0000
0000
F280
4900
4800
4F80
4880
4900
4900
4A00
4A00
F780
0000
0000
0000
ENDCHAR
STARTCHAR uni01C6
ENCODING 454
SWIDTH 576 0
DWIDTH 9 0
BBX 9 15 0 -3
BITMAP
0000
0000
0A80
0900
0800
6F80
9880
8900
8900
8A00
9A00
6F80
0000
0000
0000
ENDCHAR
STARTCHAR uni01C7
ENCODING 455
SWIDTH 576 0
DWIDTH 9 0
BBX 9 15 0 -3
BITMAP
0000
0000
8100
8100
8100
8100
8100
8100
8100
8100
8900
F600
0000
0000
0000
ENDCHAR
STARTCHAR uni01C8
ENCODING 456
SWIDTH 576 0
DWIDTH 9 0
BBX 9 15 0 -3
BITMAP
0000
0000
4300
4000
4000
4300
4100
4100
4100
4100
4100
7900
0100
0900
0600
ENDCHAR
STARTCHAR uni01C9
ENCODING 457
SWIDTH 576 0
DWIDTH 9 0
BBX 9 15 0 -3
BITMAP
0000
0000
6300
2000
2000
2300
2100
2100
2100
2100
2100
7100
0100
0900
0600
ENDCHAR
STARTCHAR uni01CA
ENCODING 458
SWIDTH 576 0
DWIDTH 9 0
BBX 9 15 0 -3
BITMAP
0000
0000
8880
8880
8880
C880
A880
A880
9880
8880
8C80
8B00
0000
0000
0000
ENDCHAR
STARTCHAR uni01CB
ENCODING 459
SWIDTH 576 0
DWIDTH 9 0
BBX 9 15 0 -3
BITMAP
0000
0000
8B00
8800
8800
CB00
A900
A900
9900
8900
8900
8900
0100
0900
0600
ENDCHAR
STARTCHAR uni01CC
ENCODING 460
SWIDTH 576 0
DWIDTH 9 0
BBX 9 15 0 -3
BITMAP
0000
0000
0300
0000
0000
5900
6500
4500
4500
4500
4500
4500
0100
0900
0600
ENDCHAR
STARTCHAR uni01CD
ENCODING 461
SWIDTH 576 0
DWIDTH 9 0
BBX 9 15 0 -3
BITMAP
2200
1400
0800
0000
1C00
2200
4100
4100
7F00
4100
4100
4100
0000
0000
0000
ENDCHAR
STARTCHAR uni01CE
ENCODING 462
SWIDTH 576 0
DWIDTH 9 0
BBX 9 15 0 -3
BITMAP
0000
2200
1400
0800
0000
3E00
0100
0100
3F00
4100
4300
3D00
0000
0000
0000
ENDCHAR
STARTCHAR uni01CF
ENCODING 463
SWIDTH 576 0
DWIDTH 9 0
BBX 9 15 0 -3
BITMAP
2200
1400
0800
0000
3E00
0800
0800
0800
0800
0800
0800
3E00
0000
0000
0000
ENDCHAR
STARTCHAR uni01D0
ENCODING 464
SWIDTH 576 0
DWIDTH 9 0
BBX 9 15 0 -3
BITMAP
0000
2200
1400
0800
0000
3800
0800
0800
0800
0800
0800
3E00
0000
0000
0000
ENDCHAR
STARTCHAR uni01D1
ENCODING 465
SWIDTH 576 0
DWIDTH 9 0
BBX 9 15 0 -3
BITMAP
2200
1400
0800
0000
3E00
4100
4100
4100
4100
4100
4100
3E00
0000
0000
0000
ENDCHAR
STARTCHAR uni01D2
ENCODING 466
SWIDTH 576 0
DWIDTH 9 0
BBX 9 15 0 -3
BITMAP
0000
2200
1400
0800
0000
3E00
4100
4100
4100
4100
4100
3E00
0000
0000
0000
ENDCHAR
STARTCHAR uni01D3
ENCODING 467
SWIDTH 576 0
DWIDTH 9 0
BBX 9 15 0 -3
BITMAP
2200
1400
0800
0000
4100
4100
4100
4100
4100
4100
4100
3E00
0000
0000
0000
ENDCHAR
STARTCHAR uni01D4
ENCODING 468
SWIDTH 576 0
DWIDTH 9 0
BBX 9 15 0 -3
BITMAP
0000
2200
1400
0800
0000
4200
4200
4200
4200
4200
4200
3D00
0000
0000
0000
ENDCHAR
STARTCHAR uni01D5
ENCODING 469
SWIDTH 576 0
DWIDTH 9 0
BBX 9 15 0 -3
BITMAP
0000
3E00
0000
3600
0000
4100
4100
4100
4100
4100
4100
3E00
0000
0000
0000
ENDCHAR
STARTCHAR uni01D6
ENCODING 470
SWIDTH 576 0
DWIDTH 9 0
BBX 9 15 0 -3
BITMAP
0000
7E00
0000
6600
0000
4200
4200
4200
4200
4200
4200
3D00
0000
0000
0000
ENDCHAR
STARTCHAR uni01D7
ENCODING 471
SWIDTH 576 0
DWIDTH 9 0
BBX 9 15 0 -3
BITMAP
0400
0800
0000
3600
0000
4100
4100
4100
4100
4100
4100
3E00
0000
0000
0000
ENDCHAR
STARTCHAR uni01D8
ENCODING 472
SWIDTH 576 0
DWIDTH 9 0
BBX 9 15 0 -3
BITMAP
0400
0800
0000
6600
0000
4200
4200
4200
4200
4200
4200
3D00
0000
0000
0000
ENDCHAR
STARTCHAR uni01D9
ENCODING 473
SWIDTH 576 0
DWIDTH 9 0
BBX 9 15 0 -3
BITMAP
1400
0800
0000
3600
0000
4100
4100
4100
4100
4100
4100
3E00
0000
0000
0000
ENDCHAR
STARTCHAR uni01DA
ENCODING 474
SWIDTH 576 0
DWIDTH 9 0
BBX 9 15 0 -3
BITMAP
2400
1800
0000
6600
0000
4200
4200
4200
4200
4200
4200
3D00
0000
0000
0000
ENDCHAR
STARTCHAR uni01DB
ENCODING 475
SWIDTH 576 0
DWIDTH 9 0
BBX 9 15 0 -3
BITMAP
1000
0800
0000
6300
0000
4100
4100
4100
4100
4100
4100
3E00
0000
0000
0000
ENDCHAR
STARTCHAR uni01DC
ENCODING 476
SWIDTH 576 0
DWIDTH 9 0
BBX 9 15 0 -3
BITMAP
2000
1000
0000
6600
0000
4200
4200
4200
4200
4200
4200
3D00
0000
0000
0000
ENDCHAR
STARTCHAR uni01DD
ENCODING 477
SWIDTH 576 0
DWIDTH 9 0
BBX 9 15 0 -3
BITMAP
0000
0000
0000
0000
0000
3E00
0100
0100
7F00
4100
4100
3E00
0000
0000
0000
ENDCHAR
STARTCHAR uni01DE
ENCODING 478
SWIDTH 576 0
DWIDTH 9 0
BBX 9 15 0 -3
BITMAP
3E00
0000
3600
0000
1C00
2200
4100
4100
7F00
4100
4100
4100
0000
0000
0000
ENDCHAR
STARTCHAR uni01DF
ENCODING 479
SWIDTH 576 0
DWIDTH 9 0
BBX 9 15 0 -3
BITMAP
0000
3E00
0000
3600
0000
3E00
0100
0100
3F00
4100
4300
3D00
0000
0000
0000
ENDCHAR
STARTCHAR uni01E0
ENCODING 480
SWIDTH 576 0
DWIDTH 9 0
BBX 9 15 0 -3
BITMAP
3E00
0000
1800
0000
1C00
2200
4100
4100
7F00
4100
4100
4100
0000
0000
0000
ENDCHAR
STARTCHAR uni01E1
ENCODING 481
SWIDTH 576 0
DWIDTH 9 0
BBX 9 15 0 -3
BITMAP
0000
3E00
0000
0C00
0000
3E00
0100
0100
3F00
4100
4300
3D00
0000
0000
0000
ENDCHAR
STARTCHAR uni01E2
ENCODING 482
SWIDTH 576 0
DWIDTH 9 0
BBX 9 15 0 -3
BITMAP
0000
3E00
0000
3F00
4800
4800
4800
7E00
4800
4800
4800
4F00
0000
0000
0000
ENDCHAR
STARTCHAR uni01E3
ENCODING 483
SWIDTH 576 0
DWIDTH 9 0
BBX 9 15 0 -3
BITMAP
0000
0000
0000
3E00
0000
3600
4900
0900
3E00
4800
4900
3700
0000
0000
0000
ENDCHAR
STARTCHAR uni01E4
ENCODING 484
SWIDTH 576 0
DWIDTH 9 0
BBX 9 15 0 -3
BITMAP
0000
0000
3E00
4100
4000
4000
4000
4700
4100
4F80
4100
3E00
0000
0000
0000
ENDCHAR
STARTCHAR uni01E5
ENCODING 485
SWIDTH 576 0
DWIDTH 9 0
BBX 9 15 0 -3
BITMAP
0000
0000
0000
0000
0000
3D00
4200
4200
4200
4200
4200
3E00
0200
FF80
3C00
ENDCHAR
STARTCHAR Gcaron
ENCODING 486
SWIDTH 576 0
DWIDTH 9 0
BBX 9 15 0 -3
BITMAP
2200
1400
0800
0000
3E00
4100
4000
4000
4700
4100
4100
3E00
0000
0000
0000
ENDCHAR
STARTCHAR gcaron
ENCODING 487
SWIDTH 576 0
DWIDTH 9 0
BBX 9 15 0 -3
BITMAP
0000
2200
1400
0800
0000
3D00
4200
4200
4200
3C00
4000
3E00
4100
4100
3E00
ENDCHAR
STARTCHAR uni01E8
ENCODING 488
SWIDTH 576 0
DWIDTH 9 0
BBX 9 15 0 -3
BITMAP
2200
1400
0800
0000
4100
4200
4400
7800
4800
4400
4200
4100
0000
0000
0000
ENDCHAR
STARTCHAR uni01E9
ENCODING 489
SWIDTH 576 0
DWIDTH 9 0
BBX 9 15 0 -3
BITMAP
2200
1400
4800
4000
4000
4100
4600
5800
6000
5800
4600
4100
0000
0000
0000
ENDCHAR
STARTCHAR uni01EA
ENCODING 490
SWIDTH 576 0
DWIDTH 9 0
BBX 9 15 0 -3
BITMAP
0000
0000
3E00
4100
4100
4100
4100
4100
4100
4100
4100
3E00
1000
1800
0000
ENDCHAR
STARTCHAR uni01EB
ENCODING 491
SWIDTH 576 0
DWIDTH 9 0
BBX 9 15 0 -3
BITMAP
0000
0000
0000
0000
0000
3E00
4100
4100
4100
4100
4100
3E00
1000
1800
0000
ENDCHAR
STARTCHAR uni01EC
ENCODING 492
SWIDTH 576 0
DWIDTH 9 0
BBX 9 15 0 -3
BITMAP
0000
0000
3E00
0000
3E00
4100
4100
4100
4100
4100
4100
3E00
1000
1800
0000
ENDCHAR
STARTCHAR uni01ED
ENCODING 493
SWIDTH 576 0
DWIDTH 9 0
BBX 9 15 0 -3
BITMAP
0000
0000
0000
3E00
0000
3E00
4100
4100
4100
4100
4100
3E00
1000
1800
0000
ENDCHAR
STARTCHAR uni01EE
ENCODING 494
SWIDTH 576 0
DWIDTH 9 0
BBX 9 15 0 -3
BITMAP
2200
1400
0800
7F00
0200
0400
0800
1C00
0200
0100
4200
3C00
0000
0000
0000
ENDCHAR
STARTCHAR uni01EF
ENCODING 495
SWIDTH 576 0
DWIDTH 9 0
BBX 9 15 0 -3
BITMAP
0000
2200
1400
0800
0000
3F00
0200
0400
0800
1C00
0200
0100
0100
2200
1C00
ENDCHAR
STARTCHAR uni01F0
ENCODING 496
SWIDTH 576 0
DWIDTH 9 0
BBX 9 15 0 -3
BITMAP
0000
1100
0A00
0400
0000
0E00
0200
0200
0200
0200
0200
4200
4200
4200
3C00
ENDCHAR
STARTCHAR uni01F1
ENCODING 497
SWIDTH 576 0
DWIDTH 9 0
BBX 9 15 0 -3
BITMAP
0000
0000
F780
4880
4880
4900
4900
4A00
4A00
4C00
4C00
F780
0000
0000
0000
ENDCHAR
STARTCHAR uni01F2
ENCODING 498
SWIDTH 576 0
DWIDTH 9 0
BBX 9 15 0 -3
BITMAP
0000
0000
F000
4800
4800
4F80
4880
4900
4900
4A00
4A00
F780
0000
0000
0000
ENDCHAR
STARTCHAR uni01F3
ENCODING 499
SWIDTH 576 0
DWIDTH 9 0
BBX 9 15 0 -3
BITMAP
0000
0000
0800
0800
0800
6F80
9880
8900
8900
8A00
9A00
6F80
0000
0000
0000
ENDCHAR
STARTCHAR uni01F4
ENCODING 500
SWIDTH 576 0
DWIDTH 9 0
BBX 9 15 0 -3
BITMAP
0200
0400
0800
0000
3E00
4100
4000
4000
4700
4100
4100
3E00
0000
0000
0000
ENDCHAR
STARTCHAR uni01F5
ENCODING 501
SWIDTH 576 0
DWIDTH 9 0
BBX 9 15 0 -3
BITMAP
0000
0200
0400
0800
0000
3D00
4200
4200
4200
3C00
4000
3E00
4100
4100
3E00
ENDCHAR
STARTCHAR uni01F6
ENCODING 502
SWIDTH 576 0
DWIDTH 9 0
BBX 9 15 0 -3
BITMAP
0000
0000
4800
4800
4800
4900
7900
4900
4900
4900
4900
4600
0000
0000
0000
ENDCHAR
STARTCHAR uni01F7
ENCODING 503
SWIDTH 576 0
DWIDTH 9 0
BBX 9 15 0 -3
BITMAP
0000
0000
5E00
6100
4100
4100
4100
4600
5800
6000
4000
4000
4000
4000
0000
ENDCHAR
STARTCHAR uni01F8
ENCODING 504
SWIDTH 576 0
DWIDTH 9 0
BBX 9 15 0 -3
BITMAP
0000
2000
1000
0800
4100
4100
6100
5100
4900
4500
4300
4100
0000
0000
0000
ENDCHAR
STARTCHAR uni01F9
ENCODING 505
SWIDTH 576 0
DWIDTH 9 0
BBX 9 15 0 -3
BITMAP
0000
2000
1000
0800
0000
5E00
6100
4100
4100
4100
4100
4100
0000
0000
0000
ENDCHAR
STARTCHAR Aringacute
ENCODING 506
SWIDTH 576 0
DWIDTH 9 0
BBX 9 15 0 -3
BITMAP
0400
0800
0000
1C00
2200
1C00
1400
2200
4100
7F00
4100
4100
0000
0000
0000
ENDCHAR
STARTCHAR aringacute
ENCODING 507
SWIDTH 576 0
DWIDTH 9 0
BBX 9 15 0 -3
BITMAP
0400
0800
0000
0C00
1200
0C00
3E00
0100
3F00
4100
4300
3D00
0000
0000
0000
ENDCHAR
STARTCHAR AEacute
ENCODING 508
SWIDTH 576 0
DWIDTH 9 0
BBX 9 15 0 -3
BITMAP
0200
0400
0800
0000
3F00
4800
4800
7E00
4800
4800
4800
4F00
0000
0000
0000
ENDCHAR
STARTCHAR aeacute
ENCODING 509
SWIDTH 576 0
DWIDTH 9 0
BBX 9 15 0 -3
BITMAP
0000
0200
0400
0800
0000
3600
4900
0900
3E00
4800
4900
3700
0000
0000
0000
ENDCHAR
STARTCHAR Oslashacute
ENCODING 510
SWIDTH 576 0
DWIDTH 9 0
BBX 9 15 0 -3
BITMAP
0200
0400
0800
0100
3E00
4300
4500
4900
4900
5100
6100
3E00
4000
0000
0000
ENDCHAR
STARTCHAR oslashacute
ENCODING 511
SWIDTH 576 0
DWIDTH 9 0
BBX 9 15 0 -3
BITMAP
0000
0200
0400
0800
0100
3E00
4500
4500
4900
5100
5100
3E00
4000
0000
0000
ENDCHAR
STARTCHAR uni0200
ENCODING 512
SWIDTH 576 0
DWIDTH 9 0
BBX 9 15 0 -3
BITMAP
0000
2400
1200
0000
1C00
2200
4100
4100
7F00
4100
4100
4100
0000
0000
0000
ENDCHAR
STARTCHAR uni0201
ENCODING 513
SWIDTH 576 0
DWIDTH 9 0
BBX 9 15 0 -3
BITMAP
0000
0000
2400
1200
0000
3E00
0100
0100
3F00
4100
4300
3D00
0000
0000
0000
ENDCHAR
STARTCHAR uni0202
ENCODING 514
SWIDTH 576 0
DWIDTH 9 0
BBX 9 15 0 -3
BITMAP
0000
1C00
2200
0000
1C00
2200
4100
4100
7F00
4100
4100
4100
0000
0000
0000
ENDCHAR
STARTCHAR uni0203
ENCODING 515
SWIDTH 576 0
DWIDTH 9 0
BBX 9 15 0 -3
BITMAP
0000
0000
1C00
2200
0000
3E00
0100
0100
3F00
4100
4300
3D00
0000
0000
0000
ENDCHAR
STARTCHAR uni0204
ENCODING 516
SWIDTH 576 0
DWIDTH 9 0
BBX 9 15 0 -3
BITMAP
0000
2400
1200
0000
7F00
4000
4000
7C00
4000
4000
4000
7F00
0000
0000
0000
ENDCHAR
STARTCHAR uni0205
ENCODING 517
SWIDTH 576 0
DWIDTH 9 0
BBX 9 15 0 -3
BITMAP
0000
0000
2400
1200
0000
3E00
4100
4100
7F00
4000
4000
3E00
0000
0000
0000
ENDCHAR
STARTCHAR uni0206
ENCODING 518
SWIDTH 576 0
DWIDTH 9 0
BBX 9 15 0 -3
BITMAP
0000
1C00
2200
0000
7F00
4000
4000
7C00
4000
4000
4000
7F00
0000
0000
0000
ENDCHAR
STARTCHAR uni0207
ENCODING 519
SWIDTH 576 0
DWIDTH 9 0
BBX 9 15 0 -3
BITMAP
0000
0000
1C00
2200
0000
3E00
4100
4100
7F00
4000
4000
3E00
0000
0000
0000
ENDCHAR
STARTCHAR uni0208
ENCODING 520
SWIDTH 576 0
DWIDTH 9 0
BBX 9 15 0 -3
BITMAP
0000
2400
1200
0000
3E00
0800
0800
0800
0800
0800
0800
3E00
0000
0000
0000
ENDCHAR
STARTCHAR uni0209
ENCODING 521
SWIDTH 576 0
DWIDTH 9 0
BBX 9 15 0 -3
BITMAP
0000
4800
2400
0000
3800
0800
0800
0800
0800
0800
0800
3E00
0000
0000
0000
ENDCHAR
STARTCHAR uni020A
ENCODING 522
SWIDTH 576 0
DWIDTH 9 0
BBX 9 15 0 -3
BITMAP
0000
1C00
2200
0000
3E00
0800
0800
0800
0800
0800
0800
3E00
0000
0000
0000
ENDCHAR
STARTCHAR uni020B
ENCODING 523
SWIDTH 576 0
DWIDTH 9 0
BBX 9 15 0 -3
BITMAP
0000
3800
4400
0000
3800
0800
0800
0800
0800
0800
0800
3E00
0000
0000
0000
ENDCHAR
STARTCHAR uni020C
ENCODING 524
SWIDTH 576 0
DWIDTH 9 0
BBX 9 15 0 -3
BITMAP
0000
2400
1200
0000
3E00
4100
4100
4100
4100
4100
4100
3E00
0000
0000
0000
ENDCHAR
STARTCHAR uni020D
ENCODING 525
SWIDTH 576 0
DWIDTH 9 0
BBX 9 15 0 -3
BITMAP
0000
0000
2400
1200
0000
3E00
4100
4100
4100
4100
4100
3E00
0000
0000
0000
ENDCHAR
STARTCHAR uni020E
ENCODING 526
SWIDTH 576 0
DWIDTH 9 0
BBX 9 15 0 -3
BITMAP
0000
1C00
2200
0000
3E00
4100
4100
4100
4100
4100
4100
3E00
0000
0000
0000
ENDCHAR
STARTCHAR uni020F
ENCODING 527
SWIDTH 576 0
DWIDTH 9 0
BBX 9 15 0 -3
BITMAP
0000
0000
1C00
2200
0000
3E00
4100
4100
4100
4100
4100
3E00
0000
0000
0000
ENDCHAR
STARTCHAR uni0210
ENCODING 528
SWIDTH 576 0
DWIDTH 9 0
BBX 9 15 0 -3
BITMAP
0000
2400
1200
0000
7E00
4100
4100
4100
7E00
4200
4100
4100
0000
0000
0000
ENDCHAR
STARTCHAR uni0211
ENCODING 529
SWIDTH 576 0
DWIDTH 9 0
BBX 9 15 0 -3
BITMAP
0000
0000
2400
1200
0000
4E00
3100
2100
2000
2000
2000
2000
0000
0000
0000
ENDCHAR
STARTCHAR uni0212
ENCODING 530
SWIDTH 576 0
DWIDTH 9 0
BBX 9 15 0 -3
BITMAP
0000
1C00
2200
0000
7E00
4100
4100
4100
7E00
4200
4100
4100
0000
0000
0000
ENDCHAR
STARTCHAR uni0213
ENCODING 531
SWIDTH 576 0
DWIDTH 9 0
BBX 9 15 0 -3
BITMAP
0000
0000
1C00
2200
0000
4E00
3100
2100
2000
2000
2000
2000
0000
0000
0000
ENDCHAR
STARTCHAR uni0214
ENCODING 532
SWIDTH 576 0
DWIDTH 9 0
BBX 9 15 0 -3
BITMAP
0000
2400
1200
0000
4100
4100
4100
4100
4100
4100
4100
3E00
0000
0000
0000
ENDCHAR
STARTCHAR uni0215
ENCODING 533
SWIDTH 576 0
DWIDTH 9 0
BBX 9 15 0 -3
BITMAP
0000
0000
4800
2400
0000
4200
4200
4200
4200
4200
4200
3D00
0000
0000
0000
ENDCHAR
STARTCHAR uni0216
ENCODING 534
SWIDTH 576 0
DWIDTH 9 0
BBX 9 15 0 -3
BITMAP
0000
1C00
2200
0000
4100
4100
4100
4100
4100
4100
4100
3E00
0000
0000
0000
ENDCHAR
STARTCHAR uni0217
ENCODING 535
SWIDTH 576 0
DWIDTH 9 0
BBX 9 15 0 -3
BITMAP
0000
0000
1C00
2200
0000
4200
4200
4200
4200
4200
4200
3D00
0000
0000
0000
ENDCHAR
STARTCHAR Scommaaccent
ENCODING 536
SWIDTH 576 0
DWIDTH 9 0
BBX 9 15 0 -3
BITMAP
0000
0000
3E00
4100
4100
4000
3800
0600
0100
4100
4100
3E00
0C00
0400
0800
ENDCHAR
STARTCHAR scommaaccent
ENCODING 537
SWIDTH 576 0
DWIDTH 9 0
BBX 9 15 0 -3
BITMAP
0000
0000
0000
0000
0000
3E00
4100
4000
3E00
0100
4100
3E00
0C00
0400
0800
ENDCHAR
STARTCHAR Tcommaaccent
ENCODING 538
SWIDTH 576 0
DWIDTH 9 0
BBX 9 15 0 -3
BITMAP
0000
0000
7F00
0800
0800
0800
0800
0800
0800
0800
0800
0800
0C00
0400
0800
ENDCHAR
STARTCHAR tcommaaccent
ENCODING 539
SWIDTH 576 0
DWIDTH 9 0
BBX 9 15 0 -3
BITMAP
0000
0000
0000
1000
1000
7E00
1000
1000
1000
1000
1100
0E00
0C00
0400
0800
ENDCHAR
STARTCHAR uni021C
ENCODING 540
SWIDTH 576 0
DWIDTH 9 0
BBX 9 15 0 -3
BITMAP
0000
0000
5E00
6100
0100
0200
0C00
3200
0100
0100
0600
7800
0000
0000
0000
ENDCHAR
STARTCHAR uni021D
ENCODING 541
SWIDTH 576 0
DWIDTH 9 0
BBX 9 15 0 -3
BITMAP
0000
0000
0000
0000
0000
2E00
3100
0100
0200
0C00
3200
0100
0100
0600
3800
ENDCHAR
STARTCHAR uni021E
ENCODING 542
SWIDTH 576 0
DWIDTH 9 0
BBX 9 15 0 -3
BITMAP
2200
1400
0800
4100
4100
4100
4100
7F00
4100
4100
4100
4100
0000
0000
0000
ENDCHAR
STARTCHAR uni021F
ENCODING 543
SWIDTH 576 0
DWIDTH 9 0
BBX 9 15 0 -3
BITMAP
2200
1400
4800
4000
4000
5E00
6100
4100
4100
4100
4100
4100
0000
0000
0000
ENDCHAR
STARTCHAR uni0220
ENCODING 544
SWIDTH 576 0
DWIDTH 9 0
BBX 9 15 0 -3
BITMAP
0000
0000
5E00
6100
4100
4100
4100
4100
4100
4100
4100
4100
0100
0100
0100
ENDCHAR
STARTCHAR uni0222
ENCODING 546
SWIDTH 576 0
DWIDTH 9 0
BBX 9 15 0 -3
BITMAP
0000
0000
2200
4100
4100
4100
3E00
4100
4100
4100
4100
3E00
0000
0000
0000
ENDCHAR
STARTCHAR uni0223
ENCODING 547
SWIDTH 576 0
DWIDTH 9 0
BBX 9 15 0 -3
BITMAP
0000
0000
0000
1200
2100
2100
2100
1E00
2100
2100
2100
1E00
0000
0000
0000
ENDCHAR
STARTCHAR uni0224
ENCODING 548
SWIDTH 576 0
DWIDTH 9 0
BBX 9 15 0 -3
BITMAP
0000
0000
7F00
0100
0200
0400
0800
1000
2000
4000
4000
7F00
0100
0600
0000
ENDCHAR
STARTCHAR uni0225
ENCODING 549
SWIDTH 576 0
DWIDTH 9 0
BBX 9 15 0 -3
BITMAP
0000
0000
0000
0000
0000
7F00
0200
0400
0800
1000
2000
7F00
0100
0600
0000
ENDCHAR
STARTCHAR uni0226
ENCODING 550
SWIDTH 576 0
DWIDTH 9 0
BBX 9 15 0 -3
BITMAP
0000
0800
0000
1C00
2200
4100
4100
4100
7F00
4100
4100
4100
0000
0000
0000
ENDCHAR
STARTCHAR uni0227
ENCODING 551
SWIDTH 576 0
DWIDTH 9 0
BBX 9 15 0 -3
BITMAP
0000
0000
0000
0800
0000
3E00
0100
0100
3F00
4100
4300
3D00
0000
0000
0000
ENDCHAR
STARTCHAR uni0228
ENCODING 552
SWIDTH 576 0
DWIDTH 9 0
BBX 9 15 0 -3
BITMAP
0000
0000
7F00
4000
4000
4000
7C00
4000
4000
4000
4000
7F00
0800
2400
1800
ENDCHAR
STARTCHAR uni0229
ENCODING 553
SWIDTH 576 0
DWIDTH 9 0
BBX 9 15 0 -3
BITMAP
0000
0000
0000
0000
0000
3E00
4100
4100
7F00
4000
4000
3E00
0800
2400
1800
ENDCHAR
STARTCHAR uni022A
ENCODING 554
SWIDTH 576 0
DWIDTH 9 0
BBX 9 15 0 -3
BITMAP
3E00
0000
1400
0000
3E00
4100
4100
4100
4100
4100
4100
3E00
0000
0000
0000
ENDCHAR
STARTCHAR uni022B
ENCODING 555
SWIDTH 576 0
DWIDTH 9 0
BBX 9 15 0 -3
BITMAP
0000
7E00
0000
2400
0000
3C00
4200
4200
4200
4200
4200
3C00
0000
0000
0000
ENDCHAR
STARTCHAR uni022C
ENCODING 556
SWIDTH 576 0
DWIDTH 9 0
BBX 9 15 0 -3
BITMAP
3E00
1A00
2C00
0000
3E00
4100
4100
4100
4100
4100
4100
3E00
0000
0000
0000
ENDCHAR
STARTCHAR uni022D
ENCODING 557
SWIDTH 576 0
DWIDTH 9 0
BBX 9 15 0 -3
BITMAP
7E00
0000
1400
2800
0000
3C00
4200
4200
4200
4200
4200
3C00
0000
0000
0000
ENDCHAR
STARTCHAR uni022E
ENCODING 558
SWIDTH 576 0
DWIDTH 9 0
BBX 9 15 0 -3
BITMAP
0800
0000
3E00
4100
4100
4100
4100
4100
4100
4100
4100
3E00
0000
0000
0000
ENDCHAR
STARTCHAR uni022F
ENCODING 559
SWIDTH 576 0
DWIDTH 9 0
BBX 9 15 0 -3
BITMAP
0000
0000
0000
0800
0000
3E00
4100
4100
4100
4100
4100
3E00
0000
0000
0000
ENDCHAR
STARTCHAR uni0230
ENCODING 560
SWIDTH 576 0
DWIDTH 9 0
BBX 9 15 0 -3
BITMAP
3E00
0000
0800
0000
3E00
4100
4100
4100
4100
4100
4100
3E00
0000
0000
0000
ENDCHAR
STARTCHAR uni0231
ENCODING 561
SWIDTH 576 0
DWIDTH 9 0
BBX 9 15 0 -3
BITMAP
0000
3E00
0000
0800
0000
3E00
4100
4100
4100
4100
4100
3E00
0000
0000
0000
ENDCHAR
STARTCHAR uni0232
ENCODING 562
SWIDTH 576 0
DWIDTH 9 0
BBX 9 15 0 -3
BITMAP
0000
3E00
0000
4100
4100
2200
1400
0800
0800
0800
0800
0800
0000
0000
0000
ENDCHAR
STARTCHAR uni0233
ENCODING 563
SWIDTH 576 0
DWIDTH 9 0
BBX 9 15 0 -3
BITMAP
0000
0000
0000
3C00
0000
4200
4200
4200
4200
4200
4600
3A00
0200
4200
3C00
ENDCHAR
STARTCHAR uni2000
ENCODING 8192
SWIDTH 576 0
DWIDTH 9 0
BBX 9 15 0 -3
BITMAP
0000
0000
0000
0000
0000
0000
0000
0000
0000
0000
0000
0000
0000
0000
0000
ENDCHAR
STARTCHAR uni2001
ENCODING 8193
SWIDTH 576 0
DWIDTH 9 0
BBX 9 15 0 -3
BITMAP
0000
0000
0000
0000
0000
0000
0000
0000
0000
0000
0000
0000
0000
0000
0000
ENDCHAR
STARTCHAR uni2002
ENCODING 8194
SWIDTH 576 0
DWIDTH 9 0
BBX 9 15 0 -3
BITMAP
0000
0000
0000
0000
0000
0000
0000
0000
0000
0000
0000
0000
0000
0000
0000
ENDCHAR
STARTCHAR uni2003
ENCODING 8195
SWIDTH 576 0
DWIDTH 9 0
BBX 9 15 0 -3
BITMAP
0000
0000
0000
0000
0000
0000
0000
0000
0000
0000
0000
0000
0000
0000
0000
ENDCHAR
STARTCHAR uni2004
ENCODING 8196
SWIDTH 576 0
DWIDTH 9 0
BBX 9 15 0 -3
BITMAP
0000
0000
0000
0000
0000
0000
0000
0000
0000
0000
0000
0000
0000
0000
0000
ENDCHAR
STARTCHAR uni2005
ENCODING 8197
SWIDTH 576 0
DWIDTH 9 0
BBX 9 15 0 -3
BITMAP
0000
0000
0000
0000
0000
0000
0000
0000
0000
0000
0000
0000
0000
0000
0000
ENDCHAR
STARTCHAR uni2006
ENCODING 8198
SWIDTH 576 0
DWIDTH 9 0
BBX 9 15 0 -3
BITMAP
0000
0000
0000
0000
0000
0000
0000
0000
0000
0000
0000
0000
0000
0000
0000
ENDCHAR
STARTCHAR uni2007
ENCODING 8199
SWIDTH 576 0
DWIDTH 9 0
BBX 9 15 0 -3
BITMAP
0000
0000
0000
0000
0000
0000
0000
0000
0000
0000
0000
0000
0000
0000
0000
ENDCHAR
STARTCHAR uni2008
ENCODING 8200
SWIDTH 576 0
DWIDTH 9 0
BBX 9 15 0 -3
BITMAP
0000
0000
0000
0000
0000
0000
0000
0000
0000
0000
0000
0000
0000
0000
0000
ENDCHAR
STARTCHAR uni2009
ENCODING 8201
SWIDTH 576 0
DWIDTH 9 0
BBX 9 15 0 -3
BITMAP
0000
0000
0000
0000
0000
0000
0000
0000
0000
0000
0000
0000
0000
0000
0000
ENDCHAR
STARTCHAR uni200A
ENCODING 8202
SWIDTH 576 0
DWIDTH 9 0
BBX 9 15 0 -3
BITMAP
0000
0000
0000
0000
0000
0000
0000
0000
0000
0000
0000
0000
0000
0000
0000
ENDCHAR
STARTCHAR uni200B
ENCODING 8203
SWIDTH 576 0
DWIDTH 9 0
BBX 9 15 0 -3
BITMAP
0000
0000
0000
0000
0000
0000
0000
0000
0000
0000
0000
0000
0000
0000
0000
ENDCHAR
STARTCHAR afii61664
ENCODING 8204
SWIDTH 576 0
DWIDTH 9 0
BBX 9 15 0 -3
BITMAP
0000
0000
0000
0000
0000
0000
0000
0000
0000
0000
0000
0000
0000
0000
0000
ENDCHAR
STARTCHAR afii301
ENCODING 8205
SWIDTH 576 0
DWIDTH 9 0
BBX 9 15 0 -3
BITMAP
0000
0000
0000
0000
0000
0000
0000
0000
0000
0000
0000
0000
0000
0000
0000
ENDCHAR
STARTCHAR uni2010
ENCODING 8208
SWIDTH 576 0
DWIDTH 9 0
BBX 9 15 0 -3
BITMAP
0000
0000
0000
0000
0000
0000
0000
3E00
0000
0000
0000
0000
0000
0000
0000
ENDCHAR
STARTCHAR uni2011
ENCODING 8209
SWIDTH 576 0
DWIDTH 9 0
BBX 9 15 0 -3
BITMAP
0000
0000
0000
0000
0000
0000
0000
3E00
0000
0000
0000
0000
0000
0000
0000
ENDCHAR
STARTCHAR figuredash
ENCODING 8210
SWIDTH 576 0
DWIDTH 9 0
BBX 9 15 0 -3
BITMAP
0000
0000
0000
0000
0000
0000
0000
7F00
0000
0000
0000
0000
0000
0000
0000
ENDCHAR
STARTCHAR endash
ENCODING 8211
SWIDTH 576 0
DWIDTH 9 0
BBX 9 15 0 -3
BITMAP
0000
0000
0000
0000
0000
0000
0000
7F00
0000
0000
0000
0000
0000
0000
0000
ENDCHAR
STARTCHAR emdash
ENCODING 8212
SWIDTH 576 0
DWIDTH 9 0
BBX 9 15 0 -3
BITMAP
0000
0000
0000
0000
0000
0000
0000
FF80
0000
0000
0000
0000
0000
0000
0000
ENDCHAR
STARTCHAR afii00208
ENCODING 8213
SWIDTH 576 0
DWIDTH 9 0
BBX 9 15 0 -3
BITMAP
0000
0000
0000
0000
0000
0000
0000
FF80
0000
0000
0000
0000
0000
0000
0000
ENDCHAR
STARTCHAR uni2016
ENCODING 8214
SWIDTH 576 0
DWIDTH 9 0
BBX 9 15 0 -3
BITMAP
0000
0000
1400
1400
1400
1400
1400
1400
1400
1400
1400
1400
0000
0000
0000
ENDCHAR
STARTCHAR underscoredbl
ENCODING 8215
SWIDTH 576 0
DWIDTH 9 0
BBX 9 15 0 -3
BITMAP
0000
0000
0000
0000
0000
0000
0000
0000
0000
0000
0000
0000
7F00
0000
7F00
ENDCHAR
STARTCHAR quoteleft
ENCODING 8216
SWIDTH 576 0
DWIDTH 9 0
BBX 9 15 0 -3
BITMAP
0000
0000
0800
1000
1800
1800
0000
0000
0000
0000
0000
0000
0000
0000
0000
ENDCHAR
STARTCHAR quoteright
ENCODING 8217
SWIDTH 576 0
DWIDTH 9 0
BBX 9 15 0 -3
BITMAP
0000
0000
1800
1800
0800
1000
0000
0000
0000
0000
0000
0000
0000
0000
0000
ENDCHAR
STARTCHAR quotesinglbase
ENCODING 8218
SWIDTH 576 0
DWIDTH 9 0
BBX 9 15 0 -3
BITMAP
0000
0000
0000
0000
0000
0000
0000
0000
0000
0000
1800
1800
0800
1000
0000
ENDCHAR
STARTCHAR quotereversed
ENCODING 8219
SWIDTH 576 0
DWIDTH 9 0
BBX 9 15 0 -3
BITMAP
0000
0000
1800
1800
1000
0800
0000
0000
0000
0000
0000
0000
0000
0000
0000
ENDCHAR
STARTCHAR quotedblleft
ENCODING 8220
SWIDTH 576 0
DWIDTH 9 0
BBX 9 15 0 -3
BITMAP
0000
0000
1200
2400
3600
3600
0000
0000
0000
0000
0000
0000
0000
0000
0000
ENDCHAR
STARTCHAR quotedblright
ENCODING 8221
SWIDTH 576 0
DWIDTH 9 0
BBX 9 15 0 -3
BITMAP
0000
0000
3600
3600
1200
2400
0000
0000
0000
0000
0000
0000
0000
0000
0000
ENDCHAR
STARTCHAR quotedblbase
ENCODING 8222
SWIDTH 576 0
DWIDTH 9 0
BBX 9 15 0 -3
BITMAP
0000
0000
0000
0000
0000
0000
0000
0000
0000
0000
3600
3600
1200
2400
0000
ENDCHAR
STARTCHAR uni201F
ENCODING 8223
SWIDTH 576 0
DWIDTH 9 0
BBX 9 15 0 -3
BITMAP
0000
0000
3600
3600
2400
1200
0000
0000
0000
0000
0000
0000
0000
0000
0000
ENDCHAR
STARTCHAR dagger
ENCODING 8224
SWIDTH 576 0
DWIDTH 9 0
BBX 9 15 0 -3
BITMAP
0000
0800
1C00
0800
2A00
7F00
2A00
0800
1C00
0800
0800
0800
0800
0800
0000
ENDCHAR
STARTCHAR daggerdbl
ENCODING 8225
SWIDTH 576 0
DWIDTH 9 0
BBX 9 15 0 -3
BITMAP
0000
0800
1C00
0800
2A00
7F00
2A00
0800
2A00
7F00
2A00
0800
1C00
0800
0000
ENDCHAR
STARTCHAR bullet
ENCODING 8226
SWIDTH 576 0
DWIDTH 9 0
BBX 9 15 0 -3
BITMAP
0000
0000
0000
0000
0000
1C00
3E00
3E00
3E00
1C00
0000
0000
0000
0000
0000
ENDCHAR
STARTCHAR uni2023
ENCODING 8227
SWIDTH 576 0
DWIDTH 9 0
BBX 9 15 0 -3
BITMAP
0000
0000
0000
0000
1000
1800
1C00
1E00
1C00
1800
1000
0000
0000
0000
0000
ENDCHAR
STARTCHAR onedotenleader
ENCODING 8228
SWIDTH 576 0
DWIDTH 9 0
BBX 9 15 0 -3
BITMAP
0000
0000
0000
0000
0000
0000
0000
0000
0000
0000
0000
0800
0000
0000
0000
ENDCHAR
STARTCHAR twodotenleader
ENCODING 8229
SWIDTH 576 0
DWIDTH 9 0
BBX 9 15 0 -3
BITMAP
0000
0000
0000
0000
0000
0000
0000
0000
0000
0000
0000
2200
0000
0000
0000
ENDCHAR
STARTCHAR ellipsis
ENCODING 8230
SWIDTH 576 0
DWIDTH 9 0
BBX 9 15 0 -3
BITMAP
0000
0000
0000
0000
0000
0000
0000
0000
0000
0000
0000
4900
0000
0000
0000
ENDCHAR
STARTCHAR uni2027
ENCODING 8231
SWIDTH 576 0
DWIDTH 9 0
BBX 9 15 0 -3
BITMAP
0000
0000
0000
0000
0000
0000
1C00
1C00
0000
0000
0000
0000
0000
0000
0000
ENDCHAR
STARTCHAR uni202F
ENCODING 8239
SWIDTH 576 0
DWIDTH 9 0
BBX 9 15 0 -3
BITMAP
0000
0000
0000
0000
0000
0000
0000
0000
0000
0000
0000
0000
0000
0000
0000
ENDCHAR
STARTCHAR perthousand
ENCODING 8240
SWIDTH 576 0
DWIDTH 9 0
BBX 9 15 0 -3
BITMAP
0000
0000
2100
5200
5200
2400
0800
0800
1500
2A80
2A80
4500
0000
0000
0000
ENDCHAR
STARTCHAR uni2031
ENCODING 8241
SWIDTH 576 0
DWIDTH 9 0
BBX 9 15 0 -3
BITMAP
0000
0000
4800
A800
A800
5000
2000
2000
5500
AA80
AA80
9500
0000
0000
0000
ENDCHAR
STARTCHAR minute
ENCODING 8242
SWIDTH 576 0
DWIDTH 9 0
BBX 9 15 0 -3
BITMAP
0000
0000
0800
0800
1000
0000
0000
0000
0000
0000
0000
0000
0000
0000
0000
ENDCHAR
STARTCHAR second
ENCODING 8243
SWIDTH 576 0
DWIDTH 9 0
BBX 9 15 0 -3
BITMAP
0000
0000
1200
1200
2400
0000
0000
0000
0000
0000
0000
0000
0000
0000
0000
ENDCHAR
STARTCHAR uni2034
ENCODING 8244
SWIDTH 576 0
DWIDTH 9 0
BBX 9 15 0 -3
BITMAP
0000
0000
4900
4900
9200
0000
0000
0000
0000
0000
0000
0000
0000
0000
0000
ENDCHAR
STARTCHAR uni2035
ENCODING 8245
SWIDTH 576 0
DWIDTH 9 0
BBX 9 15 0 -3
BITMAP
0000
0000
1000
1000
0800
0000
0000
0000
0000
0000
0000
0000
0000
0000
0000
ENDCHAR
STARTCHAR uni2036
ENCODING 8246
SWIDTH 576 0
DWIDTH 9 0
BBX 9 15 0 -3
BITMAP
0000
0000
2400
2400
1200
0000
0000
0000
0000
0000
0000
0000
0000
0000
0000
ENDCHAR
STARTCHAR uni2037
ENCODING 8247
SWIDTH 576 0
DWIDTH 9 0
BBX 9 15 0 -3
BITMAP
0000
0000
9200
9200
4900
0000
0000
0000
0000
0000
0000
0000
0000
0000
0000
ENDCHAR
STARTCHAR uni2038
ENCODING 8248
SWIDTH 576 0
DWIDTH 9 0
BBX 9 15 0 -3
BITMAP
0000
0000
0000
0000
0000
0000
0000
0000
0000
0000
0800
1400
2200
0000
0000
ENDCHAR
STARTCHAR guilsinglleft
ENCODING 8249
SWIDTH 576 0
DWIDTH 9 0
BBX 9 15 0 -3
BITMAP
0000
0000
0000
0200
0400
0800
1000
1000
0800
0400
0200
0000
0000
0000
0000
ENDCHAR
STARTCHAR guilsinglright
ENCODING 8250
SWIDTH 576 0
DWIDTH 9 0
BBX 9 15 0 -3
BITMAP
0000
0000
0000
2000
1000
0800
0400
0400
0800
1000
2000
0000
0000
0000
0000
ENDCHAR
STARTCHAR uni203B
ENCODING 8251
SWIDTH 576 0
DWIDTH 9 0
BBX 9 15 0 -3
BITMAP
0000
0000
0000
0000
0000
4900
2200
1400
4900
1400
2200
4900
0000
0000
0000
ENDCHAR
STARTCHAR exclamdbl
ENCODING 8252
SWIDTH 576 0
DWIDTH 9 0
BBX 9 15 0 -3
BITMAP
0000
2400
2400
2400
2400
2400
2400
2400
0000
0000
2400
2400
0000
0000
0000
ENDCHAR
STARTCHAR uni203D
ENCODING 8253
SWIDTH 576 0
DWIDTH 9 0
BBX 9 15 0 -3
BITMAP
0000
0000
3E00
4900
4900
0900
0A00
0C00
0800
0800
0000
0800
0000
0000
0000
ENDCHAR
STARTCHAR uni203E
ENCODING 8254
SWIDTH 576 0
DWIDTH 9 0
BBX 9 15 0 -3
BITMAP
0000
FF80
0000
0000
0000
0000
0000
0000
0000
0000
0000
0000
0000
0000
0000
ENDCHAR
STARTCHAR uni203F
ENCODING 8255
SWIDTH 576 0
DWIDTH 9 0
BBX 9 15 0 -3
BITMAP
0000
0000
0000
0000
0000
0000
0000
0000
0000
0000
0000
0000
C300
3C00
0000
ENDCHAR
STARTCHAR uni2040
ENCODING 8256
SWIDTH 576 0
DWIDTH 9 0
BBX 9 15 0 -3
BITMAP
3C00
C300
0000
0000
0000
0000
0000
0000
0000
0000
0000
0000
0000
0000
0000
ENDCHAR
STARTCHAR uni2041
ENCODING 8257
SWIDTH 576 0
DWIDTH 9 0
BBX 9 15 0 -3
BITMAP
0000
0000
0000
0000
0000
0000
0000
0000
0200
0400
0800
1400
2200
0000
0000
ENDCHAR
STARTCHAR uni2042
ENCODING 8258
SWIDTH 576 0
DWIDTH 9 0
BBX 9 15 0 -3
BITMAP
0000
0000
0800
2A00
1C00
2A00
0800
2200
AA80
7700
AA80
2200
0000
0000
0000
ENDCHAR
STARTCHAR uni2043
ENCODING 8259
SWIDTH 576 0
DWIDTH 9 0
BBX 9 15 0 -3
BITMAP
0000
0000
0000
0000
0000
0000
3E00
3E00
3E00
0000
0000
0000
0000
0000
0000
ENDCHAR
STARTCHAR fraction
ENCODING 8260
SWIDTH 576 0
DWIDTH 9 0
BBX 9 15 0 -3
BITMAP
0000
0000
0200
0200
0400
0400
0800
0800
1000
1000
2000
2000
0000
0000
0000
ENDCHAR
STARTCHAR uni2045
ENCODING 8261
SWIDTH 576 0
DWIDTH 9 0
BBX 9 15 0 -3
BITMAP
0000
1E00
1000
1000
1000
1000
1C00
1000
1000
1000
1000
1000
1E00
0000
0000
ENDCHAR
STARTCHAR uni2046
ENCODING 8262
SWIDTH 576 0
DWIDTH 9 0
BBX 9 15 0 -3
BITMAP
0000
1E00
0200
0200
0200
0200
0E00
0200
0200
0200
0200
0200
1E00
0000
0000
ENDCHAR
STARTCHAR uni2047
ENCODING 8263
SWIDTH 576 0
DWIDTH 9 0
BBX 9 15 0 -3
BITMAP
0000
0000
6600
9900
9900
1100
1100
2200
4400
4400
0000
4400
0000
0000
0000
ENDCHAR
STARTCHAR uni2048
ENCODING 8264
SWIDTH 576 0
DWIDTH 9 0
BBX 9 15 0 -3
BITMAP
0000
0000
3900
4500
4500
0500
0500
0900
1100
1100
0000
1100
0000
0000
0000
ENDCHAR
STARTCHAR uni2049
ENCODING 8265
SWIDTH 576 0
DWIDTH 9 0
BBX 9 15 0 -3
BITMAP
0000
0000
4E00
5100
5100
4100
4100
4200
4400
4400
0000
4400
0000
0000
0000
ENDCHAR
STARTCHAR uni204A
ENCODING 8266
SWIDTH 576 0
DWIDTH 9 0
BBX 9 15 0 -3
BITMAP
0000
0000
0000
0000
0000
0000
7C00
0400
0400
0400
0400
0000
0000
0000
0000
ENDCHAR
STARTCHAR uni204B
ENCODING 8267
SWIDTH 576 0
DWIDTH 9 0
BBX 9 15 0 -3
BITMAP
0000
0000
7E00
5100
5100
5100
5E00
5000
5000
5000
5000
5000
0000
0000
0000
ENDCHAR
STARTCHAR uni204C
ENCODING 8268
SWIDTH 576 0
DWIDTH 9 0
BBX 9 15 0 -3
BITMAP
0000
0000
0000
0000
0000
1F00
3D00
3D00
3D00
1F00
0000
0000
0000
0000
0000
ENDCHAR
STARTCHAR uni204D
ENCODING 8269
SWIDTH 576 0
DWIDTH 9 0
BBX 9 15 0 -3
BITMAP
0000
0000
0000
0000
0000
7C00
5E00
5E00
5E00
7C00
0000
0000
0000
0000
0000
ENDCHAR
STARTCHAR uni204E
ENCODING 8270
SWIDTH 576 0
DWIDTH 9 0
BBX 9 15 0 -3
BITMAP
0000
0000
0000
0000
0000
0800
4900
2A00
1C00
2A00
4900
0800
0000
0000
0000
ENDCHAR
STARTCHAR uni204F
ENCODING 8271
SWIDTH 576 0
DWIDTH 9 0
BBX 9 15 0 -3
BITMAP
0000
0000
0000
0000
0000
0C00
0C00
0000
0000
0000
0C00
0C00
0800
0800
0400
ENDCHAR
STARTCHAR uni2050
ENCODING 8272
SWIDTH 576 0
DWIDTH 9 0
BBX 9 15 0 -3
BITMAP
0000
0000
0000
3E00
4100
0000
0000
0000
0000
4100
3E00
0000
0000
0000
0000
ENDCHAR
STARTCHAR uni2051
ENCODING 8273
SWIDTH 576 0
DWIDTH 9 0
BBX 9 15 0 -3
BITMAP
0000
0800
4900
2A00
1C00
2A00
4900
2A00
1C00
2A00
4900
0800
0000
0000
0000
ENDCHAR
STARTCHAR uni2052
ENCODING 8274
SWIDTH 576 0
DWIDTH 9 0
BBX 9 15 0 -3
BITMAP
0000
0000
6100
6200
0200
0400
0800
0800
1000
2000
2300
4300
0000
0000
0000
ENDCHAR
STARTCHAR uni2057
ENCODING 8279
SWIDTH 576 0
DWIDTH 9 0
BBX 9 15 0 -3
BITMAP
0000
0000
5500
5500
AA00
0000
0000
0000
0000
0000
0000
0000
0000
0000
0000
ENDCHAR
STARTCHAR uni205F
ENCODING 8287
SWIDTH 576 0
DWIDTH 9 0
BBX 9 15 0 -3
BITMAP
0000
0000
0000
0000
0000
0000
0000
0000
0000
0000
0000
0000
0000
0000
0000
ENDCHAR
STARTCHAR uni2060
ENCODING 8288
SWIDTH 576 0
DWIDTH 9 0
BBX 9 15 0 -3
BITMAP
0000
0000
0000
0000
0000
0000
0000
0000
0000
0000
0000
0000
0000
0000
0000
ENDCHAR
STARTCHAR uni2061
ENCODING 8289
SWIDTH 576 0
DWIDTH 9 0
BBX 9 15 0 -3
BITMAP
0000
0000
0000
0000
0000
0000
0000
0000
0000
0000
0000
0000
0000
0000
0000
ENDCHAR
STARTCHAR uni2062
ENCODING 8290
SWIDTH 576 0
DWIDTH 9 0
BBX 9 15 0 -3
BITMAP
0000
0000
0000
0000
0000
0000
0000
0000
0000
0000
0000
0000
0000
0000
0000
ENDCHAR
STARTCHAR uni2063
ENCODING 8291
SWIDTH 576 0
DWIDTH 9 0
BBX 9 15 0 -3
BITMAP
0000
0000
0000
0000
0000
0000
0000
0000
0000
0000
0000
0000
0000
0000
0000
ENDCHAR
STARTCHAR Euro
ENCODING 8364
SWIDTH 576 0
DWIDTH 9 0
BBX 9 15 0 -3
BITMAP
0000
0000
0000
0E00
1100
2000
7C00
2000
7C00
2000
1100
0E00
0000
0000
0000
ENDCHAR
STARTCHAR arrowleft
ENCODING 8592
SWIDTH 576 0
DWIDTH 9 0
BBX 9 15 0 -3
BITMAP
0000
0000
0000
0000
0800
1000
2000
7F00
2000
1000
0800
0000
0000
0000
0000
ENDCHAR
STARTCHAR arrowup
ENCODING 8593
SWIDTH 576 0
DWIDTH 9 0
BBX 9 15 0 -3
BITMAP
0000
0000
0800
1C00
2A00
4900
0800
0800
0800
0800
0800
0800
0000
0000
0000
ENDCHAR
STARTCHAR arrowright
ENCODING 8594
SWIDTH 576 0
DWIDTH 9 0
BBX 9 15 0 -3
BITMAP
0000
0000
0000
0000
0800
0400
0200
7F00
0200
0400
0800
0000
0000
0000
0000
ENDCHAR
STARTCHAR arrowdown
ENCODING 8595
SWIDTH 576 0
DWIDTH 9 0
BBX 9 15 0 -3
BITMAP
0000
0000
0800
0800
0800
0800
0800
0800
4900
2A00
1C00
0800
0000
0000
0000
ENDCHAR
STARTCHAR arrowboth
ENCODING 8596
SWIDTH 576 0
DWIDTH 9 0
BBX 9 15 0 -3
BITMAP
0000
0000
0000
0000
0000
1400
2200
7F00
2200
1400
0000
0000
0000
0000
0000
ENDCHAR
STARTCHAR arrowupdn
ENCODING 8597
SWIDTH 576 0
DWIDTH 9 0
BBX 9 15 0 -3
BITMAP
0000
0000
0800
1C00
2A00
4900
0800
0800
4900
2A00
1C00
0800
0000
0000
0000
ENDCHAR
STARTCHAR uni2196
ENCODING 8598
SWIDTH 576 0
DWIDTH 9 0
BBX 9 15 0 -3
BITMAP
0000
0000
0000
0000
7800
6000
5000
4800
0400
0200
0100
0000
0000
0000
0000
ENDCHAR
STARTCHAR uni2197
ENCODING 8599
SWIDTH 576 0
DWIDTH 9 0
BBX 9 15 0 -3
BITMAP
0000
0000
0000
0000
0F00
0300
0500
0900
1000
2000
4000
0000
0000
0000
0000
ENDCHAR
STARTCHAR uni2198
ENCODING 8600
SWIDTH 576 0
DWIDTH 9 0
BBX 9 15 0 -3
BITMAP
0000
0000
0000
0000
4000
2000
1000
0900
0500
0300
0F00
0000
0000
0000
0000
ENDCHAR
STARTCHAR uni2199
ENCODING 8601
SWIDTH 576 0
DWIDTH 9 0
BBX 9 15 0 -3
BITMAP
0000
0000
0000
0000
0100
0200
0400
4800
5000
6000
7800
0000
0000
0000
0000
ENDCHAR
STARTCHAR uni219A
ENCODING 8602
SWIDTH 576 0
DWIDTH 9 0
BBX 9 15 0 -3
BITMAP
0000
0000
0000
0000
1000
2200
4200
FF00
4400
2400
1000
0000
0000
0000
0000
ENDCHAR
STARTCHAR uni219B
ENCODING 8603
SWIDTH 576 0
DWIDTH 9 0
BBX 9 15 0 -3
BITMAP
0000
0000
0000
0000
0800
2400
2200
FF00
4200
4400
0800
0000
0000
0000
0000
ENDCHAR
STARTCHAR uni219C
ENCODING 8604
SWIDTH 576 0
DWIDTH 9 0
BBX 9 15 0 -3
BITMAP
0000
0000
0000
0000
1000
2000
4200
F500
4800
2000
1000
0000
0000
0000
0000
ENDCHAR
STARTCHAR uni219D
ENCODING 8605
SWIDTH 576 0
DWIDTH 9 0
BBX 9 15 0 -3
BITMAP
0000
0000
0000
0000
0800
0400
4200
AF00
1200
0400
0800
0000
0000
0000
0000
ENDCHAR
STARTCHAR uni219E
ENCODING 8606
SWIDTH 576 0
DWIDTH 9 0
BBX 9 15 0 -3
BITMAP
0000
0000
0000
0000
1200
2400
4800
FF00
4800
2400
1200
0000
0000
0000
0000
ENDCHAR
STARTCHAR uni219F
ENCODING 8607
SWIDTH 576 0
DWIDTH 9 0
BBX 9 15 0 -3
BITMAP
0000
0000
0800
1C00
2A00
4900
1C00
2A00
4900
0800
0800
0800
0000
0000
0000
ENDCHAR
STARTCHAR uni21A0
ENCODING 8608
SWIDTH 576 0
DWIDTH 9 0
BBX 9 15 0 -3
BITMAP
0000
0000
0000
0000
4800
2400
1200
FF00
1200
2400
4800
0000
0000
0000
0000
ENDCHAR
STARTCHAR uni21A1
ENCODING 8609
SWIDTH 576 0
DWIDTH 9 0
BBX 9 15 0 -3
BITMAP
0000
0000
0800
0800
0800
4900
2A00
1C00
4900
2A00
1C00
0800
0000
0000
0000
ENDCHAR
STARTCHAR uni21A2
ENCODING 8610
SWIDTH 576 0
DWIDTH 9 0
BBX 9 15 0 -3
BITMAP
0000
0000
0000
0000
0800
1100
2200
7C00
2200
1100
0800
0000
0000
0000
0000
ENDCHAR
STARTCHAR uni21A3
ENCODING 8611
SWIDTH 576 0
DWIDTH 9 0
BBX 9 15 0 -3
BITMAP
0000
0000
0000
0000
0800
4400
2200
1F00
2200
4400
0800
0000
0000
0000
0000
ENDCHAR
STARTCHAR uni21A4
ENCODING 8612
SWIDTH 576 0
DWIDTH 9 0
BBX 9 15 0 -3
BITMAP
0000
0000
0000
0000
0800
1100
2100
7F00
2100
1100
0800
0000
0000
0000
0000
ENDCHAR
STARTCHAR uni21A5
ENCODING 8613
SWIDTH 576 0
DWIDTH 9 0
BBX 9 15 0 -3
BITMAP
0000
0000
0800
1C00
2A00
4900
0800
0800
0800
0800
0800
3E00
0000
0000
0000
ENDCHAR
STARTCHAR uni21A6
ENCODING 8614
SWIDTH 576 0
DWIDTH 9 0
BBX 9 15 0 -3
BITMAP
0000
0000
0000
0000
0800
4400
4200
7F00
4200
4400
0800
0000
0000
0000
0000
ENDCHAR
STARTCHAR uni21A7
ENCODING 8615
SWIDTH 576 0
DWIDTH 9 0
BBX 9 15 0 -3
BITMAP
0000
0000
3E00
0800
0800
0800
0800
0800
4900
2A00
1C00
0800
0000
0000
0000
ENDCHAR
STARTCHAR arrowupdnbse
ENCODING 8616
SWIDTH 576 0
DWIDTH 9 0
BBX 9 15 0 -3
BITMAP
0000
0000
0800
1C00
2A00
4900
0800
4900
2A00
1C00
0800
7F00
0000
0000
0000
ENDCHAR
STARTCHAR uni21A9
ENCODING 8617
SWIDTH 576 0
DWIDTH 9 0
BBX 9 15 0 -3
BITMAP
0000
0000
0000
0000
1000
2200
4100
FE00
4000
2000
1000
0000
0000
0000
0000
ENDCHAR
STARTCHAR uni21AA
ENCODING 8618
SWIDTH 576 0
DWIDTH 9 0
BBX 9 15 0 -3
BITMAP
0000
0000
0000
0000
0800
4400
8200
7F00
0200
0400
0800
0000
0000
0000
0000
ENDCHAR
STARTCHAR uni21AB
ENCODING 8619
SWIDTH 576 0
DWIDTH 9 0
BBX 9 15 0 -3
BITMAP
0000
0000
0000
0000
1000
2200
4500
FE00
4400
2400
1000
0000
0000
0000
0000
ENDCHAR
STARTCHAR uni21AC
ENCODING 8620
SWIDTH 576 0
DWIDTH 9 0
BBX 9 15 0 -3
BITMAP
0000
0000
0000
0000
0800
4400
A200
7F00
2200
2400
0800
0000
0000
0000
0000
ENDCHAR
STARTCHAR uni21AD
ENCODING 8621
SWIDTH 576 0
DWIDTH 9 0
BBX 9 15 0 -3
BITMAP
0000
0000
0000
0000
0000
2200
4900
F780
4100
2200
0000
0000
0000
0000
0000
ENDCHAR
STARTCHAR uni21AE
ENCODING 8622
SWIDTH 576 0
DWIDTH 9 0
BBX 9 15 0 -3
BITMAP
0000
0000
0000
0000
0000
2200
4900
FF80
4900
2200
0000
0000
0000
0000
0000
ENDCHAR
STARTCHAR uni21AF
ENCODING 8623
SWIDTH 576 0
DWIDTH 9 0
BBX 9 15 0 -3
BITMAP
0000
0000
0800
1000
1200
2E00
3200
0400
0400
2800
1E00
0800
0000
0000
0000
ENDCHAR
STARTCHAR uni21B0
ENCODING 8624
SWIDTH 576 0
DWIDTH 9 0
BBX 9 15 0 -3
BITMAP
0000
0000
1000
2000
7E00
2200
1200
0200
0200
0200
0200
0200
0000
0000
0000
ENDCHAR
STARTCHAR uni21B1
ENCODING 8625
SWIDTH 576 0
DWIDTH 9 0
BBX 9 15 0 -3
BITMAP
0000
0000
0400
0200
7F00
4200
4400
4000
4000
4000
4000
4000
0000
0000
0000
ENDCHAR
STARTCHAR uni21B2
ENCODING 8626
SWIDTH 576 0
DWIDTH 9 0
BBX 9 15 0 -3
BITMAP
0000
0000
0200
0200
0200
0200
0200
1200
2200
7E00
2000
1000
0000
0000
0000
ENDCHAR
STARTCHAR uni21B3
ENCODING 8627
SWIDTH 576 0
DWIDTH 9 0
BBX 9 15 0 -3
BITMAP
0000
0000
4000
4000
4000
4000
4000
4400
4200
7F00
0200
0400
0000
0000
0000
ENDCHAR
STARTCHAR uni21B4
ENCODING 8628
SWIDTH 576 0
DWIDTH 9 0
BBX 9 15 0 -3
BITMAP
0000
0000
0000
0000
7C00
0400
0400
0400
0400
1500
0E00
0400
0000
0000
0000
ENDCHAR
STARTCHAR carriagereturn
ENCODING 8629
SWIDTH 576 0
DWIDTH 9 0
BBX 9 15 0 -3
BITMAP
0000
0000
0000
0100
0100
0100
1100
2100
7F00
2000
1000
0000
0000
0000
0000
ENDCHAR
STARTCHAR uni21B6
ENCODING 8630
SWIDTH 576 0
DWIDTH 9 0
BBX 9 15 0 -3
BITMAP
0000
0000
0000
0E00
1100
2080
2080
A880
7000
2000
0000
0000
0000
0000
0000
ENDCHAR
STARTCHAR uni21B7
ENCODING 8631
SWIDTH 576 0
DWIDTH 9 0
BBX 9 15 0 -3
BITMAP
0000
0000
0000
3800
4400
8200
8200
8A80
0700
0200
0000
0000
0000
0000
0000
ENDCHAR
STARTCHAR uni21B8
ENCODING 8632
SWIDTH 576 0
DWIDTH 9 0
BBX 9 15 0 -3
BITMAP
0000
0000
7F00
2000
3800
3000
2800
0400
0400
0200
0100
0100
0000
0000
0000
ENDCHAR
STARTCHAR uni21B9
ENCODING 8633
SWIDTH 576 0
DWIDTH 9 0
BBX 9 15 0 -3
BITMAP
0000
0000
0000
4800
5000
7F00
5000
4900
0500
7F00
0500
0900
0000
0000
0000
ENDCHAR
STARTCHAR uni21BA
ENCODING 8634
SWIDTH 576 0
DWIDTH 9 0
BBX 9 15 0 -3
BITMAP
0000
0000
0000
0000
3200
4700
8A80
8200
8200
4400
3800
0000
0000
0000
0000
ENDCHAR
STARTCHAR uni21BB
ENCODING 8635
SWIDTH 576 0
DWIDTH 9 0
BBX 9 15 0 -3
BITMAP
0000
0000
0000
0000
2600
7100
A880
2080
2080
1100
0E00
0000
0000
0000
0000
ENDCHAR
STARTCHAR uni21BC
ENCODING 8636
SWIDTH 576 0
DWIDTH 9 0
BBX 9 15 0 -3
BITMAP
0000
0000
0000
0000
0000
0800
1000
2000
7F00
0000
0000
0000
0000
0000
0000
ENDCHAR
STARTCHAR uni21BD
ENCODING 8637
SWIDTH 576 0
DWIDTH 9 0
BBX 9 15 0 -3
BITMAP
0000
0000
0000
0000
0000
0000
0000
0000
7F00
2000
1000
0800
0000
0000
0000
ENDCHAR
STARTCHAR uni21BE
ENCODING 8638
SWIDTH 576 0
DWIDTH 9 0
BBX 9 15 0 -3
BITMAP
0000
0000
0800
0C00
0A00
0900
0800
0800
0800
0800
0800
0800
0000
0000
0000
ENDCHAR
STARTCHAR uni21BF
ENCODING 8639
SWIDTH 576 0
DWIDTH 9 0
BBX 9 15 0 -3
BITMAP
0000
0000
0800
1800
2800
4800
0800
0800
0800
0800
0800
0800
0000
0000
0000
ENDCHAR
STARTCHAR uni21C0
ENCODING 8640
SWIDTH 576 0
DWIDTH 9 0
BBX 9 15 0 -3
BITMAP
0000
0000
0000
0000
0000
0800
0400
0200
7F00
0000
0000
0000
0000
0000
0000
ENDCHAR
STARTCHAR uni21C1
ENCODING 8641
SWIDTH 576 0
DWIDTH 9 0
BBX 9 15 0 -3
BITMAP
0000
0000
0000
0000
0000
0000
0000
0000
7F00
0200
0400
0800
0000
0000
0000
ENDCHAR
STARTCHAR uni21C2
ENCODING 8642
SWIDTH 576 0
DWIDTH 9 0
BBX 9 15 0 -3
BITMAP
0000
0000
0800
0800
0800
0800
0800
0800
0900
0A00
0C00
0800
0000
0000
0000
ENDCHAR
STARTCHAR uni21C3
ENCODING 8643
SWIDTH 576 0
DWIDTH 9 0
BBX 9 15 0 -3
BITMAP
0000
0000
0800
0800
0800
0800
0800
0800
4800
2800
1800
0800
0000
0000
0000
ENDCHAR
STARTCHAR uni21C4
ENCODING 8644
SWIDTH 576 0
DWIDTH 9 0
BBX 9 15 0 -3
BITMAP
0000
0000
0000
0400
0200
7F00
0200
1400
2000
7F00
2000
1000
0000
0000
0000
ENDCHAR
STARTCHAR uni21C5
ENCODING 8645
SWIDTH 576 0
DWIDTH 9 0
BBX 9 15 0 -3
BITMAP
0000
0000
2200
7200
AA00
2200
2200
2200
2200
2A80
2700
2200
0000
0000
0000
ENDCHAR
STARTCHAR uni21C6
ENCODING 8646
SWIDTH 576 0
DWIDTH 9 0
BBX 9 15 0 -3
BITMAP
0000
0000
0000
1000
2000
7F00
2000
1400
0200
7F00
0200
0400
0000
0000
0000
ENDCHAR
STARTCHAR uni21C7
ENCODING 8647
SWIDTH 576 0
DWIDTH 9 0
BBX 9 15 0 -3
BITMAP
0000
0000
1000
2000
7F00
2000
1000
1000
2000
7F00
2000
1000
0000
0000
0000
ENDCHAR
STARTCHAR uni21C8
ENCODING 8648
SWIDTH 576 0
DWIDTH 9 0
BBX 9 15 0 -3
BITMAP
0000
0000
2200
7700
AA80
2200
2200
2200
2200
2200
2200
2200
0000
0000
0000
ENDCHAR
STARTCHAR uni21C9
ENCODING 8649
SWIDTH 576 0
DWIDTH 9 0
BBX 9 15 0 -3
BITMAP
0000
0000
0400
0200
7F00
0200
0400
0400
0200
7F00
0200
0400
0000
0000
0000
ENDCHAR
STARTCHAR uni21CA
ENCODING 8650
SWIDTH 576 0
DWIDTH 9 0
BBX 9 15 0 -3
BITMAP
0000
0000
2200
2200
2200
2200
2200
2200
2200
AA80
7700
2200
0000
0000
0000
ENDCHAR
STARTCHAR uni21CB
ENCODING 8651
SWIDTH 576 0
DWIDTH 9 0
BBX 9 15 0 -3
BITMAP
0000
0000
0000
0000
1000
2000
7F00
0000
7F00
0200
0400
0000
0000
0000
0000
ENDCHAR
STARTCHAR uni21CC
ENCODING 8652
SWIDTH 576 0
DWIDTH 9 0
BBX 9 15 0 -3
BITMAP
0000
0000
0000
0000
0400
0200
7F00
0000
7F00
2000
1000
0000
0000
0000
0000
ENDCHAR
STARTCHAR uni21CD
ENCODING 8653
SWIDTH 576 0
DWIDTH 9 0
BBX 9 15 0 -3
BITMAP
0000
0000
0000
0000
1000
2100
7F80
8200
7F80
2400
1000
0000
0000
0000
0000
ENDCHAR
STARTCHAR uni21CE
ENCODING 8654
SWIDTH 576 0
DWIDTH 9 0
BBX 9 15 0 -3
BITMAP
0000
0000
0000
0000
1400
2200
7F00
8880
7F00
2200
1400
0000
0000
0000
0000
ENDCHAR
STARTCHAR uni21CF
ENCODING 8655
SWIDTH 576 0
DWIDTH 9 0
BBX 9 15 0 -3
BITMAP
0000
0000
0000
0000
0400
1200
FF00
2080
FF00
4200
0400
0000
0000
0000
0000
ENDCHAR
STARTCHAR arrowdblleft
ENCODING 8656
SWIDTH 576 0
DWIDTH 9 0
BBX 9 15 0 -3
BITMAP
0000
0000
0000
0000
1000
2000
7F80
8000
7F80
2000
1000
0000
0000
0000
0000
ENDCHAR
STARTCHAR arrowdblup
ENCODING 8657
SWIDTH 576 0
DWIDTH 9 0
BBX 9 15 0 -3
BITMAP
0000
0000
0800
1400
3600
5500
1400
1400
1400
1400
1400
1400
0000
0000
0000
ENDCHAR
STARTCHAR arrowdblright
ENCODING 8658
SWIDTH 576 0
DWIDTH 9 0
BBX 9 15 0 -3
BITMAP
0000
0000
0000
0000
0400
0200
FF00
0080
FF00
0200
0400
0000
0000
0000
0000
ENDCHAR
STARTCHAR arrowdbldown
ENCODING 8659
SWIDTH 576 0
DWIDTH 9 0
BBX 9 15 0 -3
BITMAP
0000
0000
1400
1400
1400
1400
1400
1400
5500
3600
1400
0800
0000
0000
0000
ENDCHAR
STARTCHAR arrowdblboth
ENCODING 8660
SWIDTH 576 0
DWIDTH 9 0
BBX 9 15 0 -3
BITMAP
0000
0000
0000
0000
1400
2200
7F00
8080
7F00
2200
1400
0000
0000
0000
0000
ENDCHAR
STARTCHAR uni21D5
ENCODING 8661
SWIDTH 576 0
DWIDTH 9 0
BBX 9 15 0 -3
BITMAP
0000
0000
0800
1400
3600
5500
1400
1400
5500
3600
1400
0800
0000
0000
0000
ENDCHAR
STARTCHAR uni21D6
ENCODING 8662
SWIDTH 576 0
DWIDTH 9 0
BBX 9 15 0 -3
BITMAP
0000
0000
0000
0000
7E00
4800
4400
6200
5100
4800
0400
0000
0000
0000
0000
ENDCHAR
STARTCHAR uni21D7
ENCODING 8663
SWIDTH 576 0
DWIDTH 9 0
BBX 9 15 0 -3
BITMAP
0000
0000
0000
0000
3F00
0900
1100
2300
4500
0900
1000
0000
0000
0000
0000
ENDCHAR
STARTCHAR uni21D8
ENCODING 8664
SWIDTH 576 0
DWIDTH 9 0
BBX 9 15 0 -3
BITMAP
0000
0000
0000
0000
1000
0900
4500
2300
1100
0900
3F00
0000
0000
0000
0000
ENDCHAR
STARTCHAR uni21D9
ENCODING 8665
SWIDTH 576 0
DWIDTH 9 0
BBX 9 15 0 -3
BITMAP
0000
0000
0000
0000
0400
4800
5100
6200
4400
4800
7E00
0000
0000
0000
0000
ENDCHAR
STARTCHAR uni21DA
ENCODING 8666
SWIDTH 576 0
DWIDTH 9 0
BBX 9 15 0 -3
BITMAP
0000
0000
0000
0800
1000
3F80
4000
FF80
4000
3F80
1000
0800
0000
0000
0000
ENDCHAR
STARTCHAR uni21DB
ENCODING 8667
SWIDTH 576 0
DWIDTH 9 0
BBX 9 15 0 -3
BITMAP
0000
0000
0000
0800
0400
FE00
0100
FF80
0100
FE00
0400
0800
0000
0000
0000
ENDCHAR
STARTCHAR uni21DC
ENCODING 8668
SWIDTH 576 0
DWIDTH 9 0
BBX 9 15 0 -3
BITMAP
0000
0000
0000
0000
1000
2000
4800
F500
4200
2000
1000
0000
0000
0000
0000
ENDCHAR
STARTCHAR uni21DD
ENCODING 8669
SWIDTH 576 0
DWIDTH 9 0
BBX 9 15 0 -3
BITMAP
0000
0000
0000
0000
0800
0400
1200
AF00
4200
0400
0800
0000
0000
0000
0000
ENDCHAR
STARTCHAR uni21DE
ENCODING 8670
SWIDTH 576 0
DWIDTH 9 0
BBX 9 15 0 -3
BITMAP
0000
0000
0800
1C00
2A00
4900
0800
3E00
0800
3E00
0800
0800
0000
0000
0000
ENDCHAR
STARTCHAR uni21DF
ENCODING 8671
SWIDTH 576 0
DWIDTH 9 0
BBX 9 15 0 -3
BITMAP
0000
0000
0800
0800
3E00
0800
3E00
0800
4900
2A00
1C00
0800
0000
0000
0000
ENDCHAR
STARTCHAR uni21E0
ENCODING 8672
SWIDTH 576 0
DWIDTH 9 0
BBX 9 15 0 -3
BITMAP
0000
0000
0000
0000
0800
1000
2000
5B00
2000
1000
0800
0000
0000
0000
0000
ENDCHAR
STARTCHAR uni21E1
ENCODING 8673
SWIDTH 576 0
DWIDTH 9 0
BBX 9 15 0 -3
BITMAP
0000
0000
0800
1400
2A00
4900
0000
0800
0800
0000
0800
0800
0000
0000
0000
ENDCHAR
STARTCHAR uni21E2
ENCODING 8674
SWIDTH 576 0
DWIDTH 9 0
BBX 9 15 0 -3
BITMAP
0000
0000
0000
0000
0800
0400
0200
6D00
0200
0400
0800
0000
0000
0000
0000
ENDCHAR
STARTCHAR uni21E3
ENCODING 8675
SWIDTH 576 0
DWIDTH 9 0
BBX 9 15 0 -3
BITMAP
0000
0000
0800
0800
0000
0800
0800
0000
4900
2A00
1400
0800
0000
0000
0000
ENDCHAR
STARTCHAR uni21E4
ENCODING 8676
SWIDTH 576 0
DWIDTH 9 0
BBX 9 15 0 -3
BITMAP
0000
0000
0000
0000
0000
4800
5000
7F00
5000
4800
0000
0000
0000
0000
0000
ENDCHAR
STARTCHAR uni21E5
ENCODING 8677
SWIDTH 576 0
DWIDTH 9 0
BBX 9 15 0 -3
BITMAP
0000
0000
0000
0000
0000
0900
0500
7F00
0500
0900
0000
0000
0000
0000
0000
ENDCHAR
STARTCHAR uni21E6
ENCODING 8678
SWIDTH 576 0
DWIDTH 9 0
BBX 9 15 0 -3
BITMAP
0000
0000
0000
0000
1000
3000
5F80
8080
5F80
3000
1000
0000
0000
0000
0000
ENDCHAR
STARTCHAR uni21E7
ENCODING 8679
SWIDTH 576 0
DWIDTH 9 0
BBX 9 15 0 -3
BITMAP
0000
0000
0800
1400
2200
7700
1400
1400
1400
1400
1400
1C00
0000
0000
0000
ENDCHAR
STARTCHAR uni21E8
ENCODING 8680
SWIDTH 576 0
DWIDTH 9 0
BBX 9 15 0 -3
BITMAP
0000
0000
0000
0000
0400
0600
FD00
8080
FD00
0600
0400
0000
0000
0000
0000
ENDCHAR
STARTCHAR uni21E9
ENCODING 8681
SWIDTH 576 0
DWIDTH 9 0
BBX 9 15 0 -3
BITMAP
0000
0000
1C00
1400
1400
1400
1400
1400
7700
2200
1400
0800
0000
0000
0000
ENDCHAR
STARTCHAR uni21EA
ENCODING 8682
SWIDTH 576 0
DWIDTH 9 0
BBX 9 15 0 -3
BITMAP
0000
0800
1400
2200
7700
1400
1400
1C00
0000
1C00
1400
1C00
0000
0000
0000
ENDCHAR
STARTCHAR uni21EB
ENCODING 8683
SWIDTH 576 0
DWIDTH 9 0
BBX 9 15 0 -3
BITMAP
0000
0000
0800
1400
2200
7700
1400
1400
1400
1400
3600
2200
3E00
0000
0000
ENDCHAR
STARTCHAR uni21EC
ENCODING 8684
SWIDTH 576 0
DWIDTH 9 0
BBX 9 15 0 -3
BITMAP
0000
0000
0800
1400
2200
7F00
1400
1400
1400
1400
3600
2200
3E00
0000
0000
ENDCHAR
STARTCHAR uni21ED
ENCODING 8685
SWIDTH 576 0
DWIDTH 9 0
BBX 9 15 0 -3
BITMAP
0000
0000
0800
1400
2200
7F00
1C00
1C00
1C00
1C00
3E00
2200
3E00
0000
0000
ENDCHAR
STARTCHAR uni21EE
ENCODING 8686
SWIDTH 576 0
DWIDTH 9 0
BBX 9 15 0 -3
BITMAP
0000
0000
0800
1400
2200
7700
2200
7700
1400
1400
1400
1400
1C00
0000
0000
ENDCHAR
STARTCHAR uni21EF
ENCODING 8687
SWIDTH 576 0
DWIDTH 9 0
BBX 9 15 0 -3
BITMAP
0000
0000
0800
1400
2200
7700
2200
7700
1400
1400
3600
2200
3E00
0000
0000
ENDCHAR
STARTCHAR uni21F0
ENCODING 8688
SWIDTH 576 0
DWIDTH 9 0
BBX 9 15 0 -3
BITMAP
0000
0000
0000
0000
8400
8600
FD00
8080
FD00
8600
8400
0000
0000
0000
0000
ENDCHAR
STARTCHAR uni21F1
ENCODING 8689
SWIDTH 576 0
DWIDTH 9 0
BBX 9 15 0 -3
BITMAP
0000
0000
0000
0000
0000
7F00
4000
5E00
5800
5400
5200
4100
0000
0000
0000
ENDCHAR
STARTCHAR uni21F2
ENCODING 8690
SWIDTH 576 0
DWIDTH 9 0
BBX 9 15 0 -3
BITMAP
0000
0000
0000
0000
0000
4100
2500
1500
0D00
3D00
0100
7F00
0000
0000
0000
ENDCHAR
STARTCHAR uni21F3
ENCODING 8691
SWIDTH 576 0
DWIDTH 9 0
BBX 9 15 0 -3
BITMAP
0000
0000
0800
1400
2200
7700
1400
1400
1400
7700
2200
1400
0800
0000
0000
ENDCHAR
STARTCHAR uni21F4
ENCODING 8692
SWIDTH 576 0
DWIDTH 9 0
BBX 9 15 0 -3
BITMAP
0000
0000
0000
0000
0400
3200
4900
FF80
4900
3200
0400
0000
0000
0000
0000
ENDCHAR
STARTCHAR uni21F5
ENCODING 8693
SWIDTH 576 0
DWIDTH 9 0
BBX 9 15 0 -3
BITMAP
0000
0000
2200
2700
2A80
2200
2200
2200
2200
AA00
7200
2200
0000
0000
0000
ENDCHAR
STARTCHAR uni21F6
ENCODING 8694
SWIDTH 576 0
DWIDTH 9 0
BBX 9 15 0 -3
BITMAP
0000
0400
0200
7F00
0200
0400
0200
7F00
0200
0400
0200
7F00
0200
0400
0000
ENDCHAR
STARTCHAR uni21F7
ENCODING 8695
SWIDTH 576 0
DWIDTH 9 0
BBX 9 15 0 -3
BITMAP
0000
0000
0000
0000
0000
2400
4400
FF00
4400
2400
0000
0000
0000
0000
0000
ENDCHAR
STARTCHAR uni21F8
ENCODING 8696
SWIDTH 576 0
DWIDTH 9 0
BBX 9 15 0 -3
BITMAP
0000
0000
0000
0000
0000
2400
2200
FF00
2200
2400
0000
0000
0000
0000
0000
ENDCHAR
STARTCHAR uni21F9
ENCODING 8697
SWIDTH 576 0
DWIDTH 9 0
BBX 9 15 0 -3
BITMAP
0000
0000
0000
0000
0000
2A00
4900
FF80
4900
2A00
0000
0000
0000
0000
0000
ENDCHAR
STARTCHAR uni21FA
ENCODING 8698
SWIDTH 576 0
DWIDTH 9 0
BBX 9 15 0 -3
BITMAP
0000
0000
0000
0000
0000
2A00
4A00
FF00
4A00
2A00
0000
0000
0000
0000
0000
ENDCHAR
STARTCHAR uni21FB
ENCODING 8699
SWIDTH 576 0
DWIDTH 9 0
BBX 9 15 0 -3
BITMAP
0000
0000
0000
0000
0000
5400
5200
FF00
5200
5400
0000
0000
0000
0000
0000
ENDCHAR
STARTCHAR uni21FC
ENCODING 8700
SWIDTH 576 0
DWIDTH 9 0
BBX 9 15 0 -3
BITMAP
0000
0000
0000
0000
0000
5500
9480
FF80
9480
5500
0000
0000
0000
0000
0000
ENDCHAR
STARTCHAR uni21FD
ENCODING 8701
SWIDTH 576 0
DWIDTH 9 0
BBX 9 15 0 -3
BITMAP
0000
0000
0000
0000
0800
1800
2800
4F00
2800
1800
0800
0000
0000
0000
0000
ENDCHAR
STARTCHAR uni21FE
ENCODING 8702
SWIDTH 576 0
DWIDTH 9 0
BBX 9 15 0 -3
BITMAP
0000
0000
0000
0000
0800
0C00
0A00
7900
0A00
0C00
0800
0000
0000
0000
0000
ENDCHAR
STARTCHAR uni21FF
ENCODING 8703
SWIDTH 576 0
DWIDTH 9 0
BBX 9 15 0 -3
BITMAP
0000
0000
0000
0000
0000
2400
6600
BD00
6600
2400
0000
0000
0000
0000
0000
ENDCHAR
STARTCHAR SF100000
ENCODING 9472
SWIDTH 576 0
DWIDTH 9 0
BBX 9 15 0 -3
BITMAP
0000
0000
0000
0000
0000
0000
0000
FF80
0000
0000
0000
0000
0000
0000
0000
ENDCHAR
STARTCHAR uni2501
ENCODING 9473
SWIDTH 576 0
DWIDTH 9 0
BBX 9 15 0 -3
BITMAP
0000
0000
0000
0000
0000
0000
FF80
FF80
0000
0000
0000
0000
0000
0000
0000
ENDCHAR
STARTCHAR SF110000
ENCODING 9474
SWIDTH 576 0
DWIDTH 9 0
BBX 9 15 0 -3
BITMAP
0800
0800
0800
0800
0800
0800
0800
0800
0800
0800
0800
0800
0800
0800
0800
ENDCHAR
STARTCHAR uni2503
ENCODING 9475
SWIDTH 576 0
DWIDTH 9 0
BBX 9 15 0 -3
BITMAP
0C00
0C00
0C00
0C00
0C00
0C00
0C00
0C00
0C00
0C00
0C00
0C00
0C00
0C00
0C00
ENDCHAR
STARTCHAR uni2504
ENCODING 9476
SWIDTH 576 0
DWIDTH 9 0
BBX 9 15 0 -3
BITMAP
0000
0000
0000
0000
0000
0000
0000
DB00
0000
0000
0000
0000
0000
0000
0000
ENDCHAR
STARTCHAR uni2505
ENCODING 9477
SWIDTH 576 0
DWIDTH 9 0
BBX 9 15 0 -3
BITMAP
0000
0000
0000
0000
0000
0000
DB00
DB00
0000
0000
0000
0000
0000
0000
0000
ENDCHAR
STARTCHAR uni2506
ENCODING 9478
SWIDTH 576 0
DWIDTH 9 0
BBX 9 15 0 -3
BITMAP
0800
0800
0800
0000
0000
0800
0800
0800
0800
0000
0000
0800
0800
0800
0000
ENDCHAR
STARTCHAR uni2507
ENCODING 9479
SWIDTH 576 0
DWIDTH 9 0
BBX 9 15 0 -3
BITMAP
0C00
0C00
0C00
0000
0000
0C00
0C00
0C00
0C00
0000
0000
0C00
0C00
0C00
0000
ENDCHAR
STARTCHAR uni2508
ENCODING 9480
SWIDTH 576 0
DWIDTH 9 0
BBX 9 15 0 -3
BITMAP
0000
0000
0000
0000
0000
0000
0000
5500
0000
0000
0000
0000
0000
0000
0000
ENDCHAR
STARTCHAR uni2509
ENCODING 9481
SWIDTH 576 0
DWIDTH 9 0
BBX 9 15 0 -3
BITMAP
0000
0000
0000
0000
0000
0000
5500
5500
0000
0000
0000
0000
0000
0000
0000
ENDCHAR
STARTCHAR uni250A
ENCODING 9482
SWIDTH 576 0
DWIDTH 9 0
BBX 9 15 0 -3
BITMAP
0800
0800
0800
0000
0800
0800
0800
0000
0800
0800
0800
0000
0800
0800
0800
ENDCHAR
STARTCHAR uni250B
ENCODING 9483
SWIDTH 576 0
DWIDTH 9 0
BBX 9 15 0 -3
BITMAP
0C00
0C00
0C00
0000
0C00
0C00
0C00
0000
0C00
0C00
0C00
0000
0C00
0C00
0C00
ENDCHAR
STARTCHAR SF010000
ENCODING 9484
SWIDTH 576 0
DWIDTH 9 0
BBX 9 15 0 -3
BITMAP
0000
0000
0000
0000
0000
0000
0000
0F80
0800
0800
0800
0800
0800
0800
0800
ENDCHAR
STARTCHAR uni250D
ENCODING 9485
SWIDTH 576 0
DWIDTH 9 0
BBX 9 15 0 -3
BITMAP
0000
0000
0000
0000
0000
0000
0F80
0F80
0800
0800
0800
0800
0800
0800
0800
ENDCHAR
STARTCHAR uni250E
ENCODING 9486
SWIDTH 576 0
DWIDTH 9 0
BBX 9 15 0 -3
BITMAP
0000
0000
0000
0000
0000
0000
0000
0F80
0C00
0C00
0C00
0C00
0C00
0C00
0C00
ENDCHAR
STARTCHAR uni250F
ENCODING 9487
SWIDTH 576 0
DWIDTH 9 0
BBX 9 15 0 -3
BITMAP
0000
0000
0000
0000
0000
0000
0F80
0F80
0C00
0C00
0C00
0C00
0C00
0C00
0C00
ENDCHAR
STARTCHAR SF030000
ENCODING 9488
SWIDTH 576 0
DWIDTH 9 0
BBX 9 15 0 -3
BITMAP
0000
0000
0000
0000
0000
0000
0000
F800
0800
0800
0800
0800
0800
0800
0800
ENDCHAR
STARTCHAR uni2511
ENCODING 9489
SWIDTH 576 0
DWIDTH 9 0
BBX 9 15 0 -3
BITMAP
0000
0000
0000
0000
0000
0000
F800
F800
0800
0800
0800
0800
0800
0800
0800
ENDCHAR
STARTCHAR uni2512
ENCODING 9490
SWIDTH 576 0
DWIDTH 9 0
BBX 9 15 0 -3
BITMAP
0000
0000
0000
0000
0000
0000
0000
FC00
0C00
0C00
0C00
0C00
0C00
0C00
0C00
ENDCHAR
STARTCHAR uni2513
ENCODING 9491
SWIDTH 576 0
DWIDTH 9 0
BBX 9 15 0 -3
BITMAP
0000
0000
0000
0000
0000
0000
FC00
FC00
0C00
0C00
0C00
0C00
0C00
0C00
0C00
ENDCHAR
STARTCHAR SF020000
ENCODING 9492
SWIDTH 576 0
DWIDTH 9 0
BBX 9 15 0 -3
BITMAP
0800
0800
0800
0800
0800
0800
0800
0F80
0000
0000
0000
0000
0000
0000
0000
ENDCHAR
STARTCHAR uni2515
ENCODING 9493
SWIDTH 576 0
DWIDTH 9 0
BBX 9 15 0 -3
BITMAP
0800
0800
0800
0800
0800
0800
0F80
0F80
0000
0000
0000
0000
0000
0000
0000
ENDCHAR
STARTCHAR uni2516
ENCODING 9494
SWIDTH 576 0
DWIDTH 9 0
BBX 9 15 0 -3
BITMAP
0C00
0C00
0C00
0C00
0C00
0C00
0C00
0F80
0000
0000
0000
0000
0000
0000
0000
ENDCHAR
STARTCHAR uni2517
ENCODING 9495
SWIDTH 576 0
DWIDTH 9 0
BBX 9 15 0 -3
BITMAP
0C00
0C00
0C00
0C00
0C00
0C00
0F80
0F80
0000
0000
0000
0000
0000
0000
0000
ENDCHAR
STARTCHAR SF040000
ENCODING 9496
SWIDTH 576 0
DWIDTH 9 0
BBX 9 15 0 -3
BITMAP
0800
0800
0800
0800
0800
0800
0800
F800
0000
0000
0000
0000
0000
0000
0000
ENDCHAR
STARTCHAR uni2519
ENCODING 9497
SWIDTH 576 0
DWIDTH 9 0
BBX 9 15 0 -3
BITMAP
0800
0800
0800
0800
0800
0800
F800
F800
0000
0000
0000
0000
0000
0000
0000
ENDCHAR
STARTCHAR uni251A
ENCODING 9498
SWIDTH 576 0
DWIDTH 9 0
BBX 9 15 0 -3
BITMAP
0C00
0C00
0C00
0C00
0C00
0C00
0C00
FC00
0000
0000
0000
0000
0000
0000
0000
ENDCHAR
STARTCHAR uni251B
ENCODING 9499
SWIDTH 576 0
DWIDTH 9 0
BBX 9 15 0 -3
BITMAP
0C00
0C00
0C00
0C00
0C00
0C00
FC00
FC00
0000
0000
0000
0000
0000
0000
0000
ENDCHAR
STARTCHAR SF080000
ENCODING 9500
SWIDTH 576 0
DWIDTH 9 0
BBX 9 15 0 -3
BITMAP
0800
0800
0800
0800
0800
0800
0800
0F80
0800
0800
0800
0800
0800
0800
0800
ENDCHAR
STARTCHAR uni251D
ENCODING 9501
SWIDTH 576 0
DWIDTH 9 0
BBX 9 15 0 -3
BITMAP
0800
0800
0800
0800
0800
0800
0F80
0F80
0800
0800
0800
0800
0800
0800
0800
ENDCHAR
STARTCHAR uni251E
ENCODING 9502
SWIDTH 576 0
DWIDTH 9 0
BBX 9 15 0 -3
BITMAP
0C00
0C00
0C00
0C00
0C00
0C00
0C00
0F80
0800
0800
0800
0800
0800
0800
0800
ENDCHAR
STARTCHAR uni251F
ENCODING 9503
SWIDTH 576 0
DWIDTH 9 0
BBX 9 15 0 -3
BITMAP
0800
0800
0800
0800
0800
0800
0800
0F80
0C00
0C00
0C00
0C00
0C00
0C00
0C00
ENDCHAR
STARTCHAR uni2520
ENCODING 9504
SWIDTH 576 0
DWIDTH 9 0
BBX 9 15 0 -3
BITMAP
0C00
0C00
0C00
0C00
0C00
0C00
0C00
0F80
0C00
0C00
0C00
0C00
0C00
0C00
0C00
ENDCHAR
STARTCHAR uni2521
ENCODING 9505
SWIDTH 576 0
DWIDTH 9 0
BBX 9 15 0 -3
BITMAP
0C00
0C00
0C00
0C00
0C00
0C00
0F80
0F80
0800
0800
0800
0800
0800
0800
0800
ENDCHAR
STARTCHAR uni2522
ENCODING 9506
SWIDTH 576 0
DWIDTH 9 0
BBX 9 15 0 -3
BITMAP
0800
0800
0800
0800
0800
0800
0F80
0F80
0C00
0C00
0C00
0C00
0C00
0C00
0C00
ENDCHAR
STARTCHAR uni2523
ENCODING 9507
SWIDTH 576 0
DWIDTH 9 0
BBX 9 15 0 -3
BITMAP
0C00
0C00
0C00
0C00
0C00
0C00
0F80
0F80
0C00
0C00
0C00
0C00
0C00
0C00
0C00
ENDCHAR
STARTCHAR SF090000
ENCODING 9508
SWIDTH 576 0
DWIDTH 9 0
BBX 9 15 0 -3
BITMAP
0800
0800
0800
0800
0800
0800
0800
F800
0800
0800
0800
0800
0800
0800
0800
ENDCHAR
STARTCHAR uni2525
ENCODING 9509
SWIDTH 576 0
DWIDTH 9 0
BBX 9 15 0 -3
BITMAP
0800
0800
0800
0800
0800
0800
F800
F800
0800
0800
0800
0800
0800
0800
0800
ENDCHAR
STARTCHAR uni2526
ENCODING 9510
SWIDTH 576 0
DWIDTH 9 0
BBX 9 15 0 -3
BITMAP
0C00
0C00
0C00
0C00
0C00
0C00
0C00
FC00
0800
0800
0800
0800
0800
0800
0800
ENDCHAR
STARTCHAR uni2527
ENCODING 9511
SWIDTH 576 0
DWIDTH 9 0
BBX 9 15 0 -3
BITMAP
0800
0800
0800
0800
0800
0800
0800
FC00
0C00
0C00
0C00
0C00
0C00
0C00
0C00
ENDCHAR
STARTCHAR uni2528
ENCODING 9512
SWIDTH 576 0
DWIDTH 9 0
BBX 9 15 0 -3
BITMAP
0C00
0C00
0C00
0C00
0C00
0C00
0C00
FC00
0C00
0C00
0C00
0C00
0C00
0C00
0C00
ENDCHAR
STARTCHAR uni2529
ENCODING 9513
SWIDTH 576 0
DWIDTH 9 0
BBX 9 15 0 -3
BITMAP
0C00
0C00
0C00
0C00
0C00
0C00
FC00
FC00
0400
0400
0400
0400
0400
0400
0400
ENDCHAR
STARTCHAR uni252A
ENCODING 9514
SWIDTH 576 0
DWIDTH 9 0
BBX 9 15 0 -3
BITMAP
0400
0400
0400
0400
0400
0400
FC00
FC00
0C00
0C00
0C00
0C00
0C00
0C00
0C00
ENDCHAR
STARTCHAR uni252B
ENCODING 9515
SWIDTH 576 0
DWIDTH 9 0
BBX 9 15 0 -3
BITMAP
0C00
0C00
0C00
0C00
0C00
0C00
FC00
FC00
0C00
0C00
0C00
0C00
0C00
0C00
0C00
ENDCHAR
STARTCHAR SF060000
ENCODING 9516
SWIDTH 576 0
DWIDTH 9 0
BBX 9 15 0 -3
BITMAP
0000
0000
0000
0000
0000
0000
0000
FF80
0800
0800
0800
0800
0800
0800
0800
ENDCHAR
STARTCHAR uni252D
ENCODING 9517
SWIDTH 576 0
DWIDTH 9 0
BBX 9 15 0 -3
BITMAP
0000
0000
0000
0000
0000
0000
F800
FF80
0800
0800
0800
0800
0800
0800
0800
ENDCHAR
STARTCHAR uni252E
ENCODING 9518
SWIDTH 576 0
DWIDTH 9 0
BBX 9 15 0 -3
BITMAP
0000
0000
0000
0000
0000
0000
0F80
FF80
0800
0800
0800
0800
0800
0800
0800
ENDCHAR
STARTCHAR uni252F
ENCODING 9519
SWIDTH 576 0
DWIDTH 9 0
BBX 9 15 0 -3
BITMAP
0000
0000
0000
0000
0000
0000
FF80
FF80
0800
0800
0800
0800
0800
0800
0800
ENDCHAR
STARTCHAR uni2530
ENCODING 9520
SWIDTH 576 0
DWIDTH 9 0
BBX 9 15 0 -3
BITMAP
0000
0000
0000
0000
0000
0000
0000
FF80
0C00
0C00
0C00
0C00
0C00
0C00
0C00
ENDCHAR
STARTCHAR uni2531
ENCODING 9521
SWIDTH 576 0
DWIDTH 9 0
BBX 9 15 0 -3
BITMAP
0000
0000
0000
0000
0000
0000
FC00
FF80
0C00
0C00
0C00
0C00
0C00
0C00
0C00
ENDCHAR
STARTCHAR uni2532
ENCODING 9522
SWIDTH 576 0
DWIDTH 9 0
BBX 9 15 0 -3
BITMAP
0000
0000
0000
0000
0000
0000
0F80
FF80
0C00
0C00
0C00
0C00
0C00
0C00
0C00
ENDCHAR
STARTCHAR uni2533
ENCODING 9523
SWIDTH 576 0
DWIDTH 9 0
BBX 9 15 0 -3
BITMAP
0000
0000
0000
0000
0000
0000
FF80
FF80
0C00
0C00
0C00
0C00
0C00
0C00
0C00
ENDCHAR
STARTCHAR SF070000
ENCODING 9524
SWIDTH 576 0
DWIDTH 9 0
BBX 9 15 0 -3
BITMAP
0800
0800
0800
0800
0800
0800
0800
FF80
0000
0000
0000
0000
0000
0000
0000
ENDCHAR
STARTCHAR uni2535
ENCODING 9525
SWIDTH 576 0
DWIDTH 9 0
BBX 9 15 0 -3
BITMAP
0800
0800
0800
0800
0800
0800
F800
FF80
0000
0000
0000
0000
0000
0000
0000
ENDCHAR
STARTCHAR uni2536
ENCODING 9526
SWIDTH 576 0
DWIDTH 9 0
BBX 9 15 0 -3
BITMAP
0800
0800
0800
0800
0800
0800
0F80
FF80
0000
0000
0000
0000
0000
0000
0000
ENDCHAR
STARTCHAR uni2537
ENCODING 9527
SWIDTH 576 0
DWIDTH 9 0
BBX 9 15 0 -3
BITMAP
0800
0800
0800
0800
0800
0800
FF80
FF80
0000
0000
0000
0000
0000
0000
0000
ENDCHAR
STARTCHAR uni2538
ENCODING 9528
SWIDTH 576 0
DWIDTH 9 0
BBX 9 15 0 -3
BITMAP
0C00
0C00
0C00
0C00
0C00
0C00
0C00
FF80
0000
0000
0000
0000
0000
0000
0000
ENDCHAR
STARTCHAR uni2539
ENCODING 9529
SWIDTH 576 0
DWIDTH 9 0
BBX 9 15 0 -3
BITMAP
0C00
0C00
0C00
0C00
0C00
0C00
FC00
FF80
0000
0000
0000
0000
0000
0000
0000
ENDCHAR
STARTCHAR uni253A
ENCODING 9530
SWIDTH 576 0
DWIDTH 9 0
BBX 9 15 0 -3
BITMAP
0C00
0C00
0C00
0C00
0C00
0C00
0F80
FF80
0000
0000
0000
0000
0000
0000
0000
ENDCHAR
STARTCHAR uni253B
ENCODING 9531
SWIDTH 576 0
DWIDTH 9 0
BBX 9 15 0 -3
BITMAP
0C00
0C00
0C00
0C00
0C00
0C00
FF80
FF80
0000
0000
0000
0000
0000
0000
0000
ENDCHAR
STARTCHAR SF050000
ENCODING 9532
SWIDTH 576 0
DWIDTH 9 0
BBX 9 15 0 -3
BITMAP
0800
0800
0800
0800
0800
0800
0800
FF80
0800
0800
0800
0800
0800
0800
0800
ENDCHAR
STARTCHAR uni253D
ENCODING 9533
SWIDTH 576 0
DWIDTH 9 0
BBX 9 15 0 -3
BITMAP
0800
0800
0800
0800
0800
0800
F800
FF80
0800
0800
0800
0800
0800
0800
0800
ENDCHAR
STARTCHAR uni253E
ENCODING 9534
SWIDTH 576 0
DWIDTH 9 0
BBX 9 15 0 -3
BITMAP
0800
0800
0800
0800
0800
0800
0F80
FF80
0800
0800
0800
0800
0800
0800
0800
ENDCHAR
STARTCHAR uni253F
ENCODING 9535
SWIDTH 576 0
DWIDTH 9 0
BBX 9 15 0 -3
BITMAP
0800
0800
0800
0800
0800
0800
FF80
FF80
0800
0800
0800
0800
0800
0800
0800
ENDCHAR
STARTCHAR uni2540
ENCODING 9536
SWIDTH 576 0
DWIDTH 9 0
BBX 9 15 0 -3
BITMAP
0C00
0C00
0C00
0C00
0C00
0C00
0C00
FF80
0800
0800
0800
0800
0800
0800
0800
ENDCHAR
STARTCHAR uni2541
ENCODING 9537
SWIDTH 576 0
DWIDTH 9 0
BBX 9 15 0 -3
BITMAP
0800
0800
0800
0800
0800
0800
0800
FF80
0C00
0C00
0C00
0C00
0C00
0C00
0C00
ENDCHAR
STARTCHAR uni2542
ENCODING 9538
SWIDTH 576 0
DWIDTH 9 0
BBX 9 15 0 -3
BITMAP
0C00
0C00
0C00
0C00
0C00
0C00
0C00
FF80
0C00
0C00
0C00
0C00
0C00
0C00
0C00
ENDCHAR
STARTCHAR uni2543
ENCODING 9539
SWIDTH 576 0
DWIDTH 9 0
BBX 9 15 0 -3
BITMAP
0C00
0C00
0C00
0C00
0C00
0C00
FC00
FF80
0800
0800
0800
0800
0800
0800
0800
ENDCHAR
STARTCHAR uni2544
ENCODING 9540
SWIDTH 576 0
DWIDTH 9 0
BBX 9 15 0 -3
BITMAP
0C00
0C00
0C00
0C00
0C00
0C00
0F80
FF80
0800
0800
0800
0800
0800
0800
0800
ENDCHAR
STARTCHAR uni2545
ENCODING 9541
SWIDTH 576 0
DWIDTH 9 0
BBX 9 15 0 -3
BITMAP
0800
0800
0800
0800
0800
0800
FC00
FF80
0C00
0C00
0C00
0C00
0C00
0C00
0C00
ENDCHAR
STARTCHAR uni2546
ENCODING 9542
SWIDTH 576 0
DWIDTH 9 0
BBX 9 15 0 -3
BITMAP
0800
0800
0800
0800
0800
0800
0F80
FF80
0C00
0C00
0C00
0C00
0C00
0C00
0C00
ENDCHAR
STARTCHAR uni2547
ENCODING 9543
SWIDTH 576 0
DWIDTH 9 0
BBX 9 15 0 -3
BITMAP
0C00
0C00
0C00
0C00
0C00
0C00
FF80
FF80
0800
0800
0800
0800
0800
0800
0800
ENDCHAR
STARTCHAR uni2548
ENCODING 9544
SWIDTH 576 0
DWIDTH 9 0
BBX 9 15 0 -3
BITMAP
0800
0800
0800
0800
0800
0800
FF80
FF80
0C00
0C00
0C00
0C00
0C00
0C00
0C00
ENDCHAR
STARTCHAR uni2549
ENCODING 9545
SWIDTH 576 0
DWIDTH 9 0
BBX 9 15 0 -3
BITMAP
0C00
0C00
0C00
0C00
0C00
0C00
FC00
FF80
0C00
0C00
0C00
0C00
0C00
0C00
0C00
ENDCHAR
STARTCHAR uni254A
ENCODING 9546
SWIDTH 576 0
DWIDTH 9 0
BBX 9 15 0 -3
BITMAP
0C00
0C00
0C00
0C00
0C00
0C00
0F80
FF80
0C00
0C00
0C00
0C00
0C00
0C00
0C00
ENDCHAR
STARTCHAR uni254B
ENCODING 9547
SWIDTH 576 0
DWIDTH 9 0
BBX 9 15 0 -3
BITMAP
0C00
0C00
0C00
0C00
0C00
0C00
FF80
FF80
0C00
0C00
0C00
0C00
0C00
0C00
0C00
ENDCHAR
STARTCHAR uni254C
ENCODING 9548
SWIDTH 576 0
DWIDTH 9 0
BBX 9 15 0 -3
BITMAP
0000
0000
0000
0000
0000
0000
0000
7700
0000
0000
0000
0000
0000
0000
0000
ENDCHAR
STARTCHAR uni254D
ENCODING 9549
SWIDTH 576 0
DWIDTH 9 0
BBX 9 15 0 -3
BITMAP
0000
0000
0000
0000
0000
0000
7700
7700
0000
0000
0000
0000
0000
0000
0000
ENDCHAR
STARTCHAR uni254E
ENCODING 9550
SWIDTH 576 0
DWIDTH 9 0
BBX 9 15 0 -3
BITMAP
0000
0800
0800
0800
0800
0800
0000
0000
0800
0800
0800
0800
0800
0000
0000
ENDCHAR
STARTCHAR uni254F
ENCODING 9551
SWIDTH 576 0
DWIDTH 9 0
BBX 9 15 0 -3
BITMAP
0000
0C00
0C00
0C00
0C00
0C00
0000
0000
0C00
0C00
0C00
0C00
0C00
0000
0000
ENDCHAR
STARTCHAR SF430000
ENCODING 9552
SWIDTH 576 0
DWIDTH 9 0
BBX 9 15 0 -3
BITMAP
0000
0000
0000
0000
0000
0000
FF80
0000
FF80
0000
0000
0000
0000
0000
0000
ENDCHAR
STARTCHAR SF240000
ENCODING 9553
SWIDTH 576 0
DWIDTH 9 0
BBX 9 15 0 -3
BITMAP
1400
1400
1400
1400
1400
1400
1400
1400
1400
1400
1400
1400
1400
1400
1400
ENDCHAR
STARTCHAR SF510000
ENCODING 9554
SWIDTH 576 0
DWIDTH 9 0
BBX 9 15 0 -3
BITMAP
0000
0000
0000
0000
0000
0000
0F80
0800
0F80
0800
0800
0800
0800
0800
0800
ENDCHAR
STARTCHAR SF520000
ENCODING 9555
SWIDTH 576 0
DWIDTH 9 0
BBX 9 15 0 -3
BITMAP
0000
0000
0000
0000
0000
0000
0000
1F80
1400
1400
1400
1400
1400
1400
1400
ENDCHAR
STARTCHAR SF390000
ENCODING 9556
SWIDTH 576 0
DWIDTH 9 0
BBX 9 15 0 -3
BITMAP
0000
0000
0000
0000
0000
0000
1F80
1000
1780
1400
1400
1400
1400
1400
1400
ENDCHAR
STARTCHAR SF220000
ENCODING 9557
SWIDTH 576 0
DWIDTH 9 0
BBX 9 15 0 -3
BITMAP
0000
0000
0000
0000
0000
0000
F800
0800
F800
0800
0800
0800
0800
0800
0800
ENDCHAR
STARTCHAR SF210000
ENCODING 9558
SWIDTH 576 0
DWIDTH 9 0
BBX 9 15 0 -3
BITMAP
0000
0000
0000
0000
0000
0000
0000
FC00
1400
1400
1400
1400
1400
1400
1400
ENDCHAR
STARTCHAR SF250000
ENCODING 9559
SWIDTH 576 0
DWIDTH 9 0
BBX 9 15 0 -3
BITMAP
0000
0000
0000
0000
0000
0000
FC00
0400
F400
1400
1400
1400
1400
1400
1400
ENDCHAR
STARTCHAR SF500000
ENCODING 9560
SWIDTH 576 0
DWIDTH 9 0
BBX 9 15 0 -3
BITMAP
0800
0800
0800
0800
0800
0800
0F80
0800
0F80
0000
0000
0000
0000
0000
0000
ENDCHAR
STARTCHAR SF490000
ENCODING 9561
SWIDTH 576 0
DWIDTH 9 0
BBX 9 15 0 -3
BITMAP
1400
1400
1400
1400
1400
1400
1400
1F80
0000
0000
0000
0000
0000
0000
0000
ENDCHAR
STARTCHAR SF380000
ENCODING 9562
SWIDTH 576 0
DWIDTH 9 0
BBX 9 15 0 -3
BITMAP
1400
1400
1400
1400
1400
1400
1780
1000
1F80
0000
0000
0000
0000
0000
0000
ENDCHAR
STARTCHAR SF280000
ENCODING 9563
SWIDTH 576 0
DWIDTH 9 0
BBX 9 15 0 -3
BITMAP
0800
0800
0800
0800
0800
0800
F800
0800
F800
0000
0000
0000
0000
0000
0000
ENDCHAR
STARTCHAR SF270000
ENCODING 9564
SWIDTH 576 0
DWIDTH 9 0
BBX 9 15 0 -3
BITMAP
1400
1400
1400
1400
1400
1400
1400
FC00
0000
0000
0000
0000
0000
0000
0000
ENDCHAR
STARTCHAR SF260000
ENCODING 9565
SWIDTH 576 0
DWIDTH 9 0
BBX 9 15 0 -3
BITMAP
1400
1400
1400
1400
1400
1400
F400
0400
FC00
0000
0000
0000
0000
0000
0000
ENDCHAR
STARTCHAR SF360000
ENCODING 9566
SWIDTH 576 0
DWIDTH 9 0
BBX 9 15 0 -3
BITMAP
0800
0800
0800
0800
0800
0800
0F80
0800
0F80
0800
0800
0800
0800
0800
0800
ENDCHAR
STARTCHAR SF370000
ENCODING 9567
SWIDTH 576 0
DWIDTH 9 0
BBX 9 15 0 -3
BITMAP
1400
1400
1400
1400
1400
1400
1400
1780
1400
1400
1400
1400
1400
1400
1400
ENDCHAR
STARTCHAR SF420000
ENCODING 9568
SWIDTH 576 0
DWIDTH 9 0
BBX 9 15 0 -3
BITMAP
1400
1400
1400
1400
1400
1400
1780
1000
1780
1400
1400
1400
1400
1400
1400
ENDCHAR
STARTCHAR SF190000
ENCODING 9569
SWIDTH 576 0
DWIDTH 9 0
BBX 9 15 0 -3
BITMAP
0800
0800
0800
0800
0800
0800
F800
0800
F800
0800
0800
0800
0800
0800
0800
ENDCHAR
STARTCHAR SF200000
ENCODING 9570
SWIDTH 576 0
DWIDTH 9 0
BBX 9 15 0 -3
BITMAP
1400
1400
1400
1400
1400
1400
1400
F400
1400
1400
1400
1400
1400
1400
1400
ENDCHAR
STARTCHAR SF230000
ENCODING 9571
SWIDTH 576 0
DWIDTH 9 0
BBX 9 15 0 -3
BITMAP
1400
1400
1400
1400
1400
1400
F400
0400
F400
1400
1400
1400
1400
1400
1400
ENDCHAR
STARTCHAR SF470000
ENCODING 9572
SWIDTH 576 0
DWIDTH 9 0
BBX 9 15 0 -3
BITMAP
0000
0000
0000
0000
0000
0000
FF80
0000
FF80
0800
0800
0800
0800
0800
0800
ENDCHAR
STARTCHAR SF480000
ENCODING 9573
SWIDTH 576 0
DWIDTH 9 0
BBX 9 15 0 -3
BITMAP
0000
0000
0000
0000
0000
0000
0000
FF80
1400
1400
1400
1400
1400
1400
1400
ENDCHAR
STARTCHAR SF410000
ENCODING 9574
SWIDTH 576 0
DWIDTH 9 0
BBX 9 15 0 -3
BITMAP
0000
0000
0000
0000
0000
0000
FF80
0000
F780
1400
1400
1400
1400
1400
1400
ENDCHAR
STARTCHAR SF450000
ENCODING 9575
SWIDTH 576 0
DWIDTH 9 0
BBX 9 15 0 -3
BITMAP
0800
0800
0800
0800
0800
0800
FF80
0000
FF80
0000
0000
0000
0000
0000
0000
ENDCHAR
STARTCHAR SF460000
ENCODING 9576
SWIDTH 576 0
DWIDTH 9 0
BBX 9 15 0 -3
BITMAP
1400
1400
1400
1400
1400
1400
1400
FF80
0000
0000
0000
0000
0000
0000
0000
ENDCHAR
STARTCHAR SF400000
ENCODING 9577
SWIDTH 576 0
DWIDTH 9 0
BBX 9 15 0 -3
BITMAP
1400
1400
1400
1400
1400
1400
F780
0000
FF80
0000
0000
0000
0000
0000
0000
ENDCHAR
STARTCHAR SF540000
ENCODING 9578
SWIDTH 576 0
DWIDTH 9 0
BBX 9 15 0 -3
BITMAP
0800
0800
0800
0800
0800
0800
FF80
0800
FF80
0800
0800
0800
0800
0800
0800
ENDCHAR
STARTCHAR SF530000
ENCODING 9579
SWIDTH 576 0
DWIDTH 9 0
BBX 9 15 0 -3
BITMAP
1400
1400
1400
1400
1400
1400
1400
FF80
1400
1400
1400
1400
1400
1400
1400
ENDCHAR
STARTCHAR SF440000
ENCODING 9580
SWIDTH 576 0
DWIDTH 9 0
BBX 9 15 0 -3
BITMAP
1400
1400
1400
1400
1400
1400
F780
0000
F780
1400
1400
1400
1400
1400
1400
ENDCHAR
STARTCHAR uni256D
ENCODING 9581
SWIDTH 576 0
DWIDTH 9 0
BBX 9 15 0 -3
BITMAP
0000
0000
0000
0000
0000
0000
0000
0380
0400
0800
0800
0800
0800
0800
0800
ENDCHAR
STARTCHAR uni256E
ENCODING 9582
SWIDTH 576 0
DWIDTH 9 0
BBX 9 15 0 -3
BITMAP
0000
0000
0000
0000
0000
0000
0000
E000
1000
0800
0800
0800
0800
0800
0800
ENDCHAR
STARTCHAR uni256F
ENCODING 9583
SWIDTH 576 0
DWIDTH 9 0
BBX 9 15 0 -3
BITMAP
0800
0800
0800
0800
0800
0800
1000
E000
0000
0000
0000
0000
0000
0000
0000
ENDCHAR
STARTCHAR uni2570
ENCODING 9584
SWIDTH 576 0
DWIDTH 9 0
BBX 9 15 0 -3
BITMAP
0800
0800
0800
0800
0800
0800
0400
0380
0000
0000
0000
0000
0000
0000
0000
ENDCHAR
STARTCHAR uni2571
ENCODING 9585
SWIDTH 576 0
DWIDTH 9 0
BBX 9 15 0 -3
BITMAP
0080
0080
0100
0200
0200
0400
0400
0800
1000
1000
2000
2000
4000
8000
8000
ENDCHAR
STARTCHAR uni2572
ENCODING 9586
SWIDTH 576 0
DWIDTH 9 0
BBX 9 15 0 -3
BITMAP
8000
8000
4000
2000
2000
1000
1000
0800
0400
0400
0200
0200
0100
0080
0080
ENDCHAR
STARTCHAR uni2573
ENCODING 9587
SWIDTH 576 0
DWIDTH 9 0
BBX 9 15 0 -3
BITMAP
8080
8080
4100
2200
2200
1400
1400
0800
1400
1400
2200
2200
4100
8080
8080
ENDCHAR
STARTCHAR uni2574
ENCODING 9588
SWIDTH 576 0
DWIDTH 9 0
BBX 9 15 0 -3
BITMAP
0000
0000
0000
0000
0000
0000
0000
F800
0000
0000
0000
0000
0000
0000
0000
ENDCHAR
STARTCHAR uni2575
ENCODING 9589
SWIDTH 576 0
DWIDTH 9 0
BBX 9 15 0 -3
BITMAP
0800
0800
0800
0800
0800
0800
0800
0800
0000
0000
0000
0000
0000
0000
0000
ENDCHAR
STARTCHAR uni2576
ENCODING 9590
SWIDTH 576 0
DWIDTH 9 0
BBX 9 15 0 -3
BITMAP
0000
0000
0000
0000
0000
0000
0000
0F80
0000
0000
0000
0000
0000
0000
0000
ENDCHAR
STARTCHAR uni2577
ENCODING 9591
SWIDTH 576 0
DWIDTH 9 0
BBX 9 15 0 -3
BITMAP
0000
0000
0000
0000
0000
0000
0000
0800
0800
0800
0800
0800
0800
0800
0800
ENDCHAR
STARTCHAR uni2578
ENCODING 9592
SWIDTH 576 0
DWIDTH 9 0
BBX 9 15 0 -3
BITMAP
0000
0000
0000
0000
0000
0000
FC00
FC00
0000
0000
0000
0000
0000
0000
0000
ENDCHAR
STARTCHAR uni2579
ENCODING 9593
SWIDTH 576 0
DWIDTH 9 0
BBX 9 15 0 -3
BITMAP
0C00
0C00
0C00
0C00
0C00
0C00
0C00
0C00
0000
0000
0000
0000
0000
0000
0000
ENDCHAR
STARTCHAR uni257A
ENCODING 9594
SWIDTH 576 0
DWIDTH 9 0
BBX 9 15 0 -3
BITMAP
0000
0000
0000
0000
0000
0000
0F80
0F80
0000
0000
0000
0000
0000
0000
0000
ENDCHAR
STARTCHAR uni257B
ENCODING 9595
SWIDTH 576 0
DWIDTH 9 0
BBX 9 15 0 -3
BITMAP
0000
0000
0000
0000
0000
0000
0C00
0C00
0C00
0C00
0C00
0C00
0C00
0C00
0C00
ENDCHAR
STARTCHAR uni257C
ENCODING 9596
SWIDTH 576 0
DWIDTH 9 0
BBX 9 15 0 -3
BITMAP
0000
0000
0000
0000
0000
0000
0F80
FF80
0000
0000
0000
0000
0000
0000
0000
ENDCHAR
STARTCHAR uni257D
ENCODING 9597
SWIDTH 576 0
DWIDTH 9 0
BBX 9 15 0 -3
BITMAP
0800
0800
0800
0800
0800
0800
0C00
0C00
0C00
0C00
0C00
0C00
0C00
0C00
0C00
ENDCHAR
STARTCHAR uni257E
ENCODING 9598
SWIDTH 576 0
DWIDTH 9 0
BBX 9 15 0 -3
BITMAP
0000
0000
0000
0000
0000
0000
F800
FF80
0000
0000
0000
0000
0000
0000
0000
ENDCHAR
STARTCHAR uni257F
ENCODING 9599
SWIDTH 576 0
DWIDTH 9 0
BBX 9 15 0 -3
BITMAP
0C00
0C00
0C00
0C00
0C00
0C00
0C00
0C00
0800
0800
0800
0800
0800
0800
0800
ENDCHAR
STARTCHAR upblock
ENCODING 9600
SWIDTH 576 0
DWIDTH 9 0
BBX 9 15 0 -3
BITMAP
FF80
FF80
FF80
FF80
FF80
FF80
FF80
0000
0000
0000
0000
0000
0000
0000
0000
ENDCHAR
STARTCHAR uni2581
ENCODING 9601
SWIDTH 576 0
DWIDTH 9 0
BBX 9 15 0 -3
BITMAP
0000
0000
0000
0000
0000
0000
0000
0000
0000
0000
0000
0000
0000
FF80
FF80
ENDCHAR
STARTCHAR uni2582
ENCODING 9602
SWIDTH 576 0
DWIDTH 9 0
BBX 9 15 0 -3
BITMAP
0000
0000
0000
0000
0000
0000
0000
0000
0000
0000
0000
FF80
FF80
FF80
FF80
ENDCHAR
STARTCHAR uni2583
ENCODING 9603
SWIDTH 576 0
DWIDTH 9 0
BBX 9 15 0 -3
BITMAP
0000
0000
0000
0000
0000
0000
0000
0000
0000
FF80
FF80
FF80
FF80
FF80
FF80
ENDCHAR
STARTCHAR dnblock
ENCODING 9604
SWIDTH 576 0
DWIDTH 9 0
BBX 9 15 0 -3
BITMAP
0000
0000
0000
0000
0000
0000
0000
FF80
FF80
FF80
FF80
FF80
FF80
FF80
FF80
ENDCHAR
STARTCHAR uni2585
ENCODING 9605
SWIDTH 576 0
DWIDTH 9 0
BBX 9 15 0 -3
BITMAP
0000
0000
0000
0000
0000
0000
FF80
FF80
FF80
FF80
FF80
FF80
FF80
FF80
FF80
ENDCHAR
STARTCHAR uni2586
ENCODING 9606
SWIDTH 576 0
DWIDTH 9 0
BBX 9 15 0 -3
BITMAP
0000
0000
0000
0000
FF80
FF80
FF80
FF80
FF80
FF80
FF80
FF80
FF80
FF80
FF80
ENDCHAR
STARTCHAR uni2587
ENCODING 9607
SWIDTH 576 0
DWIDTH 9 0
BBX 9 15 0 -3
BITMAP
0000
0000
FF80
FF80
FF80
FF80
FF80
FF80
FF80
FF80
FF80
FF80
FF80
FF80
FF80
ENDCHAR
STARTCHAR block
ENCODING 9608
SWIDTH 576 0
DWIDTH 9 0
BBX 9 15 0 -3
BITMAP
FF80
FF80
FF80
FF80
FF80
FF80
FF80
FF80
FF80
FF80
FF80
FF80
FF80
FF80
FF80
ENDCHAR
STARTCHAR uni2589
ENCODING 9609
SWIDTH 576 0
DWIDTH 9 0
BBX 9 15 0 -3
BITMAP
FF00
FF00
FF00
FF00
FF00
FF00
FF00
FF00
FF00
FF00
FF00
FF00
FF00
FF00
FF00
ENDCHAR
STARTCHAR uni258A
ENCODING 9610
SWIDTH 576 0
DWIDTH 9 0
BBX 9 15 0 -3
BITMAP
FE00
FE00
FE00
FE00
FE00
FE00
FE00
FE00
FE00
FE00
FE00
FE00
FE00
FE00
FE00
ENDCHAR
STARTCHAR uni258B
ENCODING 9611
SWIDTH 576 0
DWIDTH 9 0
BBX 9 15 0 -3
BITMAP
FC00
FC00
FC00
FC00
FC00
FC00
FC00
FC00
FC00
FC00
FC00
FC00
FC00
FC00
FC00
ENDCHAR
STARTCHAR lfblock
ENCODING 9612
SWIDTH 576 0
DWIDTH 9 0
BBX 9 15 0 -3
BITMAP
F800
F800
F800
F800
F800
F800
F800
F800
F800
F800
F800
F800
F800
F800
F800
ENDCHAR
STARTCHAR uni258D
ENCODING 9613
SWIDTH 576 0
DWIDTH 9 0
BBX 9 15 0 -3
BITMAP
E000
E000
E000
E000
E000
E000
E000
E000
E000
E000
E000
E000
E000
E000
E000
ENDCHAR
STARTCHAR uni258E
ENCODING 9614
SWIDTH 576 0
DWIDTH 9 0
BBX 9 15 0 -3
BITMAP
C000
C000
C000
C000
C000
C000
C000
C000
C000
C000
C000
C000
C000
C000
C000
ENDCHAR
STARTCHAR uni258F
ENCODING 9615
SWIDTH 576 0
DWIDTH 9 0
BBX 9 15 0 -3
BITMAP
8000
8000
8000
8000
8000
8000
8000
8000
8000
8000
8000
8000
8000
8000
8000
ENDCHAR
STARTCHAR rtblock
ENCODING 9616
SWIDTH 576 0
DWIDTH 9 0
BBX 9 15 0 -3
BITMAP
0780
0780
0780
0780
0780
0780
0780
0780
0780
0780
0780
0780
0780
0780
0780
ENDCHAR
STARTCHAR ltshade
ENCODING 9617
SWIDTH 576 0
DWIDTH 9 0
BBX 9 15 0 -3
BITMAP
AA80
0000
5500
0000
AA80
0000
5500
0000
AA80
0000
5500
0000
AA80
0000
5500
ENDCHAR
STARTCHAR shade
ENCODING 9618
SWIDTH 576 0
DWIDTH 9 0
BBX 9 15 0 -3
BITMAP
AA80
5500
AA80
5500
AA80
5500
AA80
5500
AA80
5500
AA80
5500
AA80
5500
AA80
ENDCHAR
STARTCHAR dkshade
ENCODING 9619
SWIDTH 576 0
DWIDTH 9 0
BBX 9 15 0 -3
BITMAP
FF80
5500
FF80
AA80
FF80
5500
FF80
AA80
FF80
5500
FF80
AA80
FF80
5500
FF80
ENDCHAR
STARTCHAR uni2594
ENCODING 9620
SWIDTH 576 0
DWIDTH 9 0
BBX 9 15 0 -3
BITMAP
FF80
FF80
0000
0000
0000
0000
0000
0000
0000
0000
0000
0000
0000
0000
0000
ENDCHAR
STARTCHAR uni2595
ENCODING 9621
SWIDTH 576 0
DWIDTH 9 0
BBX 9 15 0 -3
BITMAP
0080
0080
0080
0080
0080
0080
0080
0080
0080
0080
0080
0080
0080
0080
0080
ENDCHAR
STARTCHAR uni2596
ENCODING 9622
SWIDTH 576 0
DWIDTH 9 0
BBX 9 15 0 -3
BITMAP
0000
0000
0000
0000
0000
0000
0000
F800
F800
F800
F800
F800
F800
F800
F800
ENDCHAR
STARTCHAR uni2597
ENCODING 9623
SWIDTH 576 0
DWIDTH 9 0
BBX 9 15 0 -3
BITMAP
0000
0000
0000
0000
0000
0000
0000
0780
0780
0780
0780
0780
0780
0780
0780
ENDCHAR
STARTCHAR uni2598
ENCODING 9624
SWIDTH 576 0
DWIDTH 9 0
BBX 9 15 0 -3
BITMAP
F800
F800
F800
F800
F800
F800
F800
0000
0000
0000
0000
0000
0000
0000
0000
ENDCHAR
STARTCHAR uni2599
ENCODING 9625
SWIDTH 576 0
DWIDTH 9 0
BBX 9 15 0 -3
BITMAP
F800
F800
F800
F800
F800
F800
F800
FF80
FF80
FF80
FF80
FF80
FF80
FF80
FF80
ENDCHAR
STARTCHAR uni259A
ENCODING 9626
SWIDTH 576 0
DWIDTH 9 0
BBX 9 15 0 -3
BITMAP
F800
F800
F800
F800
F800
F800
F800
0780
0780
0780
0780
0780
0780
0780
0780
ENDCHAR
STARTCHAR uni259B
ENCODING 9627
SWIDTH 576 0
DWIDTH 9 0
BBX 9 15 0 -3
BITMAP
FF80
FF80
FF80
FF80
FF80
FF80
FF80
F800
F800
F800
F800
F800
F800
F800
F800
ENDCHAR
STARTCHAR uni259C
ENCODING 9628
SWIDTH 576 0
DWIDTH 9 0
BBX 9 15 0 -3
BITMAP
FF80
FF80
FF80
FF80
FF80
FF80
FF80
0780
0780
0780
0780
0780
0780
0780
0780
ENDCHAR
STARTCHAR uni259D
ENCODING 9629
SWIDTH 576 0
DWIDTH 9 0
BBX 9 15 0 -3
BITMAP
0780
0780
0780
0780
0780
0780
0780
0000
0000
0000
0000
0000
0000
0000
0000
ENDCHAR
STARTCHAR uni259E
ENCODING 9630
SWIDTH 576 0
DWIDTH 9 0
BBX 9 15 0 -3
BITMAP
0780
0780
0780
0780
0780
0780
0780
F800
F800
F800
F800
F800
F800
F800
F800
ENDCHAR
STARTCHAR uni259F
ENCODING 9631
SWIDTH 576 0
DWIDTH 9 0
BBX 9 15 0 -3
BITMAP
0780
0780
0780
0780
0780
0780
0780
FF80
FF80
FF80
FF80
FF80
FF80
FF80
FF80
ENDCHAR
STARTCHAR filledbox
ENCODING 9632
SWIDTH 576 0
DWIDTH 9 0
BBX 9 15 0 -3
BITMAP
0000
0000
0000
0000
7F00
7F00
7F00
7F00
7F00
7F00
7F00
0000
0000
0000
0000
ENDCHAR
STARTCHAR H22073
ENCODING 9633
SWIDTH 576 0
DWIDTH 9 0
BBX 9 15 0 -3
BITMAP
0000
0000
0000
0000
7F00
4100
4100
4100
4100
4100
7F00
0000
0000
0000
0000
ENDCHAR
STARTCHAR uni25A2
ENCODING 9634
SWIDTH 576 0
DWIDTH 9 0
BBX 9 15 0 -3
BITMAP
0000
0000
0000
0000
3E00
4100
4100
4100
4100
4100
3E00
0000
0000
0000
0000
ENDCHAR
STARTCHAR uni25A3
ENCODING 9635
SWIDTH 576 0
DWIDTH 9 0
BBX 9 15 0 -3
BITMAP
0000
0000
0000
0000
7F00
4100
5D00
5D00
5D00
4100
7F00
0000
0000
0000
0000
ENDCHAR
STARTCHAR uni25A4
ENCODING 9636
SWIDTH 576 0
DWIDTH 9 0
BBX 9 15 0 -3
BITMAP
0000
0000
0000
0000
7F00
4100
7F00
4100
7F00
4100
7F00
0000
0000
0000
0000
ENDCHAR
STARTCHAR uni25A5
ENCODING 9637
SWIDTH 576 0
DWIDTH 9 0
BBX 9 15 0 -3
BITMAP
0000
0000
0000
0000
7F00
5500
5500
5500
5500
5500
7F00
0000
0000
0000
0000
ENDCHAR
STARTCHAR uni25A6
ENCODING 9638
SWIDTH 576 0
DWIDTH 9 0
BBX 9 15 0 -3
BITMAP
0000
0000
0000
0000
7F00
5500
7F00
5500
7F00
5500
7F00
0000
0000
0000
0000
ENDCHAR
STARTCHAR uni25A7
ENCODING 9639
SWIDTH 576 0
DWIDTH 9 0
BBX 9 15 0 -3
BITMAP
0000
0000
0000
0000
7F00
4900
4500
6300
5100
4900
7F00
0000
0000
0000
0000
ENDCHAR
STARTCHAR uni25A8
ENCODING 9640
SWIDTH 576 0
DWIDTH 9 0
BBX 9 15 0 -3
BITMAP
0000
0000
0000
0000
7F00
4900
5100
6300
4500
4900
7F00
0000
0000
0000
0000
ENDCHAR
STARTCHAR uni25A9
ENCODING 9641
SWIDTH 576 0
DWIDTH 9 0
BBX 9 15 0 -3
BITMAP
0000
0000
0000
0000
7F00
6B00
4500
6B00
5100
6B00
7F00
0000
0000
0000
0000
ENDCHAR
STARTCHAR H18543
ENCODING 9642
SWIDTH 576 0
DWIDTH 9 0
BBX 9 15 0 -3
BITMAP
0000
0000
0000
0000
0000
0000
1C00
1C00
1C00
0000
0000
0000
0000
0000
0000
ENDCHAR
STARTCHAR H18551
ENCODING 9643
SWIDTH 576 0
DWIDTH 9 0
BBX 9 15 0 -3
BITMAP
0000
0000
0000
0000
0000
0000
1C00
1400
1C00
0000
0000
0000
0000
0000
0000
ENDCHAR
STARTCHAR filledrect
ENCODING 9644
SWIDTH 576 0
DWIDTH 9 0
BBX 9 15 0 -3
BITMAP
0000
0000
0000
0000
0000
FF80
FF80
FF80
FF80
FF80
0000
0000
0000
0000
0000
ENDCHAR
STARTCHAR uni25AD
ENCODING 9645
SWIDTH 576 0
DWIDTH 9 0
BBX 9 15 0 -3
BITMAP
0000
0000
0000
0000
0000
FF80
8080
8080
8080
FF80
0000
0000
0000
0000
0000
ENDCHAR
STARTCHAR uni25AE
ENCODING 9646
SWIDTH 576 0
DWIDTH 9 0
BBX 9 15 0 -3
BITMAP
0000
0000
0000
3E00
3E00
3E00
3E00
3E00
3E00
3E00
3E00
3E00
0000
0000
0000
ENDCHAR
STARTCHAR uni25AF
ENCODING 9647
SWIDTH 576 0
DWIDTH 9 0
BBX 9 15 0 -3
BITMAP
0000
0000
0000
3E00
2200
2200
2200
2200
2200
2200
2200
3E00
0000
0000
0000
ENDCHAR
STARTCHAR uni25B0
ENCODING 9648
SWIDTH 576 0
DWIDTH 9 0
BBX 9 15 0 -3
BITMAP
0000
0000
0000
0000
0000
7F80
7F80
FF80
FF00
FF00
0000
0000
0000
0000
0000
ENDCHAR
STARTCHAR uni25B1
ENCODING 9649
SWIDTH 576 0
DWIDTH 9 0
BBX 9 15 0 -3
BITMAP
0000
0000
0000
0000
0000
7F80
4080
8080
8100
FF00
0000
0000
0000
0000
0000
ENDCHAR
STARTCHAR triagup
ENCODING 9650
SWIDTH 576 0
DWIDTH 9 0
BBX 9 15 0 -3
BITMAP
0000
0000
0800
0800
1C00
1C00
3E00
3E00
7F00
7F00
FF80
FF80
0000
0000
0000
ENDCHAR
STARTCHAR uni25B3
ENCODING 9651
SWIDTH 576 0
DWIDTH 9 0
BBX 9 15 0 -3
BITMAP
0000
0000
0800
0800
1400
1400
2200
2200
4100
4100
8080
FF80
0000
0000
0000
ENDCHAR
STARTCHAR uni25B4
ENCODING 9652
SWIDTH 576 0
DWIDTH 9 0
BBX 9 15 0 -3
BITMAP
0000
0000
0000
0000
0800
0800
1C00
1C00
3E00
3E00
7F00
0000
0000
0000
0000
ENDCHAR
STARTCHAR uni25B5
ENCODING 9653
SWIDTH 576 0
DWIDTH 9 0
BBX 9 15 0 -3
BITMAP
0000
0000
0000
0000
0800
0800
1400
1400
2200
2200
7F00
0000
0000
0000
0000
ENDCHAR
STARTCHAR uni25B6
ENCODING 9654
SWIDTH 576 0
DWIDTH 9 0
BBX 9 15 0 -3
BITMAP
0000
0000
0000
C000
F000
FC00
FF00
FF80
FF00
FC00
F000
C000
0000
0000
0000
ENDCHAR
STARTCHAR uni25B7
ENCODING 9655
SWIDTH 576 0
DWIDTH 9 0
BBX 9 15 0 -3
BITMAP
0000
0000
0000
C000
B000
8C00
8300
8080
8300
8C00
B000
C000
0000
0000
0000
ENDCHAR
STARTCHAR uni25B8
ENCODING 9656
SWIDTH 576 0
DWIDTH 9 0
BBX 9 15 0 -3
BITMAP
0000
0000
0000
0000
4000
7000
7C00
7F00
7C00
7000
4000
0000
0000
0000
0000
ENDCHAR
STARTCHAR uni25B9
ENCODING 9657
SWIDTH 576 0
DWIDTH 9 0
BBX 9 15 0 -3
BITMAP
0000
0000
0000
0000
4000
7000
4C00
4300
4C00
7000
4000
0000
0000
0000
0000
ENDCHAR
STARTCHAR triagrt
ENCODING 9658
SWIDTH 576 0
DWIDTH 9 0
BBX 9 15 0 -3
BITMAP
0000
0000
0000
0000
0000
E000
FC00
FF80
FC00
E000
0000
0000
0000
0000
0000
ENDCHAR
STARTCHAR uni25BB
ENCODING 9659
SWIDTH 576 0
DWIDTH 9 0
BBX 9 15 0 -3
BITMAP
0000
0000
0000
0000
0000
E000
9C00
8380
9C00
E000
0000
0000
0000
0000
0000
ENDCHAR
STARTCHAR triagdn
ENCODING 9660
SWIDTH 576 0
DWIDTH 9 0
BBX 9 15 0 -3
BITMAP
0000
0000
FF80
FF80
7F00
7F00
3E00
3E00
1C00
1C00
0800
0800
0000
0000
0000
ENDCHAR
STARTCHAR uni25BD
ENCODING 9661
SWIDTH 576 0
DWIDTH 9 0
BBX 9 15 0 -3
BITMAP
0000
0000
FF80
8080
4100
4100
2200
2200
1400
1400
0800
0800
0000
0000
0000
ENDCHAR
STARTCHAR uni25BE
ENCODING 9662
SWIDTH 576 0
DWIDTH 9 0
BBX 9 15 0 -3
BITMAP
0000
0000
0000
0000
7F00
3E00
3E00
1C00
1C00
0800
0800
0000
0000
0000
0000
ENDCHAR
STARTCHAR uni25BF
ENCODING 9663
SWIDTH 576 0
DWIDTH 9 0
BBX 9 15 0 -3
BITMAP
0000
0000
0000
0000
7F00
2200
2200
1400
1400
0800
0800
0000
0000
0000
0000
ENDCHAR
STARTCHAR uni25C0
ENCODING 9664
SWIDTH 576 0
DWIDTH 9 0
BBX 9 15 0 -3
BITMAP
0000
0000
0000
0180
0780
1F80
7F80
FF80
7F80
1F80
0780
0180
0000
0000
0000
ENDCHAR
STARTCHAR uni25C1
ENCODING 9665
SWIDTH 576 0
DWIDTH 9 0
BBX 9 15 0 -3
BITMAP
0000
0000
0000
0180
0680
1880
6080
8080
6080
1880
0680
0180
0000
0000
0000
ENDCHAR
STARTCHAR uni25C2
ENCODING 9666
SWIDTH 576 0
DWIDTH 9 0
BBX 9 15 0 -3
BITMAP
0000
0000
0000
0000
0100
0700
1F00
7F00
1F00
0700
0100
0000
0000
0000
0000
ENDCHAR
STARTCHAR uni25C3
ENCODING 9667
SWIDTH 576 0
DWIDTH 9 0
BBX 9 15 0 -3
BITMAP
0000
0000
0000
0000
0100
0700
1900
6100
1900
0700
0100
0000
0000
0000
0000
ENDCHAR
STARTCHAR triaglf
ENCODING 9668
SWIDTH 576 0
DWIDTH 9 0
BBX 9 15 0 -3
BITMAP
0000
0000
0000
0000
0000
0380
1F80
FF80
1F80
0380
0000
0000
0000
0000
0000
ENDCHAR
STARTCHAR uni25C5
ENCODING 9669
SWIDTH 576 0
DWIDTH 9 0
BBX 9 15 0 -3
BITMAP
0000
0000
0000
0000
0000
0380
1C80
E080
1C80
0380
0000
0000
0000
0000
0000
ENDCHAR
STARTCHAR uni25C6
ENCODING 9670
SWIDTH 576 0
DWIDTH 9 0
BBX 9 15 0 -3
BITMAP
0000
0000
0000
0800
1C00
3E00
7F00
FF80
7F00
3E00
1C00
0800
0000
0000
0000
ENDCHAR
STARTCHAR uni25C7
ENCODING 9671
SWIDTH 576 0
DWIDTH 9 0
BBX 9 15 0 -3
BITMAP
0000
0000
0000
0800
1400
2200
4100
8080
4100
2200
1400
0800
0000
0000
0000
ENDCHAR
STARTCHAR uni25C8
ENCODING 9672
SWIDTH 576 0
DWIDTH 9 0
BBX 9 15 0 -3
BITMAP
0000
0000
0000
0800
1400
2200
4900
9C80
4900
2200
1400
0800
0000
0000
0000
ENDCHAR
STARTCHAR uni25C9
ENCODING 9673
SWIDTH 576 0
DWIDTH 9 0
BBX 9 15 0 -3
BITMAP
0000
0000
0000
0000
1C00
2200
4900
5D00
4900
2200
1C00
0000
0000
0000
0000
ENDCHAR
STARTCHAR lozenge
ENCODING 9674
SWIDTH 576 0
DWIDTH 9 0
BBX 9 15 0 -3
BITMAP
0000
0000
0000
0800
0800
1400
1400
2200
1400
1400
0800
0800
0000
0000
0000
ENDCHAR
STARTCHAR circle
ENCODING 9675
SWIDTH 576 0
DWIDTH 9 0
BBX 9 15 0 -3
BITMAP
0000
0000
0000
0000
1C00
2200
4100
4100
4100
2200
1C00
0000
0000
0000
0000
ENDCHAR
STARTCHAR uni25CC
ENCODING 9676
SWIDTH 576 0
DWIDTH 9 0
BBX 9 15 0 -3
BITMAP
0000
0000
0000
0000
0800
2200
0000
4100
0000
2200
0800
0000
0000
0000
0000
ENDCHAR
STARTCHAR uni25CD
ENCODING 9677
SWIDTH 576 0
DWIDTH 9 0
BBX 9 15 0 -3
BITMAP
0000
0000
0000
0000
1C00
3600
5500
5500
5500
3600
1C00
0000
0000
0000
0000
ENDCHAR
STARTCHAR uni25CE
ENCODING 9678
SWIDTH 576 0
DWIDTH 9 0
BBX 9 15 0 -3
BITMAP
0000
0000
0000
0000
1C00
2200
4900
5500
4900
2200
1C00
0000
0000
0000
0000
ENDCHAR
STARTCHAR H18533
ENCODING 9679
SWIDTH 576 0
DWIDTH 9 0
BBX 9 15 0 -3
BITMAP
0000
0000
0000
0000
1C00
3E00
7F00
7F00
7F00
3E00
1C00
0000
0000
0000
0000
ENDCHAR
STARTCHAR uni25D0
ENCODING 9680
SWIDTH 576 0
DWIDTH 9 0
BBX 9 15 0 -3
BITMAP
0000
0000
0000
0000
1C00
3A00
7900
7900
7900
3A00
1C00
0000
0000
0000
0000
ENDCHAR
STARTCHAR uni25D1
ENCODING 9681
SWIDTH 576 0
DWIDTH 9 0
BBX 9 15 0 -3
BITMAP
0000
0000
0000
0000
1C00
2E00
4F00
4F00
4F00
2E00
1C00
0000
0000
0000
0000
ENDCHAR
STARTCHAR uni25D2
ENCODING 9682
SWIDTH 576 0
DWIDTH 9 0
BBX 9 15 0 -3
BITMAP
0000
0000
0000
0000
1C00
2200
4100
7F00
7F00
3E00
1C00
0000
0000
0000
0000
ENDCHAR
STARTCHAR uni25D3
ENCODING 9683
SWIDTH 576 0
DWIDTH 9 0
BBX 9 15 0 -3
BITMAP
0000
0000
0000
0000
1C00
3E00
7F00
7F00
4100
2200
1C00
0000
0000
0000
0000
ENDCHAR
STARTCHAR uni25D4
ENCODING 9684
SWIDTH 576 0
DWIDTH 9 0
BBX 9 15 0 -3
BITMAP
0000
0000
0000
0000
1C00
2E00
4F00
4F00
4100
2200
1C00
0000
0000
0000
0000
ENDCHAR
STARTCHAR uni25D5
ENCODING 9685
SWIDTH 576 0
DWIDTH 9 0
BBX 9 15 0 -3
BITMAP
0000
0000
0000
0000
1C00
2E00
4F00
7F00
7F00
3E00
1C00
0000
0000
0000
0000
ENDCHAR
STARTCHAR uni25D6
ENCODING 9686
SWIDTH 576 0
DWIDTH 9 0
BBX 9 15 0 -3
BITMAP
0000
0000
0000
0000
1800
3800
7800
7800
7800
3800
1800
0000
0000
0000
0000
ENDCHAR
STARTCHAR uni25D7
ENCODING 9687
SWIDTH 576 0
DWIDTH 9 0
BBX 9 15 0 -3
BITMAP
0000
0000
0000
0000
0C00
0E00
0F00
0F00
0F00
0E00
0C00
0000
0000
0000
0000
ENDCHAR
STARTCHAR invbullet
ENCODING 9688
SWIDTH 576 0
DWIDTH 9 0
BBX 9 15 0 -3
BITMAP
FF80
FF80
FF80
FF80
FF80
E380
C180
C180
C180
E380
FF80
FF80
FF80
FF80
FF80
ENDCHAR
STARTCHAR invcircle
ENCODING 9689
SWIDTH 576 0
DWIDTH 9 0
BBX 9 15 0 -3
BITMAP
FF80
FF80
FF80
FF80
E380
DD80
BE80
BE80
BE80
DD80
E380
FF80
FF80
FF80
FF80
ENDCHAR
STARTCHAR uni25DA
ENCODING 9690
SWIDTH 576 0
DWIDTH 9 0
BBX 9 15 0 -3
BITMAP
FF80
FF80
FF80
FF80
E380
DD80
BE80
BE80
0000
0000
0000
0000
0000
0000
0000
ENDCHAR
STARTCHAR uni25DB
ENCODING 9691
SWIDTH 576 0
DWIDTH 9 0
BBX 9 15 0 -3
BITMAP
0000
0000
0000
0000
0000
0000
0000
BE80
BE80
DD80
E380
FF80
FF80
FF80
FF80
ENDCHAR
STARTCHAR uni25DC
ENCODING 9692
SWIDTH 576 0
DWIDTH 9 0
BBX 9 15 0 -3
BITMAP
0000
0000
0000
0000
1800
2000
4000
4000
0000
0000
0000
0000
0000
0000
0000
ENDCHAR
STARTCHAR uni25DD
ENCODING 9693
SWIDTH 576 0
DWIDTH 9 0
BBX 9 15 0 -3
BITMAP
0000
0000
0000
0000
0C00
0200
0100
0100
0000
0000
0000
0000
0000
0000
0000
ENDCHAR
STARTCHAR uni25DE
ENCODING 9694
SWIDTH 576 0
DWIDTH 9 0
BBX 9 15 0 -3
BITMAP
0000
0000
0000
0000
0000
0000
0000
0100
0100
0200
0C00
0000
0000
0000
0000
ENDCHAR
STARTCHAR uni25DF
ENCODING 9695
SWIDTH 576 0
DWIDTH 9 0
BBX 9 15 0 -3
BITMAP
0000
0000
0000
0000
0000
0000
0000
4000
4000
2000
1800
0000
0000
0000
0000
ENDCHAR
STARTCHAR uni25E0
ENCODING 9696
SWIDTH 576 0
DWIDTH 9 0
BBX 9 15 0 -3
BITMAP
0000
0000
0000
0000
1C00
2200
4100
4100
0000
0000
0000
0000
0000
0000
0000
ENDCHAR
STARTCHAR uni25E1
ENCODING 9697
SWIDTH 576 0
DWIDTH 9 0
BBX 9 15 0 -3
BITMAP
0000
0000
0000
0000
0000
0000
0000
4100
4100
2200
1C00
0000
0000
0000
0000
ENDCHAR
STARTCHAR uni25E2
ENCODING 9698
SWIDTH 576 0
DWIDTH 9 0
BBX 9 15 0 -3
BITMAP
0000
0000
0000
0000
0100
0300
0700
0F00
1F00
3F00
7F00
0000
0000
0000
0000
ENDCHAR
STARTCHAR uni25E3
ENCODING 9699
SWIDTH 576 0
DWIDTH 9 0
BBX 9 15 0 -3
BITMAP
0000
0000
0000
0000
4000
6000
7000
7800
7C00
7E00
7F00
0000
0000
0000
0000
ENDCHAR
STARTCHAR uni25E4
ENCODING 9700
SWIDTH 576 0
DWIDTH 9 0
BBX 9 15 0 -3
BITMAP
0000
0000
0000
0000
7F00
7E00
7C00
7800
7000
6000
4000
0000
0000
0000
0000
ENDCHAR
STARTCHAR uni25E5
ENCODING 9701
SWIDTH 576 0
DWIDTH 9 0
BBX 9 15 0 -3
BITMAP
0000
0000
0000
0000
7F00
3F00
1F00
0F00
0700
0300
0100
0000
0000
0000
0000
ENDCHAR
STARTCHAR openbullet
ENCODING 9702
SWIDTH 576 0
DWIDTH 9 0
BBX 9 15 0 -3
BITMAP
0000
0000
0000
0000
0000
1C00
2200
2200
2200
1C00
0000
0000
0000
0000
0000
ENDCHAR
STARTCHAR uni25E7
ENCODING 9703
SWIDTH 576 0
DWIDTH 9 0
BBX 9 15 0 -3
BITMAP
0000
0000
0000
0000
7F00
7900
7900
7900
7900
7900
7F00
0000
0000
0000
0000
ENDCHAR
STARTCHAR uni25E8
ENCODING 9704
SWIDTH 576 0
DWIDTH 9 0
BBX 9 15 0 -3
BITMAP
0000
0000
0000
0000
7F00
4F00
4F00
4F00
4F00
4F00
7F00
0000
0000
0000
0000
ENDCHAR
STARTCHAR uni25E9
ENCODING 9705
SWIDTH 576 0
DWIDTH 9 0
BBX 9 15 0 -3
BITMAP
0000
0000
0000
0000
7F00
7F00
7D00
7900
7100
6100
7F00
0000
0000
0000
0000
ENDCHAR
STARTCHAR uni25EA
ENCODING 9706
SWIDTH 576 0
DWIDTH 9 0
BBX 9 15 0 -3
BITMAP
0000
0000
0000
0000
7F00
4300
4700
4F00
5F00
7F00
7F00
0000
0000
0000
0000
ENDCHAR
STARTCHAR uni25EB
ENCODING 9707
SWIDTH 576 0
DWIDTH 9 0
BBX 9 15 0 -3
BITMAP
0000
0000
0000
0000
7F00
4900
4900
4900
4900
4900
7F00
0000
0000
0000
0000
ENDCHAR
STARTCHAR uni25EC
ENCODING 9708
SWIDTH 576 0
DWIDTH 9 0
BBX 9 15 0 -3
BITMAP
0000
0000
0800
0800
1400
1400
2200
2A00
5D00
4900
8080
FF80
0000
0000
0000
ENDCHAR
STARTCHAR uni25ED
ENCODING 9709
SWIDTH 576 0
DWIDTH 9 0
BBX 9 15 0 -3
BITMAP
0000
0000
0800
0800
1C00
1C00
3A00
3A00
7900
7900
F880
FF80
0000
0000
0000
ENDCHAR
STARTCHAR uni25EE
ENCODING 9710
SWIDTH 576 0
DWIDTH 9 0
BBX 9 15 0 -3
BITMAP
0000
0000
0800
0800
1C00
1C00
2E00
2E00
4F00
4F00
8F80
FF80
0000
0000
0000
ENDCHAR
STARTCHAR uni25EF
ENCODING 9711
SWIDTH 576 0
DWIDTH 9 0
BBX 9 15 0 -3
BITMAP
0000
0000
0000
3E00
4100
8080
8080
8080
8080
8080
4100
3E00
0000
0000
0000
ENDCHAR
STARTCHAR uni25F0
ENCODING 9712
SWIDTH 576 0
DWIDTH 9 0
BBX 9 15 0 -3
BITMAP
0000
0000
0000
0000
7F00
4900
4900
7900
4100
4100
7F00
0000
0000
0000
0000
ENDCHAR
STARTCHAR uni25F1
ENCODING 9713
SWIDTH 576 0
DWIDTH 9 0
BBX 9 15 0 -3
BITMAP
0000
0000
0000
0000
7F00
4100
4100
7900
4900
4900
7F00
0000
0000
0000
0000
ENDCHAR
STARTCHAR uni25F2
ENCODING 9714
SWIDTH 576 0
DWIDTH 9 0
BBX 9 15 0 -3
BITMAP
0000
0000
0000
0000
7F00
4100
4100
4F00
4900
4900
7F00
0000
0000
0000
0000
ENDCHAR
STARTCHAR uni25F3
ENCODING 9715
SWIDTH 576 0
DWIDTH 9 0
BBX 9 15 0 -3
BITMAP
0000
0000
0000
0000
7F00
4900
4900
4F00
4100
4100
7F00
0000
0000
0000
0000
ENDCHAR
STARTCHAR uni25F4
ENCODING 9716
SWIDTH 576 0
DWIDTH 9 0
BBX 9 15 0 -3
BITMAP
0000
0000
0000
0000
3E00
4900
4900
7900
4100
4100
3E00
0000
0000
0000
0000
ENDCHAR
STARTCHAR uni25F5
ENCODING 9717
SWIDTH 576 0
DWIDTH 9 0
BBX 9 15 0 -3
BITMAP
0000
0000
0000
0000
3E00
4100
4100
7900
4900
4900
3E00
0000
0000
0000
0000
ENDCHAR
STARTCHAR uni25F6
ENCODING 9718
SWIDTH 576 0
DWIDTH 9 0
BBX 9 15 0 -3
BITMAP
0000
0000
0000
0000
3E00
4100
4100
4F00
4900
4900
3E00
0000
0000
0000
0000
ENDCHAR
STARTCHAR uni25F7
ENCODING 9719
SWIDTH 576 0
DWIDTH 9 0
BBX 9 15 0 -3
BITMAP
0000
0000
0000
0000
3E00
4900
4900
4F00
4100
4100
3E00
0000
0000
0000
0000
ENDCHAR
STARTCHAR uni25F8
ENCODING 9720
SWIDTH 576 0
DWIDTH 9 0
BBX 9 15 0 -3
BITMAP
0000
0000
0000
0000
0000
7E00
4400
4800
5000
6000
4000
0000
0000
0000
0000
ENDCHAR
STARTCHAR uni25F9
ENCODING 9721
SWIDTH 576 0
DWIDTH 9 0
BBX 9 15 0 -3
BITMAP
0000
0000
0000
0000
0000
7E00
2200
1200
0A00
0600
0200
0000
0000
0000
0000
ENDCHAR
STARTCHAR uni25FA
ENCODING 9722
SWIDTH 576 0
DWIDTH 9 0
BBX 9 15 0 -3
BITMAP
0000
0000
0000
0000
0000
4000
6000
5000
4800
4400
7E00
0000
0000
0000
0000
ENDCHAR
STARTCHAR uni25FB
ENCODING 9723
SWIDTH 576 0
DWIDTH 9 0
BBX 9 15 0 -3
BITMAP
0000
0000
0000
0000
0000
7E00
4200
4200
4200
4200
7E00
0000
0000
0000
0000
ENDCHAR
STARTCHAR uni25FC
ENCODING 9724
SWIDTH 576 0
DWIDTH 9 0
BBX 9 15 0 -3
BITMAP
0000
0000
0000
0000
0000
7E00
7E00
7E00
7E00
7E00
7E00
0000
0000
0000
0000
ENDCHAR
STARTCHAR uni25FD
ENCODING 9725
SWIDTH 576 0
DWIDTH 9 0
BBX 9 15 0 -3
BITMAP
0000
0000
0000
0000
0000
0000
3E00
2200
2200
2200
3E00
0000
0000
0000
0000
ENDCHAR
STARTCHAR uni25FE
ENCODING 9726
SWIDTH 576 0
DWIDTH 9 0
BBX 9 15 0 -3
BITMAP
0000
0000
0000
0000
0000
0000
3E00
3E00
3E00
3E00
3E00
0000
0000
0000
0000
ENDCHAR
STARTCHAR uni25FF
ENCODING 9727
SWIDTH 576 0
DWIDTH 9 0
BBX 9 15 0 -3
BITMAP
0000
0000
0000
0000
0000
0200
0600
0A00
1200
2200
7E00
0000
0000
0000
0000
ENDCHAR
ENDFONT
